poll_id,pollster_id,pollster,sponsor_ids,sponsors,display_name,pollster_rating_id,pollster_rating_name,numeric_grade,pollscore,methodology,transparency_score,state,start_date,end_date,sponsor_candidate_id,sponsor_candidate,sponsor_candidate_party,question_id,sample_size,population,subpopulation,population_full,tracking,created_at,notes,url,url_article,url_topline,url_crosstab,source,internal,partisan,politician,politician_id,yes,no,alternate_answers
6459338e-c8b3-4df1-a301-756175d46e4f,d7661595-0345-4bf2-b37b-f8fa234d783c,Pew Research Center,,,Pew Research Center,253,Pew Research Center,,,Live Phone/Probability Panel,,US,4/20/26,4/26/26,,,,985b9199-65fb-4318-8aa6-9ccffc3b35cb,5026,a,,a,,5/1/26 12:15,,https://www.pewresearch.org/short-reads/2026/05/01/americans-remain-critical-of-trump-administrations-approach-to-iran/,,,,,,,Donald Trump,,34,64,3
f00aece2-09ef-4d62-a48f-457aaf650e94,e2e08257-41fa-4956-ba29-b83cf7163c09,ActiVote,,,ActiVote,721,ActiVote,,,App Panel,,US,4/1/26,4/30/26,,,,17c2e3a1-2a2b-486d-bc21-e225db1cb9fb,636,rv,,rv,,5/1/26 11:10,,https://www.activote.net/trumps-approval-below-40/,,,,,,,Donald Trump,,39.5,55.9,4.6
f061083a-71f8-4ddf-8d67-f3ec0b604694,ae31ea8f-0d54-476d-ab98-61b258a0a986,RMG Research,62ca8b2a-418d-46f9-8c64-1f4a14ba3a80,Napolitan News Service,RMG Research,555,RMG Research,,,,,US,4/22/26,4/30/26,,,,e6553092-0a0a-4c59-9705-f3aac3d64013,3000,rv,,rv,,5/1/26 9:02,,https://napolitannews.org/assets/pdfs/69f4a20a42385-gcm26-0429-toplines-trump-job-approval.pdf,,,,,,,Donald Trump,,42,57,2
0a0f0269-28d9-4b80-93aa-a68e297543c5,312f97da-ebc5-446e-8856-cdded6ea1251,Big Data Poll,b519a86f-dbb8-46a2-8215-6abb6f6f389d,Public Polling Project,Big Data Poll,251,Big Data Poll,,,,,US,4/25/26,4/28/26,,,,9dd98170-b3ab-4259-8695-661c8b39da5d,3176,rv,,rv,,4/30/26 11:53,,https://www.bigdatapoll.com/blog/national-mood-worsens-for-republicans-in-april-2026-national-poll/,,,,,,,Donald Trump,,39.6,56.9,3.5
0a0f0269-28d9-4b80-93aa-a68e297543c5,312f97da-ebc5-446e-8856-cdded6ea1251,Big Data Poll,b519a86f-dbb8-46a2-8215-6abb6f6f389d,Public Polling Project,Big Data Poll,251,Big Data Poll,,,,,US,4/25/26,4/28/26,,,,fb06e890-7c30-436d-ad8b-a49dc8a443b1,2874,lv,,lv,,4/30/26 11:53,,https://www.bigdatapoll.com/blog/national-mood-worsens-for-republicans-in-april-2026-national-poll/,,,,,,,Donald Trump,,40.7,56.9,2.4
ed64d566-2044-4cc5-b8a7-74dece09873a,7af36d36-6e24-41ad-9c51-b6de9ff0edb2,Leger,,,Leger,572,Leger,,,Nonprobability Panel,,US,4/17/26,4/20/26,,,,00468446-cabb-4cdc-b78b-63056b0f5149,1004,a,,a,,4/29/26 11:34,,https://leger360.com/us-politics-and-public-sentiment-trends-from-the-april-2026-survey-of-americans/,,,,,,,Donald Trump,,36,53,11
520716cd-d0d2-4b0c-8d7a-7280c508b493,72908461-a4cf-42da-9ef4-f4299cc7b9d8,Navigator Research,,,Navigator Research,413,Global Strategy Group/GBAO (Navigator Research),,,Nonprobability Panel,,US,4/23/26,4/27/26,,,,6f5aa193-581f-4af3-9efc-303765cc17ef,1000,rv,,rv,,4/29/26 9:31,,https://navigatorresearch.org/two-months-later-most-americans-dont-think-trumps-war-with-iran-is-worth-it-and-see-no-end-in-sight/,,,,,,,Donald Trump,,40,58,2
258b1102-00ba-4976-ab5d-acbfc045c141,fd91b31c-8953-44da-bfb5-fc15fadb2f5e,The Argument/Verasight,,,The Argument/Verasight,,,,,,,US,4/20/26,4/23/26,,,,476d99c4-0dec-4765-9a4a-8d97687a7c2b,1516,rv,,rv,,4/29/26 8:49,,https://www.theargumentmag.com/p/why-democrats-cant-win-more-trump,,,,,,,Donald Trump,,39,60,2
6ff04347-da0f-45f7-9feb-590ccf5b4754,adedfb3e-f4d9-4121-ae17-125b39b27da3,InsiderAdvantage,,,InsiderAdvantage,243,InsiderAdvantage,,,,,US,4/26/26,4/27/26,,,,ba477afc-3dee-4acc-82f8-36751d574782,800,lv,,lv,,4/29/26 8:05,,https://insideradvantage.com/insideradvantage-national-survey-trump-job-approval-bouncing-back-approve-44-disapprove-49/,,,,,,,Donald Trump,,44.1,49,6.9
08c32cf7-150c-44e2-bd7b-23486beba603,7485e3b7-8959-43d7-985f-95417076d068,Emerson College,,,Emerson College,88,Emerson College,,,Probability Panel/Nonprobability Panel/Text-to-Web,,US,4/24/26,4/26/26,,,,61396431-d8e5-4c6a-a952-5f88fc98b817,1000,lv,,lv,,4/29/26 8:02,,https://emersoncollegepolling.com/april-2026-national-poll/,,,,,,,Donald Trump,,39.6,55.9,4.5
343b0730-6b51-4158-b7ae-6b4c1485a289,4bc528cc-f55c-4f8b-8c90-adfe09f46c76,Morning Consult,9ceb70bb-704e-45d3-91ce-431088a02f9f,Deseret News,Morning Consult,218,Morning Consult,,,,,US,4/15/26,4/20/26,,,,6e42d1e4-d129-4358-8662-3f9af4aa2e30,2057,rv,,rv,,4/28/26 14:08,,https://www.deseret.com/politics/2026/04/22/trump-polling-underwater-in-utah-among-religious/,,,,,,,Donald Trump,,42,54,4
90226afa-be53-4128-a6ba-762555b06089,a6ab99b0-9d30-4a77-bbe7-03c9a3566a22,Ipsos,3dc40107-581b-4428-94a4-00d603640476,Reuters,Ipsos,154,Ipsos,,,,,US,4/24/26,4/27/26,,,,054640cb-8bf2-4f03-a692-421f2c635e9e,1014,rv,,rv,,4/28/26 13:19,,https://www.reuters.com/data/trumps-approval-rating-2025-01-21/,,,,,,,Donald Trump,,38,62,1
90226afa-be53-4128-a6ba-762555b06089,a6ab99b0-9d30-4a77-bbe7-03c9a3566a22,Ipsos,3dc40107-581b-4428-94a4-00d603640476,Reuters,Ipsos,154,Ipsos,,,,,US,4/24/26,4/27/26,,,,09320ec9-adda-43de-8f1c-e41e72dcc1a6,1269,a,,a,,4/28/26 13:19,,https://www.reuters.com/data/trumps-approval-rating-2025-01-21/,,,,,,,Donald Trump,,34,64,2
c88c48cd-0fe8-4330-a873-fdc52a80c827,4bc528cc-f55c-4f8b-8c90-adfe09f46c76,Morning Consult,,,Morning Consult,218,Morning Consult,,,,,US,4/10/26,4/12/26,,,,2bdb3745-6ea5-45b0-854f-8a25c99e1098,2201,rv,,rv,,4/28/26 13:12,,https://pro.morningconsult.com/trackers/donald-trump-congress-policy-republicans-polling,,,,,,,Donald Trump,,43.84,53.44,2.72
cc645fc1-9aeb-452b-9e1d-a2ea836a2526,e006101f-7fff-4657-a2e9-19e3032386a2,HarrisX/Harris Poll,2659a402-6df7-481c-accb-d06e645828f8,Harvard CAPS,HarrisX/Harris Poll,133,Harris Insights & Analytics,,,Nonprobability Panel,,US,4/23/26,4/26/26,,,,0b16c24a-23fa-4218-94b4-efbb08be95d3,2745,rv,,rv,,4/28/26 9:45,,https://harvardharrispoll.com/key-results-april-2026/,,,,,,,Donald Trump,,42,53,5
cc645fc1-9aeb-452b-9e1d-a2ea836a2526,e006101f-7fff-4657-a2e9-19e3032386a2,HarrisX/Harris Poll,2659a402-6df7-481c-accb-d06e645828f8,Harvard CAPS,HarrisX/Harris Poll,133,Harris Insights & Analytics,,,Nonprobability Panel,,US,4/23/26,4/26/26,,,,95ae9fae-def4-41a8-9108-e4537b0eef1c,,lv,,lv,,4/28/26 9:45,,https://harvardharrispoll.com/key-results-april-2026/,,,,,,,Donald Trump,,46,51,
664203e2-c054-409f-86c9-f556cb76376a,59ef5d62-c6ba-41a3-b2cd-24b8543e62b9,YouGov,146144a2-08d6-4c6b-b912-f067ed647252,Economist,YouGov,391,YouGov,,,Nonprobability Panel,,US,4/24/26,4/27/26,,,,83ceff42-1ecf-4fba-a6ba-40d9f8ab6e15,1647,rv,,rv,,4/28/26 9:24,,https://d3nkl3psvxxpe9.cloudfront.net/documents/econTabReport_Ty7ikPd.pdf,,,,,,,Donald Trump,,40,57,2
664203e2-c054-409f-86c9-f556cb76376a,59ef5d62-c6ba-41a3-b2cd-24b8543e62b9,YouGov,146144a2-08d6-4c6b-b912-f067ed647252,Economist,YouGov,391,YouGov,,,Nonprobability Panel,,US,4/24/26,4/27/26,,,,acab1205-fa44-4545-9232-a5d056e0880a,1836,a,,a,,4/28/26 9:24,,https://d3nkl3psvxxpe9.cloudfront.net/documents/econTabReport_Ty7ikPd.pdf,,,,,,,Donald Trump,,37,59,4
0c2178c6-e99b-4cae-889e-14c406e5ad52,4bc528cc-f55c-4f8b-8c90-adfe09f46c76,Morning Consult,,,Morning Consult,218,Morning Consult,,,,,US,4/24/26,4/27/26,,,,777e578d-a440-4d00-ade0-2499681c2b1e,2201,rv,,rv,,4/28/26 7:47,,https://pro.morningconsult.com/trackers/donald-trump-congress-policy-republicans-polling,,,,,,,Donald Trump,,44.73,52.83,2.44
ccd2eb20-0a71-46f7-9861-84a39e541714,642c8e51-c965-4a1b-b10d-1614d73cb18d,Quantus Insights,,,Quantus Insights,859,Quantus Insights,,,Text-to-Web,,US,4/21/26,4/23/26,,,,2e5a546d-1852-4f08-85ef-0746c5b25721,1452,lv,,lv,,4/24/26 15:37,,https://quantusinsights.org/f/quantus-survey-a-divided-electorate-a-narrow-democratic-edge,,,,,,,Donald Trump,,42.6,56.3,1.1
fff9945b-e16e-416b-a41b-61ae5e67426f,ae31ea8f-0d54-476d-ab98-61b258a0a986,RMG Research,62ca8b2a-418d-46f9-8c64-1f4a14ba3a80,Napolitan News Service,RMG Research,555,RMG Research,,,,,US,4/14/26,4/23/26,,,,1869cbde-2121-49dc-a46b-b6b0dacc99d1,3000,rv,,rv,,4/24/26 9:00,,https://napolitannews.org/assets/pdfs/69eb65d886cf4-gcm26-0422-toplines-trump-job-approval.pdf,,,,,,,Donald Trump,,42,55,2
64b05196-f48b-462f-90e1-8335b4e9595b,96ca8540-cc0b-41a9-9f43-35c85caf7147,Survey 160,,,Survey 160,557,Survey 160,,,Nonprobability Panel/Text-to-Web,,US,4/8/26,4/13/26,,,,0391b5cb-37f0-473e-9811-01b87777f921,1539,rv,,rv,,4/23/26 14:33,,https://www.survey160.com/methodological-research-blog/survey-160-tracking-poll-april-2026,,,,,,,Donald Trump,,37,60,2
a6159282-a8ae-4f51-a488-3d7f3b19d236,4da0e617-fda4-4c29-a2c0-1055e6af4eaf,Beacon Research/Shaw & Company Research,d380c59c-d59c-465b-90a9-cb0f2d14e4f0,Fox News,Beacon Research/Shaw & Company Research,103,Beacon Research/Shaw & Co. Research,,,Live Phone/Text-to-Web,,US,4/17/26,4/20/26,,,,69f8fbf6-dccf-4c65-9457-745864e3e4f7,1001,rv,,rv,,4/23/26 7:38,,https://www.foxnews.com/politics/fox-news-poll-economic-gloom-trump-ratings-signal-tough-gop-midterm-path,,,,,,,Donald Trump,,42,58,0
835d66ae-7e7a-453e-9e72-f79ba213e723,9ab6b302-92ac-4132-97a6-c3580bd5ed77,Hart Research Associates/Public Opinion Strategies,9f34fd03-e85e-4fdb-8e1b-5530101480f0,CNBC,Hart Research Associates/Public Opinion Strategies,221,Hart Research Associates/Public Opinion Strategies,,,,,US,4/15/26,4/19/26,,,,febf0305-3b96-4447-81c6-e09eba998f9e,1000,rv,,rv,,4/23/26 7:09,,https://www.cnbc.com/2026/04/23/trumps-approval-rating-on-economy-and-overall-falls-to-lowest-of-his-two-terms-cnbc-survey-shows.html,,,,,,,Donald Trump,,40,58,2
ea5e829d-5f3a-46cc-9699-d8c62953544a,c5697d47-fde7-463c-8168-078a475b379e,Marquette Law School,,,Marquette Law School,195,Marquette University Law School,,,Probability Panel,,US,4/8/26,4/16/26,,,,12daa867-f0e3-4e40-8407-1fa87a57bb5c,982,a,,a,,4/22/26 7:35,,https://law.marquette.edu/poll/2026/04/22/detailed-results-of-the-marquette-law-school-supreme-court-poll-april-8-16-2026-national-issues/,,,,,,,Donald Trump,,39,60,
ea5e829d-5f3a-46cc-9699-d8c62953544a,c5697d47-fde7-463c-8168-078a475b379e,Marquette Law School,,,Marquette Law School,195,Marquette University Law School,,,Probability Panel,,US,4/8/26,4/16/26,,,,8d0a3534-d08a-405e-b889-aaa70414d1d0,870,rv,,rv,,4/22/26 7:35,,https://law.marquette.edu/poll/2026/04/22/detailed-results-of-the-marquette-law-school-supreme-court-poll-april-8-16-2026-national-issues/,,,,,,,Donald Trump,,41,59,
aec85465-0e77-46fe-9f23-17f3764f9578,59ef5d62-c6ba-41a3-b2cd-24b8543e62b9,YouGov,,,YouGov,391,YouGov,,,Nonprobability Panel,,US,4/14/26,4/19/26,,,,40ee8919-725b-4737-b6b3-bd12b2f0701d,2232,a,,a,,4/21/26 16:26,,https://d3nkl3psvxxpe9.cloudfront.net/documents/Opinion_about_Donald_Trump_poll_results.pdf,,,,,,,Donald Trump,,38,57,6
23dc4c57-e4c9-40f8-be18-961829fd82c6,bd24b786-354a-4dae-8616-a5a888d550e4,AP-NORC,,,AP-NORC,397,AP-NORC,,,Probability Panel,,US,4/16/26,4/20/26,,,,41bd96b3-8b18-45ec-ae45-d6be217c3f8b,2596,a,,a,,4/21/26 16:25,,https://apnorc.org/projects/fewer-approve-of-trumps-handling-of-the-economy/?doing_wp_cron=1776802753.6802430152893066406250,,,,,,,Donald Trump,,33,67,0
503b5b37-bfbb-45bf-b15e-ce668f2b53b8,932da08a-7f8a-48e3-a92a-c443c039fbd1,Echelon Insights,,,Echelon Insights,407,Echelon Insights,,,Nonprobability Panel,,US,4/17/26,4/20/26,,,,a06c29c0-a0d6-4966-aaea-7c6e603a8c9e,1012,lv,,lv,,4/21/26 13:45,,https://echeloninsights.com/insights/april-2026-verified-voter-omnibus,,,,,,,Donald Trump,,41,57,1
6b5c6be6-5add-4cd2-bea1-139cf4f29dc2,59ef5d62-c6ba-41a3-b2cd-24b8543e62b9,YouGov,146144a2-08d6-4c6b-b912-f067ed647252,Economist,YouGov,391,YouGov,,,Nonprobability Panel,,US,4/17/26,4/20/26,,,,5acbd27f-2ac1-4a2a-9a95-4192f338a4a1,1553,rv,,rv,,4/21/26 9:22,,https://d3nkl3psvxxpe9.cloudfront.net/documents/econTabReport_I24AWdp.pdf,,,,,,,Donald Trump,,41,56,3
6b5c6be6-5add-4cd2-bea1-139cf4f29dc2,59ef5d62-c6ba-41a3-b2cd-24b8543e62b9,YouGov,146144a2-08d6-4c6b-b912-f067ed647252,Economist,YouGov,391,YouGov,,,Nonprobability Panel,,US,4/17/26,4/20/26,,,,8ee9c246-e66e-4f23-9927-3b26621539a1,1707,a,,a,,4/21/26 9:22,,https://d3nkl3psvxxpe9.cloudfront.net/documents/econTabReport_I24AWdp.pdf,,,,,,,Donald Trump,,38,54,8
1f44eccf-b5c3-4a0c-91c6-c2e4731b1db0,3b65bd53-0347-48ff-a808-b054ac635dcc,Angus Reid Global,,,Angus Reid Global,13,Angus Reid Global,,,Nonprobability Panel,,US,4/15/26,4/20/26,,,,20139c78-777d-4776-ab93-cc85f1105691,1490,a,,a,,4/21/26 9:04,,https://angusreid.org/roiling-the-religious-right-two-thirds-of-christians-say-trumps-ai-generated-messiah-image-went-too-far/,,,,,,,Donald Trump,,35,59,7
60ad2a4a-7ed1-480c-afcc-5052b52f12b8,ae3b5ee9-8be5-4f3b-b117-6abf33720e63,American Research Group,,,American Research Group,9,American Research Group,,,Live Phone/Mail-to-Web,,US,4/16/26,4/20/26,,,,031b5263-5e7e-42a5-b1d5-8422e19c0b63,1100,a,,a,,4/21/26 8:53,,https://americanresearchgroup.com/,,,,,,,Donald Trump,,32,63,5
60ad2a4a-7ed1-480c-afcc-5052b52f12b8,ae3b5ee9-8be5-4f3b-b117-6abf33720e63,American Research Group,,,American Research Group,9,American Research Group,,,Live Phone/Mail-to-Web,,US,4/16/26,4/20/26,,,,4dfb62d7-7857-48af-8ae2-f54e2d75659b,1010,rv,,rv,,4/21/26 8:53,,https://americanresearchgroup.com/,,,,,,,Donald Trump,,32,64,
60351ea6-4304-49cc-b7f5-b95119a69b09,932da08a-7f8a-48e3-a92a-c443c039fbd1,Echelon Insights,081b7728-ea9b-4981-bced-4888c76f94bc,NetChoice,Echelon Insights,407,Echelon Insights,,,Text-to-Web/Nonprobability Panel,,US,4/3/26,4/9/26,,,,d0e2fcea-5472-45fb-95b8-e3476efb4f8c,2880,lv,,lv,,4/21/26 8:19,,https://netchoice.org/new-72-of-americans-want-regulators-to-focus-on-lowering-prices-ahead-of-midterms-not-punishing-success/,,,,,,,Donald Trump,,43,56,2
d0bef321-15bf-4ee3-822b-fd0ac58248b1,a6ab99b0-9d30-4a77-bbe7-03c9a3566a22,Ipsos,3dc40107-581b-4428-94a4-00d603640476,Reuters,Ipsos,154,Ipsos,,,Probability Panel,,US,4/15/26,4/20/26,,,,bd7692fc-0112-4081-8b4c-c63dc3d9b836,4557,a,,a,,4/21/26 7:44,,https://www.reuters.com/data/trumps-approval-rating-2025-01-21/,,,,,,,Donald Trump,,36,62,2
0f079c33-b59f-47e1-b47a-4a0dc9834c7e,d64047d4-d15f-4b8d-8d37-714001c5f4f5,Verasight,3b7bcad0-2c0d-43e6-a3fb-2f2c7a55b5bb,Strength In Numbers,Verasight,774,,,,,,US,4/10/26,4/14/26,,,,21d6df6d-78d0-47f5-a80b-12aa6af2190a,1514,a,,a,,4/21/26 7:29,,https://www.gelliottmorris.com/p/2026-04-21-april-strength-in-numbers-verasight-poll,,,,,,,Donald Trump,,35,61,3
810644c0-2925-401c-89e3-f50b02df2150,4bc528cc-f55c-4f8b-8c90-adfe09f46c76,Morning Consult,,,Morning Consult,218,Morning Consult,,,,,US,4/17/26,4/20/26,,,,a1ae0858-adc4-4713-b159-90b5abbd59f5,2203,rv,,rv,,4/20/26 16:49,,https://pro.morningconsult.com/trackers/donald-trump-congress-policy-republicans-polling,,,,,,,Donald Trump,,44.48,52.83,2.74
462daf7c-4031-4a5f-b1eb-7d5e7b332af6,9268c8ab-c57b-43d1-8541-c6047caab802,John Zogby Strategies,,,John Zogby Strategies,583,John Zogby Strategies,,,,,US,4/17/26,4/18/26,,,,53452085-7cac-4fc8-9239-af479e658ce0,1001,lv,,lv,,4/20/26 12:57,,https://johnzogbystrategies.com/brand-new-zogby-poll-amid-war-confusion-04-20-26/,,,,,,,Donald Trump,,43,55,
f12cf669-99c7-4f73-aacf-b3dcb5a49f37,c429da10-5aa0-445e-9800-039c0a295b43,SurveyMonkey,4678387e-860f-4e2a-901e-183baf18cf83,NBC News Decision Desk,SurveyMonkey,324,SurveyMonkey,,,,,US,3/30/26,4/13/26,,,,e9f4a687-96dd-447b-b8cc-bb465623498e,32433,a,,a,,4/19/26 9:08,,https://www.nbcnews.com/politics/donald-trump/poll-trumps-approval-rating-hits-second-term-low-economy-iran-war-rcna331462,,,,,,,Donald Trump,,37,63,
dbb8c27a-03de-4ced-976f-3ac58f37f80b,ae31ea8f-0d54-476d-ab98-61b258a0a986,RMG Research,62ca8b2a-418d-46f9-8c64-1f4a14ba3a80,Napolitan News Service,RMG Research,555,RMG Research,,,,,US,4/8/26,4/15/26,,,,781622b6-f78f-4fe8-809b-aeb86de425b6,3000,rv,,rv,,4/17/26 9:23,,https://napolitannews.org/assets/pdfs/69e231dc745a3-gcm26-0415-toplines-trump-job-approval.pdf,,,,,,,Donald Trump,,45,53,2
10c57424-6bde-48ad-9684-a170c3a2cd0a,daec1c64-6ced-4bd1-992a-bf7e95b32f74,Quinnipiac University,,,Quinnipiac University,267,Quinnipiac University,,,Live Phone,,US,4/9/26,4/13/26,,,,3c491569-5342-4805-b65a-c98b99c1e1e9,1028,rv,,rv,,4/15/26 14:03,,https://poll.qu.edu/poll-release?releaseid=3956,,,,,,,Donald Trump,,38,55,7
abe343f9-95fb-4bd6-bd06-8800b3d352e0,59ef5d62-c6ba-41a3-b2cd-24b8543e62b9,YouGov,146144a2-08d6-4c6b-b912-f067ed647252,Economist,YouGov,391,YouGov,,,Nonprobability Panel,,US,4/10/26,4/13/26,,,,4dd0abd3-a83a-4951-8d45-229acf305824,1573,rv,,rv,,4/14/26 8:53,,https://d3nkl3psvxxpe9.cloudfront.net/documents/econTabReport_G1zNgZq.pdf,,,,,,,Donald Trump,,41,58,2
abe343f9-95fb-4bd6-bd06-8800b3d352e0,59ef5d62-c6ba-41a3-b2cd-24b8543e62b9,YouGov,146144a2-08d6-4c6b-b912-f067ed647252,Economist,YouGov,391,YouGov,,,Nonprobability Panel,,US,4/10/26,4/13/26,,,,b0bd20dc-5a27-4ad2-b7e8-ac774198ab31,1748,a,,a,,4/14/26 8:53,,https://d3nkl3psvxxpe9.cloudfront.net/documents/econTabReport_G1zNgZq.pdf,,,,,,,Donald Trump,,38,56,6
27cc405f-bac3-4e0e-bd57-d63137cf4b65,6d5f6726-ef9e-4266-b71a-e0ebe3d1bc0b,Yale University Institution for Social and Policy Studies,,,Yale University Institution for Social and Policy Studies,872,Yale University Institution for Social and Policy Studies,,,,,US,3/9/26,3/23/26,,,,a623cb4a-4089-4d84-9050-da42c906be33,3427,rv,,rv,,4/13/26 8:02,,https://youthpoll.yale.edu/spring-2026-results,,,,,,,Donald Trump,,41.7,56.2,2
ea827b97-294b-4914-b9b7-996f31400a9a,59ef5d62-c6ba-41a3-b2cd-24b8543e62b9,YouGov,ca805caf-4575-43dd-b894-c0de3467b2fb,CBS News,YouGov,391,YouGov,,,Nonprobability Panel,,US,4/8/26,4/10/26,,,,687af77a-46d5-4e9e-9645-69a3abb38a1c,2373,a,,a,,4/12/26 9:14,,https://www.cbsnews.com/news/iran-war-opinion-poll-2026-04-12/,,,,,,,Donald Trump,,39,61,
192f13f3-8fd0-42d1-97a6-42427c0f727d,ae31ea8f-0d54-476d-ab98-61b258a0a986,RMG Research,62ca8b2a-418d-46f9-8c64-1f4a14ba3a80,Napolitan News Service,RMG Research,555,RMG Research,,,,,US,4/1/26,4/9/26,,,,a626556c-c9e8-44a7-8dc2-6101ace0467d,4000,rv,,rv,,4/10/26 9:50,,https://napolitannews.org/assets/pdfs/69d8f27ee391c-gcm26-0408-toplines-trump-job-approval.pdf,,,,,,,Donald Trump,,45,54,1
cf183321-a759-4506-8ed9-80b32fdd6a8d,2df67459-2691-479a-8c87-f98549fe2429,J.L. Partners,c3aee16d-168b-4940-9cd9-e599de894f92,DailyMail.com,J.L. Partners,619,J.L. Partners,,,,,US,4/8/26,4/8/26,,,,f54748fa-ffab-499e-9f03-017657f2c53a,1013,rv,,rv,,4/10/26 8:19,,https://www.dailymail.co.uk/news/article-15718939/Trump-approval-sinks-Iran-war-prices-weigh-voters.html,,,,,,,Donald Trump,,38.84,52.22,8.94
d2003e23-3a8c-48f7-a1db-f8973230d6f4,b54cc6ce-44ae-433f-918f-70b60749c91a,Winston Group,0b58e143-3d5c-4189-b128-1ad8b3c57fc9,Winning the Issues,Winston Group,385,The Winston Group,,,,,US,3/15/26,3/17/26,,,,2ed6e5cc-ae4b-45ae-a962-b60e1d5eeffd,1000,rv,,rv,,4/9/26 16:32,,https://www.winningtheissues.org/wp-content/uploads/2026/04/March-2026-Winning-the-Issues-Survey.pdf,,,,,,REP,Donald Trump,,37,58,5
127ee882-d6e9-42f7-a42b-36a630afa1f8,4bc528cc-f55c-4f8b-8c90-adfe09f46c76,Morning Consult,,,Morning Consult,218,Morning Consult,,,,,US,4/3/26,4/5/26,,,,7e8fc29e-88a2-40a3-a120-5ee7d50e9a5b,2200,rv,,rv,,4/9/26 15:18,,https://pro.morningconsult.com/trackers/donald-trump-congress-policy-republicans-polling,,,,,,,Donald Trump,,44.87,51.74,3.4
cc66ac94-0e9b-4a5a-bcb9-2d333a06aef1,5f397f40-11d9-4ff7-b214-498f71cbb855,University of Massachusetts Lowell Center for Public Opinion/YouGov,,,University of Massachusetts Lowell Center for Public Opinion/YouGov,355,University of Massachusetts Lowell Center for Public Opinion,,,Nonprobability Panel,,US,3/26/26,3/30/26,,,,e540eb88-1dbb-400a-b03b-5209b0ab1f4f,1000,a,,a,,4/9/26 14:04,,https://www.uml.edu/Research/public-opinion/polls/default.aspx,,,,,,,Donald Trump,,39,61,
1f79e470-b286-4f48-a566-bbf5975f9088,4bc528cc-f55c-4f8b-8c90-adfe09f46c76,Morning Consult,,,Morning Consult,218,Morning Consult,,,,,US,4/1/26,4/7/26,,,,e4e371f3-b943-44ee-9053-7eb45b1f3a75,,a,,a,,4/8/26 10:54,,https://pro.morningconsult.com/trackers/global-leader-approval,,,,,,,Donald Trump,,38,57,6
cb36bd4e-076c-42c2-817a-ebbb4e7d4eef,72908461-a4cf-42da-9ef4-f4299cc7b9d8,Navigator Research,,,Navigator Research,413,Global Strategy Group/GBAO (Navigator Research),,,Nonprobability Panel,,US,4/2/26,4/6/26,,,,6eb64673-56d5-4e84-9f28-3ffc4fa55638,1000,rv,,rv,,4/8/26 7:14,,https://navigatorresearch.org/americans-blame-trump-for-rising-gas-prices/,,,,,,,Donald Trump,,40,58,2
fbc240c1-ab36-47d7-9f4b-c4f8a0f1a3c9,59ef5d62-c6ba-41a3-b2cd-24b8543e62b9,YouGov,146144a2-08d6-4c6b-b912-f067ed647252,Economist,YouGov,391,YouGov,,,Nonprobability Panel,,US,4/3/26,4/6/26,,,,b389848a-602a-4a55-ac61-9096bd5a8f65,1750,a,,a,,4/7/26 9:31,,https://d3nkl3psvxxpe9.cloudfront.net/documents/econtoplines_MDkgmnK.pdf,,,,,,,Donald Trump,,38,55,7
fbc240c1-ab36-47d7-9f4b-c4f8a0f1a3c9,59ef5d62-c6ba-41a3-b2cd-24b8543e62b9,YouGov,146144a2-08d6-4c6b-b912-f067ed647252,Economist,YouGov,391,YouGov,,,Nonprobability Panel,,US,4/3/26,4/6/26,,,,db4e7fdf-469e-40c6-9ad5-71f4c2c06d30,1560,rv,,rv,,4/7/26 9:31,,https://d3nkl3psvxxpe9.cloudfront.net/documents/econtoplines_MDkgmnK.pdf,,,,,,,Donald Trump,,41,56,2
ddf19137-1acf-4267-bb97-c69a35239d0c,bd236cc6-142b-4003-897f-7feb32f74126,Lake Research Partners,84b12658-444e-4555-af3c-d99f165093c9,Free Speech For People,Lake Research Partners,165,Lake Research Partners,,,Live Phone/Text-to-Web,,US,3/26/26,3/30/26,,,,f35bcac5-fa5a-42e1-b974-d05716c2ce28,800,lv,,lv,,4/7/26 8:33,,https://freespeechforpeople.org/new-national-poll-majority-of-voters-support-impeaching-donald-trump-just-14-months-into-his-term/,,,,,,,Donald Trump,,38,57,6
7f61071f-0562-4c31-bbf4-0dbdace7a505,b0b42ed9-f490-419e-942f-af97e2cda604,TIPP Insights,e675f835-fdcd-4e92-b5ae-fc65092da4b7,Issues & Insights,TIPP Insights,144,TIPP Insights,,,,,US,3/31/26,4/2/26,,,,6ad6a3fa-ec59-4664-938f-8c1d54a0091e,1464,a,,a,,4/7/26 7:29,,https://issuesinsights.com/2026/04/07/trumps-popularity-took-a-hit-in-april-is-iran-war-reason-why-or-something-else-ii-tipp-poll/,,,,,,,Donald Trump,,39,53,8
6340347a-e4bd-40b0-873b-3f867062d832,ae31ea8f-0d54-476d-ab98-61b258a0a986,RMG Research,62ca8b2a-418d-46f9-8c64-1f4a14ba3a80,Napolitan News Service,RMG Research,555,RMG Research,,,,,US,3/25/26,4/2/26,,,,2302c34d-f96a-4e10-bb1f-c4496adac2bf,3000,rv,,rv,,4/3/26 9:15,,https://napolitannews.org/assets/pdfs/69cfbc28a2a85-gcm26-0401-toplines-trump-job-approval.pdf,,,,,,,Donald Trump,,40,58,1
6c052fa7-20b3-4815-a609-db6a51221a58,a6295aab-886d-497f-92c9-5407f56a8c33,Change Research,,,Change Research,48,Change Research,,,,,US,2/5/26,2/18/26,,,,c349fc6d-80bd-4cd2-adff-d876531d8800,1741,rv,,rv,,4/3/26 8:41,,https://changeresearch.com/voters-voice-frustration-and-financial-strain/,,,,,,,Donald Trump,,43,55,
1057bc51-7e47-4a4d-99ec-63a90cb62d7b,e2e08257-41fa-4956-ba29-b83cf7163c09,ActiVote,,,ActiVote,721,ActiVote,,,App Panel,,US,3/1/26,3/31/26,,,,9b4008c0-670d-464a-959d-3e68111e23f0,598,rv,,rv,,4/3/26 8:24,,https://www.activote.net/trumps-approval-holding-steady-2/,,,,,,,Donald Trump,,42,54.8,3.2
9fa3132f-0513-415d-a6d8-5d22d2a9964e,4bc528cc-f55c-4f8b-8c90-adfe09f46c76,Morning Consult,,,Morning Consult,218,Morning Consult,,,,,US,3/27/26,3/29/26,,,,14ef7bbc-5937-45b0-9318-546cafef1256,2203,rv,,rv,,4/2/26 8:02,,https://pro.morningconsult.com/trackers/donald-trump-congress-policy-republicans-polling,,,,,,,Donald Trump,,43.18,53.86,2.96
0623a3a8-a2a0-4edc-ae67-4d020ec92b45,3be4d123-848b-430a-8168-689af60cefa2,CNN/SSRS,,,CNN/SSRS,844,CNN,,,,,US,3/26/26,3/30/26,,,,212a3c51-5575-4884-95b0-9d820f0042ac,1201,a,,a,,4/1/26 8:15,,https://www.cnn.com/2026/04/01/politics/cnn-poll-trump-approval-rating-economy,,,,,,,Donald Trump,,35,64,1
0623a3a8-a2a0-4edc-ae67-4d020ec92b45,3be4d123-848b-430a-8168-689af60cefa2,CNN/SSRS,,,CNN/SSRS,844,CNN,,,,,US,3/26/26,3/30/26,,,,747e5267-2350-4c9b-bad4-fd8aa91f8026,,rv,,rv,,4/1/26 8:15,,https://www.cnn.com/2026/04/01/politics/cnn-poll-trump-approval-rating-economy,,,,,,,Donald Trump,,38,62,0
df235832-0c0b-41fd-9f97-d102f73f94e5,59ef5d62-c6ba-41a3-b2cd-24b8543e62b9,YouGov,146144a2-08d6-4c6b-b912-f067ed647252,Economist,YouGov,391,YouGov,,,Nonprobability Panel,,US,3/27/26,3/30/26,,,,2183f25d-d088-4d75-b517-7677d491cf56,1679,a,,a,,3/31/26 9:12,,https://d3nkl3psvxxpe9.cloudfront.net/documents/econTabReport_3wplfYX.pdf,,,,,,,Donald Trump,,35,58,7
df235832-0c0b-41fd-9f97-d102f73f94e5,59ef5d62-c6ba-41a3-b2cd-24b8543e62b9,YouGov,146144a2-08d6-4c6b-b912-f067ed647252,Economist,YouGov,391,YouGov,,,Nonprobability Panel,,US,3/27/26,3/30/26,,,,f0525b6c-0c5d-4f48-831b-dc5682a4902e,1505,rv,,rv,,3/31/26 9:12,,https://d3nkl3psvxxpe9.cloudfront.net/documents/econTabReport_3wplfYX.pdf,,,,,,,Donald Trump,,39,58,3
494b6248-d08c-4dbd-8c01-02ea03699d5e,2df67459-2691-479a-8c87-f98549fe2429,J.L. Partners,c3aee16d-168b-4940-9cd9-e599de894f92,DailyMail.com,J.L. Partners,619,J.L. Partners,,,,,US,3/23/26,3/24/26,,,,275e03ed-7c8c-4710-9054-75e80ff25cb9,1019,rv,,rv,,3/31/26 7:53,,https://www.dailymail.co.uk/news/article-15692097/donald-trump-polling-iran-rebound.html#,,,,,,,Donald Trump,,41.31,49.26,7.98
1fed84a9-ca46-4088-bb83-fd5970c9f2dc,e006101f-7fff-4657-a2e9-19e3032386a2,HarrisX/Harris Poll,2659a402-6df7-481c-accb-d06e645828f8,Harvard CAPS,HarrisX/Harris Poll,133,Harris Insights & Analytics,,,Nonprobability Panel,,US,3/25/26,3/26/26,,,,add92497-46fc-4dbb-9147-f4d2e9345369,2009,rv,,rv,,3/30/26 14:46,,https://harvardharrispoll.com/key-results-march-2026/,,,,,,,Donald Trump,,43,53,4
8735e053-da6f-47b3-923c-c2ba7753ed0f,31bcd62d-152e-4acf-b94a-c908be9693c4,University of Massachusetts Department of Political Science/YouGov,,,University of Massachusetts Department of Political Science/YouGov,861,University of Massachusetts Department of Political Science/YouGov,,,Nonprobability Panel,,US,3/20/26,3/25/26,,,,4ff6484c-1b26-47f7-a947-9e94acbd90ba,1000,a,,a,,3/30/26 8:43,,https://www.umass.edu/political-science/about/reports/2026-0,,,,,,,Donald Trump,,33,62,6
812d1eb8-81f4-41c2-ab5e-9407d9e31bf4,642c8e51-c965-4a1b-b10d-1614d73cb18d,Quantus Insights,,,Quantus Insights,859,Quantus Insights,,,Nonprobability Panel,,US,3/25/26,3/26/26,,,,7b2f0c07-1198-477e-a184-417e60e7994c,1472,lv,,lv,,3/27/26 15:10,,https://quantusinsights.org/f/new-quantus-survey-a-sour-national-mood-and-a-midterm-warning,,,,,,,Donald Trump,,42.2,56.6,1.2
c18afb89-2bd3-45a9-ae0e-f939bdf509ff,ae31ea8f-0d54-476d-ab98-61b258a0a986,RMG Research,62ca8b2a-418d-46f9-8c64-1f4a14ba3a80,Napolitan News Service,RMG Research,555,RMG Research,,,Nonprobability Panel,,US,3/18/26,3/26/26,,,,bb9174d1-0b49-4f0f-b143-f59af68dbee4,3000,rv,,rv,,3/27/26 9:05,,https://napolitannews.org/assets/pdfs/69c67ea48ba03-gcm26-0325-topline-trumpja.pdf,,,,,,,Donald Trump,,45,54,2
f1e5afa6-b1ab-481a-a135-108e9d091e93,312f97da-ebc5-446e-8856-cdded6ea1251,Big Data Poll,b519a86f-dbb8-46a2-8215-6abb6f6f389d,Public Polling Project,Big Data Poll,251,Big Data Poll,,,,,US,3/22/26,3/24/26,,,,b3b29df1-9b7b-4040-8534-0df88df3ed30,3003,rv,,rv,,3/26/26 13:36,,https://www.bigdatapoll.com/blog/trump-disapproval-rating-hits-new-high-in-march-amid-unpopular-war/,,,,,,,Donald Trump,,42.3,55.7,2
4a89baaf-bbde-47de-a004-9895d55340b5,4da0e617-fda4-4c29-a2c0-1055e6af4eaf,Beacon Research/Shaw & Company Research,d380c59c-d59c-465b-90a9-cb0f2d14e4f0,Fox News,Beacon Research/Shaw & Company Research,103,Beacon Research/Shaw & Co. Research,,,Live Phone/Text-to-Web,,US,3/20/26,3/23/26,,,,6cd89e56-0f7e-4164-8b7f-f200827f4ae8,1001,rv,,rv,,3/25/26 18:51,,https://www.foxnews.com/politics/fox-news-poll-voters-oppose-action-iran-give-u-s-military-positive-marks,,,,,,,Donald Trump,,41,59,0
626e4e6e-e308-4a93-942d-067eba77a513,daec1c64-6ced-4bd1-992a-bf7e95b32f74,Quinnipiac University,,,Quinnipiac University,267,Quinnipiac University,,,Live Phone,,US,3/19/26,3/23/26,,,,e3bb7e48-5e20-43f7-9f74-83f993385104,1191,rv,,rv,,3/25/26 14:10,,https://poll.qu.edu/poll-release?releaseid=3953,,,,,,,Donald Trump,,38,56,6
ddfb35b2-fd77-4137-819f-9523b2ef0984,bd24b786-354a-4dae-8616-a5a888d550e4,AP-NORC,,,AP-NORC,397,AP-NORC,,,Probability Panel,,US,3/19/26,3/23/26,,,,61f54850-dcab-4df5-80d2-0d891e4eb0ae,1150,a,,a,,3/25/26 8:25,,https://apnorc.org/projects/most-say-the-united-states-recent-military-actions-against-iran-have-gone-too-far/,,,,,,,Donald Trump,,38,60,1
e5ce50dc-e9e8-444c-831a-90505b773d2a,4bc528cc-f55c-4f8b-8c90-adfe09f46c76,Morning Consult,,,Morning Consult,218,Morning Consult,,,,,US,3/20/26,3/22/26,,,,81ba1550-6bb2-4cc5-832b-24d028218173,2202,rv,,rv,,3/25/26 8:12,,https://pro.morningconsult.com/trackers/donald-trump-congress-policy-republicans-polling,,,,,,,Donald Trump,,43.09,53.78,3.13
7e4600c4-d78a-45af-8b92-e2ba6fe2a44e,a6ab99b0-9d30-4a77-bbe7-03c9a3566a22,Ipsos,3dc40107-581b-4428-94a4-00d603640476,Reuters,Ipsos,154,Ipsos,,,,,US,3/20/26,3/23/26,,,,b1ec4e39-a02f-4ff5-ba05-2087c082759f,984,rv,,rv,,3/24/26 13:38,,https://www.reuters.com/data/trumps-approval-rating-2025-01-21/,,,,,,,Donald Trump,,40,59,0
7e4600c4-d78a-45af-8b92-e2ba6fe2a44e,a6ab99b0-9d30-4a77-bbe7-03c9a3566a22,Ipsos,3dc40107-581b-4428-94a4-00d603640476,Reuters,Ipsos,154,Ipsos,,,,,US,3/20/26,3/23/26,,,,dc713189-f6ae-40fd-ad75-4ff73043c96a,1272,a,,a,,3/24/26 13:38,,https://www.reuters.com/data/trumps-approval-rating-2025-01-21/,,,,,,,Donald Trump,,36,62,2
1c95e668-f775-4182-821f-837f969038f7,59ef5d62-c6ba-41a3-b2cd-24b8543e62b9,YouGov,af89632c-df6b-48e4-bb89-75769b84b861,The Economist,YouGov,391,YouGov,,,Nonprobability Panel,,US,3/20/26,3/23/26,,,,5257e9a7-84df-4047-b213-57fdef67230e,1665,a,,a,,3/24/26 9:26,,https://d3nkl3psvxxpe9.cloudfront.net/documents/econtoplines_wSy0bIs.pdf,,,,,,,Donald Trump,,38,56,6
1c95e668-f775-4182-821f-837f969038f7,59ef5d62-c6ba-41a3-b2cd-24b8543e62b9,YouGov,af89632c-df6b-48e4-bb89-75769b84b861,The Economist,YouGov,391,YouGov,,,Nonprobability Panel,,US,3/20/26,3/23/26,,,,f4cf0053-f7fb-4d37-ad03-56d0291fa219,1502,rv,,rv,,3/24/26 9:26,,https://d3nkl3psvxxpe9.cloudfront.net/documents/econtoplines_wSy0bIs.pdf,,,,,,,Donald Trump,,41,55,4
869907a2-771c-4222-af41-eb6f611eae8d,d64047d4-d15f-4b8d-8d37-714001c5f4f5,Verasight,3b7bcad0-2c0d-43e6-a3fb-2f2c7a55b5bb,Strength In Numbers,Verasight,774,,,,,,US,3/16/26,3/18/26,,,,af2e4580-bd49-45c4-9eed-59f3d1e2ac44,1530,a,,a,,3/24/26 8:33,,https://www.gelliottmorris.com/p/2026-03-24-march-sin-verasight-poll-main-release,,,,,,,Donald Trump,,37,60,3
039ce1a5-ead5-418a-b422-baa1cb1f16eb,96ca8540-cc0b-41a9-9f43-35c85caf7147,Survey 160,,,Survey 160,557,Survey 160,,,Text-to-Web/Nonprobability Panel,,US,3/9/26,3/15/26,,,,d9e26866-4f9e-41fe-9800-6f6e05153f36,1546,rv,,rv,,3/24/26 8:04,,https://www.survey160.com/methodological-research-blog/survey-160-tracking-poll-march-2026,,,,,,,Donald Trump,,38,59,2
f63a5ad1-69bc-4da1-801b-f8cb00c9cc1e,fd91b31c-8953-44da-bfb5-fc15fadb2f5e,The Argument/Verasight,,,The Argument/Verasight,,,,,,,US,3/12/26,3/17/26,,,,7c686ae5-4004-4409-b75e-57d74975c16b,1519,rv,,rv,,3/23/26 8:10,,https://www.theargumentmag.com/p/americans-would-trade-jobs-for-cheaper,,,,,,,Donald Trump,,40,58,2
41e53ca2-d07b-42f7-aa5c-1a5fc94b37e1,59ef5d62-c6ba-41a3-b2cd-24b8543e62b9,YouGov,ca805caf-4575-43dd-b894-c0de3467b2fb,CBS News,YouGov,391,YouGov,,,Nonprobability Panel,,US,3/17/26,3/20/26,,,,9454e696-db97-42a2-882b-d16f630eafb0,3332,a,,a,,3/22/26 11:18,,https://www.cbsnews.com/news/opinion-poll-iran-war-regime-2028-03-22/,,,,,,,Donald Trump,,40,60,
e274306d-e0d3-4edc-9930-90cb93928217,ae3b5ee9-8be5-4f3b-b117-6abf33720e63,American Research Group,,,American Research Group,9,American Research Group,,,Live Phone,,US,3/16/26,3/20/26,,,,05dddc07-0ff9-4940-9fb7-ae0517961917,1100,a,,a,,3/21/26 9:41,,https://americanresearchgroup.com/economy/,,,,,,,Donald Trump,,34,63,3
e274306d-e0d3-4edc-9930-90cb93928217,ae3b5ee9-8be5-4f3b-b117-6abf33720e63,American Research Group,,,American Research Group,9,American Research Group,,,Live Phone,,US,3/16/26,3/20/26,,,,6907e91e-372d-4fc7-ba66-cf06a9dc6abf,1008,rv,,rv,,3/21/26 9:41,,https://americanresearchgroup.com/economy/,,,,,,,Donald Trump,,34,63,
1626ece9-39e2-4fea-9ccc-b5bc21361b48,2df67459-2691-479a-8c87-f98549fe2429,J.L. Partners,c3aee16d-168b-4940-9cd9-e599de894f92,DailyMail.com,J.L. Partners,619,J.L. Partners,,,,,US,3/18/26,3/20/26,,,,0d1971ae-0810-4aeb-aadd-d4313bbe18cd,1037,rv,,rv,,3/20/26 17:14,,https://jlpartners.com/nationwide-registered-voters-march-2026,,,,,,,Donald Trump,,39.01,53.56,7.43
ae92cf06-e4f8-4c09-89a3-01b850ba9cd4,642c8e51-c965-4a1b-b10d-1614d73cb18d,Quantus Insights,,,Quantus Insights,859,Quantus Insights,,,,,US,3/17/26,3/18/26,,,,75bb29e6-fd8b-4fc7-a804-030700844ed8,1064,lv,,lv,,3/20/26 12:50,,https://quantusinsights.org/f/national-survey-a-divided-country-and-a-motivated-electorate,,,,,,,Donald Trump,,44.4,55.1,0.5
7531c835-c46e-49bf-a239-c13f68f1774b,051ba522-1b39-4264-b05f-81a45419f175,Tavern Research,fd0e1148-1cf9-4ed4-af6f-d353c0fea0fe,Searchlight,Tavern Research,,,,,,,US,3/16/26,3/18/26,,,,1748dd1e-5682-417b-9d17-4b6990844d08,1531,lv,,lv,,3/20/26 12:41,,https://www.searchlightinstitute.org/research/a-majority-of-americans-oppose-supplemental-funding-for-iran-war/,,,,,,,Donald Trump,,41,55,4
b225b154-d24e-47ca-a669-9ad644a10dd0,9268c8ab-c57b-43d1-8541-c6047caab802,John Zogby Strategies,,,John Zogby Strategies,583,John Zogby Strategies,,,,,US,3/17/26,3/18/26,,,,7df2ad92-89d1-4e9d-b248-1e017d55ce7a,1000,lv,,lv,,3/20/26 11:01,,https://johnzogbystrategies.com/wp-content/uploads/2026/03/The-Decisive-Poll-on-the-Impact-of-War-with-Iran-03.19.26.html,,,,,,,Donald Trump,,44,54,
2d637d26-1317-43a7-a6fe-01c0bce74413,ae31ea8f-0d54-476d-ab98-61b258a0a986,RMG Research,62ca8b2a-418d-46f9-8c64-1f4a14ba3a80,Napolitan News Service,RMG Research,555,RMG Research,,,,,US,3/11/26,3/19/26,,,,d7c6f18c-f256-4a6f-a802-e998898db1be,3000,rv,,rv,,3/20/26 9:18,,https://napolitannews.org/assets/pdfs/69bd46355b39b-gcm26-0318-toplines-trump-job-approval.pdf,,,,,,,Donald Trump,,46,53,1
979b70d7-4287-4e89-ab1e-44d6d47acb96,7485e3b7-8959-43d7-985f-95417076d068,Emerson College,,,Emerson College,88,Emerson College,,,Text-to-Web/Probability Panel/Nonprobability Panel,,US,3/16/26,3/17/26,,,,7795170e-02be-4c63-8059-0352e8fc0d1c,1000,lv,,lv,,3/20/26 8:15,,https://emersoncollegepolling.com/march-2026-national-poll-47-oppose-us-military-action-in-iran-40-support/,,,,,,,Donald Trump,,41.9,51.4,6.7
36e5deb3-20df-48f5-9aca-c5c0c62dac84,a6ab99b0-9d30-4a77-bbe7-03c9a3566a22,Ipsos,3dc40107-581b-4428-94a4-00d603640476,Reuters,Ipsos,154,Ipsos,,,,,US,3/17/26,3/19/26,,,,bb340a2d-dd6a-4b62-9f3f-3a5bc90b8abc,1545,a,,a,,3/19/26 15:23,,https://www.reuters.com/data/trumps-approval-rating-2025-01-21/,,,,,,,Donald Trump,,40,58,2
d1c97f1e-cde2-447b-8c0f-ff4c6de011ad,051ba522-1b39-4264-b05f-81a45419f175,Tavern Research,fd0e1148-1cf9-4ed4-af6f-d353c0fea0fe,Searchlight,Tavern Research,,,,,,,US,2/18/26,2/19/26,,,,3252e881-582a-4d87-acf5-cbf1c303290c,1526,lv,,lv,,3/19/26 8:51,,https://www.searchlightinstitute.org/research/the-path-forward-for-transgender-rights/,,,,,,,Donald Trump,,41,56,3
3cd20a8c-4722-45f2-b247-6a2fb918ff2c,7af36d36-6e24-41ad-9c51-b6de9ff0edb2,Leger,,,Leger,572,Leger,,,,,US,10/24/25,10/26/25,,,,9e8180dc-492e-47ec-be12-9b7e4b81a918,1010,a,,a,,3/18/26 13:38,,https://leger360.com/wp-content/uploads/2026/03/Leger_Report_IranWar_CAN_US_EN_20260317.pdf?utm_source=reports&utm_medium=webpage&utm_content=march2026&utm_campaign=etudesmediatiques,,,,,,,Donald Trump,,39,52,9
8b07d24d-a240-4e16-9ea4-0e8762631415,7af36d36-6e24-41ad-9c51-b6de9ff0edb2,Leger,,,Leger,572,Leger,,,Nonprobability Panel,,US,3/13/26,3/16/26,,,,7dd2fac0-61a5-47f9-8c7d-4da02504889e,1006,a,,a,,3/18/26 10:19,,https://leger360.com/in-the-news-iran-war-most-canadians-oppose-military-escalation-leger-march-2026/,,,,,,,Donald Trump,,35,55,10
936854b8-407a-4274-8d3d-221d397ffb59,59ef5d62-c6ba-41a3-b2cd-24b8543e62b9,YouGov,a0d244bb-0767-423d-ac9f-154189544a48,Yahoo News,YouGov,391,YouGov,,,Nonprobability Panel,,US,3/12/26,3/16/26,,,,55274b89-a5f6-41cf-87de-66f737d72029,1699,a,,a,,3/18/26 8:46,,https://www.yahoo.com/news/politics/article/poll-66-of-americans-disapprove-of-trump-on-gas-prices-as-they-feel-effects-of-iran-war-120000483.html,,,,,,,Donald Trump,,38,59,3
936854b8-407a-4274-8d3d-221d397ffb59,59ef5d62-c6ba-41a3-b2cd-24b8543e62b9,YouGov,a0d244bb-0767-423d-ac9f-154189544a48,Yahoo News,YouGov,391,YouGov,,,Nonprobability Panel,,US,3/12/26,3/16/26,,,,870d3814-4dae-4667-81f9-b41c396b7b34,1148,rv,,rv,,3/18/26 8:46,,https://www.yahoo.com/news/politics/article/poll-66-of-americans-disapprove-of-trump-on-gas-prices-as-they-feel-effects-of-iran-war-120000483.html,,,,,,,Donald Trump,,40,58,1
aaf4d581-3091-4d3c-8554-7a5e8309b4b8,72908461-a4cf-42da-9ef4-f4299cc7b9d8,Navigator Research,,,Navigator Research,413,Global Strategy Group/GBAO (Navigator Research),,,Nonprobability Panel,,US,3/12/26,3/16/26,,,,c029e798-31b5-4db2-ad24-2e7991abab89,1000,rv,,rv,,3/18/26 8:39,,https://navigatorresearch.org/perceptions-and-concerns-about-trumps-war-against-iran/,,,,,,,Donald Trump,,40,59,1
58416fa4-ae9d-42ea-b863-372f254372fe,c3af25c9-2c5e-4cab-8405-e1ac2dd64daa,Schoen Cooperman Research,d5636bdb-bd52-402f-bf33-82aadfef49ae,Israel on Campus Coalition,Schoen Cooperman Research,301,Schoen Cooperman Research,,,,,US,10/15/25,10/20/25,,,,bee9f361-c737-4e45-8500-514c42e18808,1000,a,,a,,3/17/26 10:11,,https://drive.google.com/file/d/1XxbPBwjkAFUid15B1RtiwnOobItnUJBl/view,,,,,,,Donald Trump,,45,51,4
acc8b2b2-e867-4c85-9c3e-644f442ff073,c3af25c9-2c5e-4cab-8405-e1ac2dd64daa,Schoen Cooperman Research,d5636bdb-bd52-402f-bf33-82aadfef49ae,Israel on Campus Coalition,Schoen Cooperman Research,301,Schoen Cooperman Research,,,,,US,6/27/25,6/30/25,,,,a6a2635e-c2a3-49a4-b949-2f403a51eee7,1028,a,,a,,3/17/26 10:11,,https://drive.google.com/file/d/1XxbPBwjkAFUid15B1RtiwnOobItnUJBl/view,,,,,,,Donald Trump,,47,48,5
d82ce57a-36c2-4317-8e7f-1ccbf3cd17ba,c3af25c9-2c5e-4cab-8405-e1ac2dd64daa,Schoen Cooperman Research,d5636bdb-bd52-402f-bf33-82aadfef49ae,Israel on Campus Coalition,Schoen Cooperman Research,301,Schoen Cooperman Research,,,,,US,6/13/25,6/16/25,,,,d3d3f137-d5c2-4c90-ad4a-91621f770aa4,800,a,,a,,3/17/26 10:10,,https://drive.google.com/file/d/1XxbPBwjkAFUid15B1RtiwnOobItnUJBl/view,,,,,,,Donald Trump,,45,50,5
77c7b941-5d44-40c1-80b1-2d63108e93f7,c3af25c9-2c5e-4cab-8405-e1ac2dd64daa,Schoen Cooperman Research,d5636bdb-bd52-402f-bf33-82aadfef49ae,Israel on Campus Coalition,Schoen Cooperman Research,301,Schoen Cooperman Research,,,,,US,3/21/25,3/24/25,,,,a98115c0-a441-45f2-be9f-f04c9d1c63f4,1011,a,,a,,3/17/26 10:09,,https://drive.google.com/file/d/1XxbPBwjkAFUid15B1RtiwnOobItnUJBl/view,,,,,,,Donald Trump,,46,48,6
57ca712f-6f1b-4ba0-90f7-98c87d48148b,59ef5d62-c6ba-41a3-b2cd-24b8543e62b9,YouGov,146144a2-08d6-4c6b-b912-f067ed647252,Economist,YouGov,391,YouGov,,,Nonprobability Panel,,US,3/13/26,3/16/26,,,,302a7ed8-bbde-44e5-bbd1-2d5e93e06921,1595,a,,a,,3/17/26 9:13,,https://d3nkl3psvxxpe9.cloudfront.net/documents/econtoplines_AoL6llm.pdf,,,,,,,Donald Trump,,37,56,7
57ca712f-6f1b-4ba0-90f7-98c87d48148b,59ef5d62-c6ba-41a3-b2cd-24b8543e62b9,YouGov,146144a2-08d6-4c6b-b912-f067ed647252,Economist,YouGov,391,YouGov,,,Nonprobability Panel,,US,3/13/26,3/16/26,,,,d786d28e-ded0-4bcc-9dd7-49a5e3922416,1429,rv,,rv,,3/17/26 9:13,,https://d3nkl3psvxxpe9.cloudfront.net/documents/econtoplines_AoL6llm.pdf,,,,,,,Donald Trump,,41,56,4
9eb303eb-da3a-49e7-87c8-0b8fbadfdb38,4bc528cc-f55c-4f8b-8c90-adfe09f46c76,Morning Consult,,,Morning Consult,218,Morning Consult,,,,,US,3/13/26,3/16/26,,,,73e1b82e-9282-4ae1-aa26-184ff2e6f0ea,2200,rv,,rv,,3/17/26 7:50,,https://pro.morningconsult.com/trackers/donald-trump-congress-policy-republicans-polling,,,,,,,Donald Trump,,42.83,53.98,3.19
b2388271-8d31-411d-a258-f7e6c45504d1,932da08a-7f8a-48e3-a92a-c443c039fbd1,Echelon Insights,,,Echelon Insights,407,Echelon Insights,,,,,US,3/12/26,3/16/26,,,,0e0487ee-835c-479f-85ab-722fe0f05a4f,1033,lv,,lv,,3/16/26 16:11,,https://echeloninsights.com/in-the-news/march-2026-verified-voter-omnibus/,,,,,,,Donald Trump,,41,57,2
14f220a6-52a4-4504-b012-acc7ba0cdb69,c3af25c9-2c5e-4cab-8405-e1ac2dd64daa,Schoen Cooperman Research,d5636bdb-bd52-402f-bf33-82aadfef49ae,Israel on Campus Coalition,Schoen Cooperman Research,301,Schoen Cooperman Research,,,,,US,3/2/26,3/5/26,,,,a64c4f48-1d4d-4dfc-b48f-b023fc5ae118,810,a,,a,,3/16/26 15:06,,https://www.yahoo.com/news/articles/opinion-polls-shows-us-divided-123000470.html,,,,,,,Donald Trump,,39,54,7
ba55b485-ccbc-4022-8440-af1ab574727e,9824a356-03ef-4183-8d56-72de54a66fee,Clarity Campaign Labs,,,Clarity Campaign Labs,52,Clarity Campaign Labs,,,Nonprobability Panel,,US,2/26/26,3/7/26,,,,57283965-a264-4c65-bc11-f7f651ee2206,1004,rv,,rv,,3/16/26 11:25,,https://www.claritycampaigns.com/clarity-omnibus-2026-mar,,,,,,,Donald Trump,,43,53,3
4f30af9b-b852-41e2-b21b-6f00fe8b96f6,9b7fb509-d8c7-41d5-8c3a-2f534b3f7068,Noble Predictive Insights,961ddeee-e6b2-439b-ba97-0318bd7ccccc,Center Square,Noble Predictive Insights,235,Noble Predictive Insights,,,,,US,3/2/26,3/5/26,,,,737fdd98-8aa9-43fa-baee-2e8426f940b7,2659,rv,,rv,,3/16/26 0:14,,https://www.thecentersquare.com/national/article_c3795c17-be14-4566-a625-eb38b4ffc1bf.html,,,,,,,Donald Trump,,46,51,
9f8ab1cd-1a23-421a-8795-1260f1a8d308,15524f36-81eb-4b8c-b19f-663cee931c01,Focaldata,,,Focaldata,837,Focaldata,,,,,US,3/6/26,3/10/26,,,,cf86c3ab-2783-4b4e-a5d5-db15183d38ab,1782,a,,a,,3/13/26 12:47,,https://www.focaldata.com/blog/democrats-increase-lead-and-rubio-stock-surges-amid-iran-war,,,,,,,Donald Trump,,37.21,50.66,12.13
9f8ab1cd-1a23-421a-8795-1260f1a8d308,15524f36-81eb-4b8c-b19f-663cee931c01,Focaldata,,,Focaldata,837,Focaldata,,,,,US,3/6/26,3/10/26,,,,fa97a150-2c6e-4b64-ae44-88f7f0d3112d,1534,rv,,rv,,3/13/26 12:47,,https://www.focaldata.com/blog/democrats-increase-lead-and-rubio-stock-surges-amid-iran-war,,,,,,,Donald Trump,,39.19,51.47,9.35
856d1194-b12c-4403-83f2-8143f7759a65,ae31ea8f-0d54-476d-ab98-61b258a0a986,RMG Research,62ca8b2a-418d-46f9-8c64-1f4a14ba3a80,Napolitan News Service,RMG Research,555,RMG Research,,,,,US,3/4/26,3/12/26,,,,b40a28cb-754e-4d5b-9e27-c7335e10fd0f,3000,rv,,rv,,3/13/26 9:23,,https://napolitannews.org/assets/pdfs/69b40d7c0a971-gcm26-0311-toplines-trump-job-approval.pdf,,,,,,,Donald Trump,,45,53,2
16581cf4-7221-4ed3-8c73-c4bf7f161fe4,4bc528cc-f55c-4f8b-8c90-adfe09f46c76,Morning Consult,,,Morning Consult,218,Morning Consult,,,,,US,3/6/26,3/8/26,,,,5134eaad-222c-4045-af59-c61047d0e560,2202,rv,,rv,,3/12/26 8:25,,https://pro.morningconsult.com/trackers/donald-trump-congress-policy-republicans-polling,,,,,,,Donald Trump,,43.95,52.99,3.07
0ea785e5-6625-4187-a7e5-44eb3c9fc7b0,3b65bd53-0347-48ff-a808-b054ac635dcc,Angus Reid Global,,,Angus Reid Global,13,Angus Reid Global,,,Nonprobability Panel,,US,3/2/26,3/5/26,,,,5b6b2e18-bb95-45af-b24d-189c64740b21,1529,a,,a,,3/11/26 8:15,,https://angusreid.org/tariffs-trade-trump-maga-canada-uscma-nafta-carney/,,,,,,,Donald Trump,,36,56,7
c7d50b10-a291-4a41-83c0-ac2f8afa642a,a8db55ca-987d-4afd-83dc-e3f5f077682a,Marist University,"5da73c82-ac8b-4f47-b3a3-0739b4ebf473,2404c1ad-3f79-4130-a46c-9a3a63a1b6d9",NPR | PBS News,Marist University,183,Marist College,,,Live Phone/Text/Nonprobability Panel,,US,3/2/26,3/4/26,,,,4ebb94fd-1b95-4063-8bf0-6b42b9035aad,1591,a,,a,,3/11/26 8:13,,https://maristpoll.marist.edu/polls/election-security-march-2026/,,,,,,,Donald Trump,,38,57,5
c7d50b10-a291-4a41-83c0-ac2f8afa642a,a8db55ca-987d-4afd-83dc-e3f5f077682a,Marist University,"5da73c82-ac8b-4f47-b3a3-0739b4ebf473,2404c1ad-3f79-4130-a46c-9a3a63a1b6d9",NPR | PBS News,Marist University,183,Marist College,,,Live Phone/Text/Nonprobability Panel,,US,3/2/26,3/4/26,,,,5a902b99-b730-47e4-a904-d0abc9e68b36,1392,rv,,rv,,3/11/26 8:13,,https://maristpoll.marist.edu/polls/election-security-march-2026/,,,,,,,Donald Trump,,40,57,3
a1619a66-fcae-4a70-88af-1b4df7d5e71e,59ef5d62-c6ba-41a3-b2cd-24b8543e62b9,YouGov,146144a2-08d6-4c6b-b912-f067ed647252,Economist,YouGov,391,YouGov,,,Nonprobability Panel,,US,3/6/26,3/9/26,,,,0a6b5631-7258-4508-989a-0a3677d4836e,1563,a,,a,,3/10/26 10:11,,https://d3nkl3psvxxpe9.cloudfront.net/documents/econtoplines_0wEATGJ.pdf,,,,,,,Donald Trump,,40,55,5
a1619a66-fcae-4a70-88af-1b4df7d5e71e,59ef5d62-c6ba-41a3-b2cd-24b8543e62b9,YouGov,146144a2-08d6-4c6b-b912-f067ed647252,Economist,YouGov,391,YouGov,,,Nonprobability Panel,,US,3/6/26,3/9/26,,,,7fe4d617-e41b-43b2-b634-84fb1eaa9de3,1405,rv,,rv,,3/10/26 10:11,,https://d3nkl3psvxxpe9.cloudfront.net/documents/econtoplines_0wEATGJ.pdf,,,,,,,Donald Trump,,43,54,3
8d8c6943-7f31-4fac-9c0b-00f98a4cbb6e,daec1c64-6ced-4bd1-992a-bf7e95b32f74,Quinnipiac University,,,Quinnipiac University,267,Quinnipiac University,,,Live Phone,,US,3/6/26,3/8/26,,,,250927a2-3e63-4c38-ae05-08a8bdbd0f1b,1002,rv,,rv,,3/9/26 16:16,,https://poll.qu.edu/poll-release?releaseid=3952,,,,,,,Donald Trump,,37,57,6
2b1ae163-a9ca-4237-916c-1dabb747e800,4bc528cc-f55c-4f8b-8c90-adfe09f46c76,Morning Consult,,,Morning Consult,218,Morning Consult,,,,,US,3/2/26,3/8/26,,,,8e872a6f-2d75-4b7a-9005-5248002bc3b1,,a,,a,,3/9/26 13:30,,https://pro.morningconsult.com/trackers/global-leader-approval,,,,,,,Donald Trump,,39,55,6
117b56fb-3abe-4409-8abd-34981593fda3,9ab6b302-92ac-4132-97a6-c3580bd5ed77,Hart Research Associates/Public Opinion Strategies,cfb2e09f-a26b-4add-8e6a-dd9eb5641cd0,NBC News,Hart Research Associates/Public Opinion Strategies,221,Hart Research Associates/Public Opinion Strategies,,,Live Phone/Text-to-Web,,US,2/27/26,3/3/26,,,,aae32a07-2fb3-4318-9659-2039d4eb572c,1000,rv,,rv,,3/8/26 13:41,,https://www.nbcnews.com/politics/2026-election/poll-primary-voters-prize-ideology-electability-parties-get-low-marks-rcna262046,,,,,,,Donald Trump,,44,54,2
1384238d-3bd8-4148-b6e7-1ce232c80e7d,ae31ea8f-0d54-476d-ab98-61b258a0a986,RMG Research,62ca8b2a-418d-46f9-8c64-1f4a14ba3a80,Napolitan News Service,RMG Research,555,RMG Research,,,,,US,2/28/26,3/4/26,,,,46c08d45-7170-4dc3-b4b9-689d60c843e1,3000,rv,,rv,,3/6/26 10:48,,https://napolitannews.org/assets/pdfs/69aae7e192a5a-gcm26-0304-toplines-trump-job-approval.pdf,,,,,,,Donald Trump,,46,52,1
d5a9769c-53cb-4db0-a429-acc161f1fec4,b2978307-eed3-420a-84ff-9e73574db513,GrayHouse,80498bbd-c692-40cd-95a1-72e4289c4bb7,America One Policies,GrayHouse,,,,,Nonprobability Panel,,US,4/10/25,4/13/25,,,,50392ec2-0177-44ad-a0d8-94b63bab61b2,1100,rv,,rv,,3/5/26 14:19,,https://www.americaonepolicies.com/polls/voter-attitudes-on-the-economy,,,,,,REP,Donald Trump,,46,52,
0dafa2a1-cc09-4ea1-bde6-f6e8d15349ec,b2978307-eed3-420a-84ff-9e73574db513,GrayHouse,80498bbd-c692-40cd-95a1-72e4289c4bb7,America One Policies,GrayHouse,,,,,,,US,2/21/25,2/24/25,,,,0cf99f59-0e12-4f88-8ea5-7737cfd2c36f,1193,rv,,rv,,3/5/26 14:18,,https://www.americaonepolicies.com/polls/national-benchmark-poll,,,,,,REP,Donald Trump,,47,50,
2244aabe-2b21-455b-a8a2-4e5e49c15a5a,2df67459-2691-479a-8c87-f98549fe2429,J.L. Partners,c3aee16d-168b-4940-9cd9-e599de894f92,DailyMail.com,J.L. Partners,619,J.L. Partners,,,,,US,3/2/26,3/3/26,,,,dbbc8b69-96c1-46f3-ab70-c38f81598607,1020,rv,,rv,,3/5/26 14:16,,https://www.dailymail.co.uk/news/article-15611199/iran-strikes-trump-approval-rating.html,,,,,,,Donald Trump,,39.73,50.03,10.25
456007cd-e237-4096-825c-eebafc448b35,b2978307-eed3-420a-84ff-9e73574db513,GrayHouse,80498bbd-c692-40cd-95a1-72e4289c4bb7,America One Policies,GrayHouse,,,,,Nonprobability Panel,,US,5/29/25,6/2/25,,,,70591679-630d-42dd-8968-ae79844a31c2,2000,rv,,rv,,3/5/26 14:15,,https://www.americaonepolicies.com/polls/opinions-of-the-one-big-beautiful-bill,,,,,,REP,Donald Trump,,48,49,
f1c85454-193c-4416-8747-a25aedbabfa2,b2978307-eed3-420a-84ff-9e73574db513,GrayHouse,80498bbd-c692-40cd-95a1-72e4289c4bb7,America One Policies,GrayHouse,,,,,Nonprobability Panel,,US,11/7/25,11/9/25,,,,1003619d-73c6-45bc-abac-e2446ac1ad73,1475,rv,,rv,,3/5/26 14:11,,https://www.americaonepolicies.com/polls/government-shutdown-attitudes-wave-4,,,,,,REP,Donald Trump,,45,53,1
bab5b0b3-eb57-4c09-bcad-e3487c94bcd2,b2978307-eed3-420a-84ff-9e73574db513,GrayHouse,80498bbd-c692-40cd-95a1-72e4289c4bb7,America One Policies,GrayHouse,,,,,Nonprobability Panel,,US,7/27/25,7/29/25,,,,62096dce-13b7-484e-88d6-f305fa835be7,2000,rv,,rv,,3/5/26 14:09,,https://www.americaonepolicies.com/polls/selling-the-one-big-beautiful-bill,,,,,,REP,Donald Trump,,46,51,
4c362a87-e724-4da2-b017-bf1f6876915f,2df67459-2691-479a-8c87-f98549fe2429,J.L. Partners,c3aee16d-168b-4940-9cd9-e599de894f92,DailyMail.com,J.L. Partners,619,J.L. Partners,,,,,US,2/25/26,2/27/26,,,,72d62998-b2ba-465e-b3b9-c086fdd7d528,1095,rv,,rv,,3/5/26 11:17,,https://www.dailymail.co.uk/news/article-15611199/iran-strikes-trump-approval-rating.html,,,,,,,Donald Trump,,43.54,47.51,8.23
61f6d2b3-5198-4261-8cbf-0eb564608fa4,3b65bd53-0347-48ff-a808-b054ac635dcc,Angus Reid Global,,,Angus Reid Global,13,Angus Reid Global,,,Nonprobability Panel,,US,3/2/26,3/4/26,,,,448ccb93-0b02-40f2-8741-8f23fc53ad66,1215,a,,a,,3/5/26 8:29,,https://angusreid.org/iran-us-polling-war-invasion-israel-trump/,,,,,,,Donald Trump,,35,58,7
b5ee7944-052b-4469-a086-6c4e1a1a2126,9a75302d-c3be-4e86-ac7b-c6a6a2a52ac3,Trafalgar Group,,,Trafalgar Group,338,Trafalgar Group,,,,,US,3/1/26,3/3/26,,,,bb4b69e7-32b9-4678-a896-b7dd7aee986e,1098,lv,,lv,,3/5/26 8:27,,https://www.thetrafalgargroup.org/wp-content/uploads/2026/03/National-26-Trump-Iran-Approval-Report-0304.pdf,,,,,,REP,Donald Trump,,49.5,48,2.4
a27d679c-4628-46f4-bd93-197f5a4d162e,642c8e51-c965-4a1b-b10d-1614d73cb18d,Quantus Insights,,,Quantus Insights,859,Quantus Insights,,,,,US,3/2/26,3/3/26,,,,726a8943-b38d-4941-877e-9ed5bc40d08a,1624,lv,,lv,,3/4/26 13:59,,https://quantusinsights.org/f/latest-survey-the-hardening-of-american-opinion,,,,,,,Donald Trump,,45.2,53.8,1
94719448-8088-4b11-9fe5-1758416050b6,4da0e617-fda4-4c29-a2c0-1055e6af4eaf,Beacon Research/Shaw & Company Research,d380c59c-d59c-465b-90a9-cb0f2d14e4f0,Fox News,Beacon Research/Shaw & Company Research,103,Beacon Research/Shaw & Co. Research,,,Live Phone/Text-to-Web,,US,2/28/26,3/2/26,,,,a7b69721-e0ce-436f-a7b7-d7223d976a02,1004,rv,,rv,,3/3/26 19:08,,https://static.foxnews.com/foxnews.com/content/uploads/2026/03/fox_feb.-28-mar.-2-2026_national_topline_march-3-release.pdf,,,,,,,Donald Trump,,43,57,0
0b4e5dfa-3614-427e-b552-f0ce993714d1,59ef5d62-c6ba-41a3-b2cd-24b8543e62b9,YouGov,146144a2-08d6-4c6b-b912-f067ed647252,Economist,YouGov,391,YouGov,,,Nonprobability Panel,,US,2/27/26,3/2/26,,,,7fa70cf6-1645-42f6-a0f9-549a7ec7dfb0,1515,a,,a,,3/3/26 9:39,,https://d3nkl3psvxxpe9.cloudfront.net/documents/econTabReport_ubu5DXD.pdf,,,,,,,Donald Trump,,38,59,3
0b4e5dfa-3614-427e-b552-f0ce993714d1,59ef5d62-c6ba-41a3-b2cd-24b8543e62b9,YouGov,146144a2-08d6-4c6b-b912-f067ed647252,Economist,YouGov,391,YouGov,,,Nonprobability Panel,,US,2/27/26,3/2/26,,,,ff04b563-77ad-4f70-98a9-8de6fa2bc4f1,1366,rv,,rv,,3/3/26 9:39,,https://d3nkl3psvxxpe9.cloudfront.net/documents/econTabReport_ubu5DXD.pdf,,,,,,,Donald Trump,,42,56,2
f4968499-94a9-40e1-9475-343241f48cf6,9fd8c20a-f574-4ab8-8081-9e362df9cf29,The Public Sentiment Institute,,,The Public Sentiment Institute,,,,,Nonprobability Panel,,US,2/28/26,2/28/26,,,,1864e4ac-7fa6-4ce2-9305-f2c5234bbaf7,249,lv,,lv,,3/2/26 12:04,,https://tpsiofficial.substack.com/p/what-america-is-actually-thinking,,,,,,,Donald Trump,,40.8,58.8,0.5
f4968499-94a9-40e1-9475-343241f48cf6,9fd8c20a-f574-4ab8-8081-9e362df9cf29,The Public Sentiment Institute,,,The Public Sentiment Institute,,,,,Nonprobability Panel,,US,2/28/26,2/28/26,,,,785a8ed2-1137-4dd7-be6c-f33cbb9e9786,316,rv,,rv,,3/2/26 12:04,,https://tpsiofficial.substack.com/p/what-america-is-actually-thinking,,,,,,,Donald Trump,,35.5,63.3,1.3
281204da-7a65-4cf5-9052-adda8d2ec5a1,e006101f-7fff-4657-a2e9-19e3032386a2,HarrisX/Harris Poll,2659a402-6df7-481c-accb-d06e645828f8,Harvard CAPS,HarrisX/Harris Poll,133,Harris Insights & Analytics,,,,,US,2/25/26,2/26/26,,,,b21774fd-1823-4cec-8dbc-3ae7afc2654f,1999,rv,,rv,,3/2/26 11:15,,https://harvardharrispoll.com/key-results-february-2026/,,,,,,,Donald Trump,,46,49,6
281204da-7a65-4cf5-9052-adda8d2ec5a1,e006101f-7fff-4657-a2e9-19e3032386a2,HarrisX/Harris Poll,2659a402-6df7-481c-accb-d06e645828f8,Harvard CAPS,HarrisX/Harris Poll,133,Harris Insights & Analytics,,,,,US,2/25/26,2/26/26,,,,b99fca74-f2a8-49fa-8dee-f9bc6dd80b0d,,lv,,lv,,3/2/26 11:15,,https://harvardharrispoll.com/key-results-february-2026/,,,,,,,Donald Trump,,50,47,
a02140ee-7116-4fe5-91eb-3031ed8e4a14,b0b42ed9-f490-419e-942f-af97e2cda604,TIPP Insights,e675f835-fdcd-4e92-b5ae-fc65092da4b7,Issues & Insights,TIPP Insights,144,TIPP Insights,,,,,US,2/24/26,2/27/26,,,,54188634-0d9f-4fef-a559-f84c35748e10,1456,a,,a,,3/2/26 8:13,,https://tippinsights.com/trump-ratings-steady-despite-strong-state-of-the-union-foreign-policy-moves-i-i-tipp-poll/,,,,,,,Donald Trump,,40,51,9
29809fc5-5b4c-4b2f-bfad-7d95db4969c0,e2e08257-41fa-4956-ba29-b83cf7163c09,ActiVote,,,ActiVote,721,ActiVote,,,App Panel,,US,2/1/26,2/28/26,,,,43476ade-dbf2-4ef2-bfa6-8c1c6cd16970,580,rv,,rv,,3/2/26 8:10,,https://www.activote.net/trumps-approval-dips/,,,,,,,Donald Trump,,42.4,54.3,3.3
844cd677-498d-452b-8638-6aed0ab834fe,a6ab99b0-9d30-4a77-bbe7-03c9a3566a22,Ipsos,3dc40107-581b-4428-94a4-00d603640476,Reuters,Ipsos,154,Ipsos,,,Probability Panel,,US,2/28/26,3/1/26,,,,b7a40ccf-6a89-47ef-8f30-5558397a3ae0,1282,a,,a,,3/1/26 15:53,,https://www.ipsos.com/en-us/more-americans-disapprove-approve-us-strikes-against-iran,,,,,,,Donald Trump,,39,60,2
cb4640df-6ffd-4a2c-af82-cb4c969cc236,4bc528cc-f55c-4f8b-8c90-adfe09f46c76,Morning Consult,,,Morning Consult,218,Morning Consult,,,,,US,2/28/26,2/28/26,,,,ba2ea65f-cbd3-44db-88ff-8666f794b418,1618,rv,,rv,,3/1/26 15:40,,https://morningconsult.com/articles/trump-iran-strikes-poll,,,,,,,Donald Trump,,44,53,
ea8d2fe0-0340-4194-9bff-4decb56eaab5,ae31ea8f-0d54-476d-ab98-61b258a0a986,RMG Research,62ca8b2a-418d-46f9-8c64-1f4a14ba3a80,Napolitan News Service,RMG Research,555,RMG Research,,,,,US,2/28/26,3/1/26,,,,b89dc0b5-2aa5-48c3-9cc1-17683f65e593,1000,rv,,rv,,3/1/26 15:35,,https://napolitannews.org/posts/just-33-percent-say-its-appropriate-to-attack-a-foreign-nation-to-overthrow-their-government,,,,,,,Donald Trump,,45,54,1
ca171124-80e4-4ab1-9864-5d15bbdcdd46,59ef5d62-c6ba-41a3-b2cd-24b8543e62b9,YouGov,ca805caf-4575-43dd-b894-c0de3467b2fb,CBS News,YouGov,391,YouGov,,,,,US,2/25/26,2/27/26,,,,0f9c3bc1-eda2-44b2-8fc4-e4fb70081c07,2260,a,,a,,3/1/26 13:39,,https://www.cbsnews.com/news/cbs-news-poll-americans-views-on-iran-prior-to-conflict/,,,,,,,Donald Trump,,41,59,
48bf3c0d-9375-4dd4-a122-0c7b3f99f205,9268c8ab-c57b-43d1-8541-c6047caab802,John Zogby Strategies,,,John Zogby Strategies,583,John Zogby Strategies,,,,,US,2/25/26,2/26/26,,,,f4efc835-b9ef-4914-a652-c39b1c4dbef1,1015,lv,,lv,,2/27/26 16:08,,https://johnzogbystrategies.com/presidents-approval-up-3-points-post-state-of-the-union-now-47-approve-50-disapprove-americans-split-even-on-his-iran-policy/,,,,,,,Donald Trump,,47,50,
b9ccc730-7cac-43f5-a357-688974ff0fb1,ddf2f9e6-9c91-43ea-9952-d6b2966becbe,The Winston Group,0b58e143-3d5c-4189-b128-1ad8b3c57fc9,Winning the Issues,The Winston Group,385,,,,,,US,8/30/25,9/1/25,,,,66b5ebfc-0dda-4cca-8477-3a14385ca5fb,1000,rv,,rv,,2/27/26 9:40,,https://www.winningtheissues.org/wp-content/uploads/2026/01/August-2025-WTI-Survey.pdf,,,,,,REP,Donald Trump,,41,52,7
1d9d280f-bc0c-4793-8956-e1aca5acae6b,ddf2f9e6-9c91-43ea-9952-d6b2966becbe,The Winston Group,0b58e143-3d5c-4189-b128-1ad8b3c57fc9,Winning the Issues,The Winston Group,385,,,,,,US,10/15/25,10/16/25,,,,a467ad13-c2e5-41f1-9c88-56ac5f15159b,1000,rv,,rv,,2/27/26 9:39,,https://www.winningtheissues.org/wp-content/uploads/2026/01/October-2025-WTI-National-Survey.pdf,,,,,,REP,Donald Trump,,38,55,7
341fc936-a797-4cd4-9ca6-6421ff23fc9a,ddf2f9e6-9c91-43ea-9952-d6b2966becbe,The Winston Group,0b58e143-3d5c-4189-b128-1ad8b3c57fc9,Winning the Issues,The Winston Group,385,,,,,,US,11/15/25,11/17/25,,,,c476e44a-e01b-48c6-bd98-2e902f2d945a,1000,rv,,rv,,2/27/26 9:36,,https://www.winningtheissues.org/wp-content/uploads/2026/01/November-2025-WTI-Survey.pdf,,,,,,REP,Donald Trump,,36,57,7
c56a7563-cb0e-41cb-9333-12336d5b4067,ae31ea8f-0d54-476d-ab98-61b258a0a986,RMG Research,62ca8b2a-418d-46f9-8c64-1f4a14ba3a80,Napolitan News Service,RMG Research,555,RMG Research,,,,,US,2/18/26,2/26/26,,,,0cf22c6b-5eb9-4025-86b4-4b552caae058,3000,rv,,rv,,2/27/26 9:15,,https://napolitannews.org/assets/pdfs/69a1a58ae552e-gcm26-0225-toplines-trump-job-approval.pdf,,,,,,,Donald Trump,,45,54,1
d7f4136f-f731-4c27-8f37-624fcdc8f8af,ddf2f9e6-9c91-43ea-9952-d6b2966becbe,The Winston Group,0b58e143-3d5c-4189-b128-1ad8b3c57fc9,Winning the Issues,The Winston Group,385,,,,,,US,1/8/26,1/12/26,,,,58cbd27e-ec8d-4868-9a5e-e3df35c5111a,1000,rv,,rv,,2/27/26 8:24,,https://www.winningtheissues.org/2026/01/27/2026-winning-the-issues-research/,,,,,,REP,Donald Trump,,40,52,8
16ec8ac0-8283-4fc0-ba6f-9f81fe577307,9a75302d-c3be-4e86-ac7b-c6a6a2a52ac3,Trafalgar Group,,,Trafalgar Group,338,Trafalgar Group,,,,,US,2/24/26,2/25/26,,,,e4def336-6a59-4a61-835b-88f1ad94ad9c,1084,lv,,lv,,2/26/26 15:11,,https://www.thetrafalgargroup.org/news/trump-approval-0226/,,,,,,REP,Donald Trump,,50.8,47.6,1.6
ded4d44c-c4e5-4170-9476-769cc6d1868d,72908461-a4cf-42da-9ef4-f4299cc7b9d8,Navigator Research,,,Navigator Research,413,Global Strategy Group/GBAO (Navigator Research),,,Nonprobability Panel,,US,2/19/26,2/23/26,,,,1b1ab0fb-48e3-41fa-902f-e81dc0be4fda,1000,rv,,rv,,2/26/26 8:39,,https://navigatorresearch.org/views-of-tariffs-in-the-wake-of-scotus-decision/,,,,,,,Donald Trump,,41,58,1
732818e6-6335-4f8e-807c-57b2bd63beb2,7485e3b7-8959-43d7-985f-95417076d068,Emerson College,,,Emerson College,88,Emerson College,,,Probability Panel/Nonprobability Panel/Text-to-Web,,US,2/21/26,2/22/26,,,,42dcdf00-6a70-4e15-9268-e4a232f7ec6a,1000,lv,,lv,,2/26/26 8:14,,https://emersoncollegepolling.com/february-2026-national-poll-trump-approval-steady-as-disapproval-rises-vance-leads-gop-field-while-democrats-hold-midterm-edge/,,,,,,,Donald Trump,,42.7,54.7,2.6
148dd116-10b3-4d30-b4a2-3ba967125654,59ef5d62-c6ba-41a3-b2cd-24b8543e62b9,YouGov,ca805caf-4575-43dd-b894-c0de3467b2fb,CBS News,YouGov,391,YouGov,,,Nonprobability Panel,,US,2/20/26,2/23/26,,,,5ea4660f-e4f8-4ee1-b0e2-c42f62f91f44,2372,a,,a,,2/25/26 8:19,,https://www.cbsnews.com/news/trump-state-of-the-union-opinion-poll-economy-iran/,,,,,,,Donald Trump,,40,60,
3bd0ab65-04bb-49cb-8911-6e1f3c71195e,4bc528cc-f55c-4f8b-8c90-adfe09f46c76,Morning Consult,,,Morning Consult,218,Morning Consult,,,,,US,2/20/26,2/22/26,,,,9acb321c-0c92-4a03-95e5-915ea79353ac,2202,rv,,rv,,2/25/26 8:16,,https://pro.morningconsult.com/trackers/donald-trump-congress-policy-republicans-polling,,,,,,,Donald Trump,,44,53,2
f2774039-55d5-49ba-8e0e-29c1a9e42c58,80029fd7-3cc7-4be2-93be-cdb8be68ee94,Talker Research,70540668-6892-421a-b9a4-2669c13e1998,Scripps News,Talker Research,,,,,,,US,2/13/26,2/19/26,,,,fa780fcc-90d9-4841-b810-82a59e386745,1000,a,,a,,2/24/26 15:16,,https://www.scrippsnews.com/politics/scripps-news-talker-research-poll-high-interest-in-state-of-the-union-amid-economic-worries,,,,,,,Donald Trump,,44,47,9
c8a24943-4d30-457a-870e-e8576451141f,4bc528cc-f55c-4f8b-8c90-adfe09f46c76,Morning Consult,"9ceb70bb-704e-45d3-91ce-431088a02f9f,0ef6e507-f684-4a2e-ae3c-5aad555bf7e4",Deseret News | Hinckley Institute of Politics,Morning Consult,218,Morning Consult,,,,,US,2/10/26,2/13/26,,,,a5b0610a-cddf-4884-9d0a-035aecaf0b83,2002,rv,,rv,,2/24/26 14:59,,https://www.deseret.com/politics/2026/02/23/president-donald-trump-national-utah-approval-rating/,,,,,,,Donald Trump,,42,55,2
aa3e095a-506e-4069-8e62-d81edd21aa75,59ef5d62-c6ba-41a3-b2cd-24b8543e62b9,YouGov,146144a2-08d6-4c6b-b912-f067ed647252,Economist,YouGov,391,YouGov,,,Nonprobability Panel,,US,2/20/26,2/23/26,,,,3f8ba036-53ae-43f2-93c5-3c9a97e2edaf,1551,a,,a,,2/24/26 9:25,,https://d3nkl3psvxxpe9.cloudfront.net/documents/econTabReport_5ZLQm8s.pdf,,,,,,,Donald Trump,,39,57,4
aa3e095a-506e-4069-8e62-d81edd21aa75,59ef5d62-c6ba-41a3-b2cd-24b8543e62b9,YouGov,146144a2-08d6-4c6b-b912-f067ed647252,Economist,YouGov,391,YouGov,,,Nonprobability Panel,,US,2/20/26,2/23/26,,,,b32205b6-4813-4141-ba82-1e29ce3c6ce4,1402,rv,,rv,,2/24/26 9:25,,https://d3nkl3psvxxpe9.cloudfront.net/documents/econTabReport_5ZLQm8s.pdf,,,,,,,Donald Trump,,42,57,2
13745d87-0ce9-4834-b9e1-185ce781b603,8431696c-6b6d-49d4-a4c5-b7dfff9d1e7f,Bowling Green State University Democracy and Public Policy Research Network/YouGov,,,Bowling Green State University Democracy and Public Policy Research Network/YouGov,868,Bowling Green State University/YouGov,,,Nonprobability Panel,,US,2/13/26,2/18/26,,,,45995b50-b39e-4fcb-b82f-d5b05ab8af26,1200,rv,,rv,,2/24/26 8:40,,https://www.bgsu.edu/arts-and-sciences/democracy-and-public-policy-research-network/bgsu-poll.html,,,,,,,Donald Trump,,41,58,
861c0545-1398-4e53-a29c-6cf7e17bf39b,d64047d4-d15f-4b8d-8d37-714001c5f4f5,Verasight,3b7bcad0-2c0d-43e6-a3fb-2f2c7a55b5bb,Strength In Numbers,Verasight,774,,,,,,US,2/18/26,2/20/26,,,,c239471d-3aaa-47e1-ac53-d59f0f091aa2,1566,a,,a,,2/24/26 8:09,,https://www.gelliottmorris.com/p/ahead-of-state-of-the-union-address,,,,,,,Donald Trump,,37,59,3
c94237e2-3c98-48b8-86e3-10e0c3e4dcc7,a6ab99b0-9d30-4a77-bbe7-03c9a3566a22,Ipsos,3dc40107-581b-4428-94a4-00d603640476,Reuters,Ipsos,154,Ipsos,,,,,US,2/18/26,2/23/26,,,,f495fd0c-b61a-4d5c-9af4-6afe4b5b3aed,4638,a,,a,,2/24/26 8:02,,https://www.reuters.com/data/trumps-approval-rating-2025-01-21/,,,,,,,Donald Trump,,40,58,
dec53856-08ab-4c1d-a35b-e288432b1971,932da08a-7f8a-48e3-a92a-c443c039fbd1,Echelon Insights,,,Echelon Insights,407,Echelon Insights,,,,,US,2/19/26,2/23/26,,,,22ef85f1-8324-49d6-b1d1-7a4a8c78030d,1002,lv,,lv,,2/23/26 17:25,,https://echeloninsights.com/in-the-news/february-2026-verified-voter-omnibus/,,,,,,,Donald Trump,,44,55,1
692254d4-5b41-4a42-80ad-8f309c8d3ffe,ae3b5ee9-8be5-4f3b-b117-6abf33720e63,American Research Group,,,American Research Group,9,American Research Group,,,Live Phone,,US,2/16/26,2/20/26,,,,228f979d-2bc1-44be-8301-af661e964e53,1100,a,,a,,2/23/26 8:33,,https://americanresearchgroup.com/,,,,,,,Donald Trump,,36,62,2
692254d4-5b41-4a42-80ad-8f309c8d3ffe,ae3b5ee9-8be5-4f3b-b117-6abf33720e63,American Research Group,,,American Research Group,9,American Research Group,,,Live Phone,,US,2/16/26,2/20/26,,,,3bb2f041-acff-4a44-a27d-e9a7253143f6,1000,rv,,rv,,2/23/26 8:33,,https://americanresearchgroup.com/,,,,,,,Donald Trump,,36,62,
c1fc0da8-a709-4fe1-b779-1117b24c763d,3be4d123-848b-430a-8168-689af60cefa2,CNN/SSRS,,,CNN/SSRS,844,CNN,,,Probability Panel,,US,2/17/26,2/20/26,,,,1ea696e9-1240-4f48-bbf5-eb4c6a46bdd1,2496,a,,a,,2/23/26 8:11,,https://www.cnn.com/2026/02/23/politics/trump-approval-rating-independents-cnn-poll,,,,,,,Donald Trump,,36,63,0
c1fc0da8-a709-4fe1-b779-1117b24c763d,3be4d123-848b-430a-8168-689af60cefa2,CNN/SSRS,,,CNN/SSRS,844,CNN,,,Probability Panel,,US,2/17/26,2/20/26,,,,a26ce091-ad46-488c-8761-5d81860a83c8,,rv,,rv,,2/23/26 8:11,,https://www.cnn.com/2026/02/23/politics/trump-approval-rating-independents-cnn-poll,,,,,,,Donald Trump,,39,61,0
9aee5108-a7da-4e0e-ac91-7fdc7e429991,a6ab99b0-9d30-4a77-bbe7-03c9a3566a22,Ipsos,"5b8dc7dc-46e0-49e6-aba9-6c646d874d81,c7a0a812-36e4-4d3b-9188-2c64ddb0ac7f",ABC News | The Washington Post,Ipsos,154,Ipsos,,,Probability Panel,,US,2/12/26,2/17/26,,,,5151deb9-dbe3-4f2f-bb3d-59babdc858d2,2087,rv,,rv,,2/23/26 8:04,,https://www.washingtonpost.com/politics/2026/02/22/trump-disapproval-post-poll/,,,,,,,Donald Trump,,41,58,
9aee5108-a7da-4e0e-ac91-7fdc7e429991,a6ab99b0-9d30-4a77-bbe7-03c9a3566a22,Ipsos,"5b8dc7dc-46e0-49e6-aba9-6c646d874d81,c7a0a812-36e4-4d3b-9188-2c64ddb0ac7f",ABC News | The Washington Post,Ipsos,154,Ipsos,,,Probability Panel,,US,2/12/26,2/17/26,,,,cedc5984-a0cb-4828-9865-2880440d15c5,2589,a,,a,,2/23/26 8:04,,https://www.washingtonpost.com/politics/2026/02/22/trump-disapproval-post-poll/,,,,,,,Donald Trump,,39,60,1
dae46f18-cdc6-429d-ac50-837d53555d97,ae31ea8f-0d54-476d-ab98-61b258a0a986,RMG Research,62ca8b2a-418d-46f9-8c64-1f4a14ba3a80,Napolitan News Service,RMG Research,555,RMG Research,,,,,US,2/11/26,2/19/26,,,,dfcf51c4-bb51-4b93-b07a-db0bf55e1632,3000,rv,,rv,,2/20/26 9:05,,https://napolitannews.org/assets/pdfs/6998657206998-gcm26-0218-toplines-trump-job-approval.pdf,,,,,,,Donald Trump,,47,52,2
4ba085cc-dbfb-4975-8c84-8bd953ac328f,312f97da-ebc5-446e-8856-cdded6ea1251,Big Data Poll,"a6d5d2e5-04b3-42f1-adf9-183909d8ec56,b519a86f-dbb8-46a2-8215-6abb6f6f389d",1776 Law Center | Public Polling Project,Big Data Poll,251,Big Data Poll,,,Live Phone/Nonprobability Panel/Text-to-Web,,US,2/16/26,2/18/26,,,,2fb00df2-f6d6-4a8a-b988-e8c6550368c0,2012,rv,,rv,,2/19/26 20:54,,https://www.bigdatapoll.com/blog/democrats-expand-generic-ballot-lead-in-february/,,,,,,,Donald Trump,,42.4,54.6,3
4ba085cc-dbfb-4975-8c84-8bd953ac328f,312f97da-ebc5-446e-8856-cdded6ea1251,Big Data Poll,"a6d5d2e5-04b3-42f1-adf9-183909d8ec56,b519a86f-dbb8-46a2-8215-6abb6f6f389d",1776 Law Center | Public Polling Project,Big Data Poll,251,Big Data Poll,,,Live Phone/Nonprobability Panel/Text-to-Web,,US,2/16/26,2/18/26,,,,6eee9c4b-ec5a-4e74-abc4-b64a4cec5bae,1805,lv,,lv,,2/19/26 20:54,,https://www.bigdatapoll.com/blog/democrats-expand-generic-ballot-lead-in-february/,,,,,,,Donald Trump,,43.6,54.6,1.8
f6cdf84b-8618-486a-8f55-a165730f6562,adedfb3e-f4d9-4121-ae17-125b39b27da3,InsiderAdvantage,,,InsiderAdvantage,243,InsiderAdvantage,,,,,US,2/17/26,2/18/26,,,,f9107bae-71c2-48b4-8224-745834c16d9b,800,lv,,lv,,2/19/26 8:11,,https://insideradvantage.com/trump-approval-exceeds-election-victory-margin-in-new-insideradvantage-national-survey-approve-50-disapprove-46/,,,,,,,Donald Trump,,49.6,46,4.4
7310c876-7273-4892-b939-4ef330110d8d,4bc528cc-f55c-4f8b-8c90-adfe09f46c76,Morning Consult,,,Morning Consult,218,Morning Consult,,,Nonprobability Panel,,US,2/13/26,2/16/26,,,,a9d371fc-be72-4fe6-93e9-a6197b5de12d,2200,rv,,rv,,2/17/26 17:24,,https://pro.morningconsult.com/trackers/donald-trump-congress-policy-republicans-polling,,,,,,,Donald Trump,,42.85,54.72,2.43
a81783c5-8c64-42e8-a9f7-1dc0cb3b2ce2,a6ab99b0-9d30-4a77-bbe7-03c9a3566a22,Ipsos,3dc40107-581b-4428-94a4-00d603640476,Reuters,Ipsos,154,Ipsos,,,Probability Panel,,US,2/13/26,2/16/26,,,,e8366ff9-5de8-4665-a752-7c6eb88324f3,1117,a,,a,,2/17/26 17:05,,https://www.reuters.com/data/trumps-approval-rating-2025-01-21/,,,,,,,Donald Trump,,38,60,
78416ffd-b661-4f0d-aa53-35a0b1c71eb6,59ef5d62-c6ba-41a3-b2cd-24b8543e62b9,YouGov,146144a2-08d6-4c6b-b912-f067ed647252,Economist,YouGov,391,YouGov,,,Nonprobability Panel,,US,2/13/26,2/16/26,,,,93ac623f-4a52-4b32-a647-bf4e75825047,1682,a,,a,,2/17/26 9:59,,https://d3nkl3psvxxpe9.cloudfront.net/documents/econTabReport_usZL1Jt.pdf,,,,,,,Donald Trump,,39,56,5
78416ffd-b661-4f0d-aa53-35a0b1c71eb6,59ef5d62-c6ba-41a3-b2cd-24b8543e62b9,YouGov,146144a2-08d6-4c6b-b912-f067ed647252,Economist,YouGov,391,YouGov,,,Nonprobability Panel,,US,2/13/26,2/16/26,,,,9fbbbcc3-3754-4512-bc17-c665be4cb3d6,1512,rv,,rv,,2/17/26 9:59,,https://d3nkl3psvxxpe9.cloudfront.net/documents/econTabReport_usZL1Jt.pdf,,,,,,,Donald Trump,,43,55,2
16518cf6-ef54-4361-bcb5-e1d14b87e77d,4bc528cc-f55c-4f8b-8c90-adfe09f46c76,Morning Consult,,,Morning Consult,218,Morning Consult,,,,,US,2/6/26,2/9/26,,,,cd874bee-5a92-4a45-81bd-dff3e1fe0830,2200,rv,,rv,,2/17/26 8:37,,https://pro.morningconsult.com/trackers/donald-trump-congress-policy-republicans-polling,,,,,,,Donald Trump,,44,53,3
e7acfe9c-740c-437a-a232-61660201b355,fd91b31c-8953-44da-bfb5-fc15fadb2f5e,The Argument/Verasight,,,The Argument/Verasight,,,,,,,US,2/4/26,2/10/26,,,,6ce566cb-8813-46fd-bb9b-759d52cf043d,3003,rv,,rv,,2/17/26 8:23,,https://www.theargumentmag.com/p/the-trans-rights-backlash-is-real,,,,,,,Donald Trump,,42,57,2
09e0b264-d740-46ae-8794-1073c65b7ce5,59ef5d62-c6ba-41a3-b2cd-24b8543e62b9,YouGov,a0d244bb-0767-423d-ac9f-154189544a48,Yahoo News,YouGov,391,YouGov,,,Nonprobability Panel,,US,2/9/26,2/12/26,,,,239b8e57-52b8-4348-8b77-cd95a0937e48,1149,rv,,rv,,2/16/26 11:25,,https://www.yahoo.com/news/politics/article/poll-trumps-approval-rating-hits-new-low-as-immigration-backlash-grows-and-ice-withdraws-from-minnesota-204723473.html?guccounter=1&guce_referrer=aHR0cHM6Ly9maWZ0eXBsdXNvbmUubmV3cy8&guce_referrer_sig=AQAAAJV8tEJMx3RWuTX0Lx8C6hNZ1MinI-48UyIiJfQFzSvlfin5lkAXLkS3gQmXPgfr2zDF-9o2KdaGpt27QzDmXsgj4DxXDALhBNw6exgO99Z_tDOHU1v_G8GMlc2NFlLV-0Hg2xqEqMh-7m69v7L52L2KPOMuqorpR71OjesnuUQZ,,,,,,,Donald Trump,,42,56,2
09e0b264-d740-46ae-8794-1073c65b7ce5,59ef5d62-c6ba-41a3-b2cd-24b8543e62b9,YouGov,a0d244bb-0767-423d-ac9f-154189544a48,Yahoo News,YouGov,391,YouGov,,,Nonprobability Panel,,US,2/9/26,2/12/26,,,,5769b678-d7e5-4aa0-8ade-1f6bfe2f5789,1704,a,,a,,2/16/26 11:25,,https://www.yahoo.com/news/politics/article/poll-trumps-approval-rating-hits-new-low-as-immigration-backlash-grows-and-ice-withdraws-from-minnesota-204723473.html?guccounter=1&guce_referrer=aHR0cHM6Ly9maWZ0eXBsdXNvbmUubmV3cy8&guce_referrer_sig=AQAAAJV8tEJMx3RWuTX0Lx8C6hNZ1MinI-48UyIiJfQFzSvlfin5lkAXLkS3gQmXPgfr2zDF-9o2KdaGpt27QzDmXsgj4DxXDALhBNw6exgO99Z_tDOHU1v_G8GMlc2NFlLV-0Hg2xqEqMh-7m69v7L52L2KPOMuqorpR71OjesnuUQZ,,,,,,,Donald Trump,,38,58,4
99ad74ec-3548-4b8a-a7b7-2c4de0736ed1,642c8e51-c965-4a1b-b10d-1614d73cb18d,Quantus Insights,,,Quantus Insights,859,Quantus Insights,,,,,US,2/12/26,2/12/26,,,,7dc27e04-2ce5-4330-a464-148a161b921e,1515,lv,,lv,,2/13/26 18:32,,https://quantusinsights.org/f/quantus-insights-national-survey-2026-midterms-break-democrat,,,,,,,Donald Trump,,43.1,56.3,0.6
8a748c75-41e5-48b6-9d54-a1ebcb8ef168,15524f36-81eb-4b8c-b19f-663cee931c01,Focaldata,,,Focaldata,837,Focaldata,,,,,US,1/23/26,1/26/26,,,,5b51705a-a152-4a37-bbe7-186ea445ad02,1709,rv,,rv,,2/13/26 13:58,,https://www.focaldata.com/blog/cost-of-living-fuelling-democrat-strength-in-new-midterms-polling,,,,,,,Donald Trump,,39.81,51.78,8.42
8a748c75-41e5-48b6-9d54-a1ebcb8ef168,15524f36-81eb-4b8c-b19f-663cee931c01,Focaldata,,,Focaldata,837,Focaldata,,,,,US,1/23/26,1/26/26,,,,663cccc0-bdc0-4da5-a118-777a213e8305,2037,a,,a,,2/13/26 13:58,,https://www.focaldata.com/blog/cost-of-living-fuelling-democrat-strength-in-new-midterms-polling,,,,,,,Donald Trump,,37,51,13
8a748c75-41e5-48b6-9d54-a1ebcb8ef168,15524f36-81eb-4b8c-b19f-663cee931c01,Focaldata,,,Focaldata,837,Focaldata,,,,,US,1/23/26,1/26/26,,,,6e892f7d-c860-4d3c-a3a6-49368dd1c7fe,1709,lv,,lv,,2/13/26 13:58,,https://www.focaldata.com/blog/cost-of-living-fuelling-democrat-strength-in-new-midterms-polling,,,,,,,Donald Trump,,41.15,52.95,5.39
9918e3b9-4acf-4ebd-9ced-82792a8e150f,15524f36-81eb-4b8c-b19f-663cee931c01,Focaldata,,,Focaldata,837,Focaldata,,,,,US,2/10/26,2/10/26,,,,0a6582f9-a03c-477a-8ac5-646931310f5a,957,rv,,rv,,2/13/26 13:29,,https://www.focaldata.com/blog/cost-of-living-fuelling-democrat-strength-in-new-midterms-polling,,,,,,,Donald Trump,,37,54,9
9918e3b9-4acf-4ebd-9ced-82792a8e150f,15524f36-81eb-4b8c-b19f-663cee931c01,Focaldata,,,Focaldata,837,Focaldata,,,,,US,2/10/26,2/10/26,,,,172b381f-ed90-4edc-af6e-f5644f011b49,1148,a,,a,,2/13/26 13:29,,https://www.focaldata.com/blog/cost-of-living-fuelling-democrat-strength-in-new-midterms-polling,,,,,,,Donald Trump,,34,53,13
9918e3b9-4acf-4ebd-9ced-82792a8e150f,15524f36-81eb-4b8c-b19f-663cee931c01,Focaldata,,,Focaldata,837,Focaldata,,,,,US,2/10/26,2/10/26,,,,23ee1086-fd9a-494e-89eb-b22692712f2a,957,lv,,lv,,2/13/26 13:29,,https://www.focaldata.com/blog/cost-of-living-fuelling-democrat-strength-in-new-midterms-polling,,,,,,,Donald Trump,,39,56,6
1bc37199-6979-4ef3-be20-044b503cf325,ae31ea8f-0d54-476d-ab98-61b258a0a986,RMG Research,62ca8b2a-418d-46f9-8c64-1f4a14ba3a80,Napolitan News Service,RMG Research,555,RMG Research,,,,,US,2/4/26,2/12/26,,,,0d5f0c54-973f-4aad-8e70-edb2b209efcf,3000,rv,,rv,,2/13/26 9:43,,https://napolitannews.org/assets/pdfs/698f36c335a48-gcm26-0211-toplines-trump-job-approval.pdf,,,,,,,Donald Trump,,47,51,2
24c0a76e-e61d-4340-8cfd-98ac269a09b1,8b045463-75a0-4929-afae-f29505f2a156,Echelon Insights/GBAO,d53e74ef-c24f-4977-a5e1-5ecf7a397c1c,AARP,Echelon Insights/GBAO,740,Echelon Insights/GBAO,,,,,US,12/9/25,12/16/25,,,,505e7111-35e5-4a5a-8c6f-628de224c21b,2593,lv,,lv,,2/12/26 9:46,,https://www.aarp.org/pri/topics/work-finances-retirement/financial-security-retirement/shes-the-difference-financial-security/,,,,,,,Donald Trump,,44,55,1
0b6aeac1-6ef5-4162-8fed-d1b392c28fc4,bd24b786-354a-4dae-8616-a5a888d550e4,AP-NORC,,,AP-NORC,397,AP-NORC,,,Probability Panel,,US,2/5/26,2/8/26,,,,55594439-22d3-4b57-9919-44166579b4f0,1156,a,,a,,2/12/26 8:14,,https://apnorc.org/projects/about-6-in-10-think-trump-has-gone-too-far-when-it-comes-to-deploying-federal-immigration-agents-in-major-u-s-cities/,,,,,,,Donald Trump,,36,62,2
9f87c793-4cef-4008-84d7-a403d9e40d8a,5a7ec4cc-59c7-44e0-b7c0-e78c05f19438,GBAO,"2d85208a-737f-45c9-98f2-d3d7e1eeac67,4d929913-53d8-4ab5-8ecf-09478edebd6c,c322589a-fef0-42dd-a48e-8323fdb56242",Care in Action | Community Change Action | FWD.us,GBAO,109,,,,Nonprobability Panel,,US,2/6/26,2/9/26,,,,3c8a2c08-2d7a-4120-bfdf-56b22e226e16,1000,rv,,rv,,2/11/26 11:40,,https://www.politico.com/newsletters/playbook/2026/02/11/dons-double-defeat-00775533,,,,,,DEM,Donald Trump,,43,57,
426a32fd-aeb3-4220-a8d9-28d0317c7165,c429da10-5aa0-445e-9800-039c0a295b43,SurveyMonkey,4678387e-860f-4e2a-901e-183baf18cf83,NBC News Decision Desk,SurveyMonkey,324,SurveyMonkey,,,Nonprobability Panel,,US,1/27/26,2/6/26,,,,f92bdd91-299e-460a-a29f-9fa5197ef3d4,21995,a,,a,,2/11/26 8:16,,https://www.nbcnews.com/politics/trump-administration/poll-trumps-ratings-immigration-tumble-americans-lose-confidence-top-i-rcna258159,,,,,,,Donald Trump,,39,61,
0936b486-6693-4ba2-908b-7646a89b62c7,59ef5d62-c6ba-41a3-b2cd-24b8543e62b9,YouGov,146144a2-08d6-4c6b-b912-f067ed647252,Economist,YouGov,391,YouGov,,,Nonprobability Panel,,US,2/6/26,2/9/26,,,,06eab20f-7aae-49cd-9c33-8ac33d750a91,1730,a,,a,,2/10/26 9:56,,https://d3nkl3psvxxpe9.cloudfront.net/documents/econTabReport_vNnwPx2.pdf,,,,,,,Donald Trump,,37,56,6
0936b486-6693-4ba2-908b-7646a89b62c7,59ef5d62-c6ba-41a3-b2cd-24b8543e62b9,YouGov,146144a2-08d6-4c6b-b912-f067ed647252,Economist,YouGov,391,YouGov,,,Nonprobability Panel,,US,2/6/26,2/9/26,,,,cba5bd90-ecde-409b-9dff-017a3528a13f,1551,rv,,rv,,2/10/26 9:56,,https://d3nkl3psvxxpe9.cloudfront.net/documents/econTabReport_vNnwPx2.pdf,,,,,,,Donald Trump,,40,57,3
77b02317-04b6-4540-800a-8a665f6f51f8,4bc528cc-f55c-4f8b-8c90-adfe09f46c76,Morning Consult,,,Morning Consult,218,Morning Consult,,,,,US,2/2/26,2/8/26,,,,e84240e8-3c8f-4741-ad8b-f8d451853db1,,a,,a,,2/9/26 10:17,,https://pro.morningconsult.com/trackers/global-leader-approval,,,,,,,Donald Trump,,40,54.2,5.8
af75bd0f-edda-4d4d-a791-457b17bfe65b,9268c8ab-c57b-43d1-8541-c6047caab802,John Zogby Strategies,,,John Zogby Strategies,583,John Zogby Strategies,,,Nonprobability Panel,,US,2/4/26,2/5/26,,,,089b6d1c-569b-4c83-b198-3ecb38e833b6,1000,lv,,lv,,2/6/26 15:56,,https://johnzogbystrategies.com/the-presidents-approval-ratings-underwater-on-overall-job-all-key-voter-issues/,,,,,,,Donald Trump,,44,54,
33d52e49-1bf7-4fbe-b198-e8b244945bc9,ae31ea8f-0d54-476d-ab98-61b258a0a986,RMG Research,62ca8b2a-418d-46f9-8c64-1f4a14ba3a80,Napolitan News Service,RMG Research,555,RMG Research,,,,,US,1/28/26,2/4/26,,,,cc1ebee3-d2d5-47f7-bc57-4bd59dd7f52b,3000,rv,,rv,,2/6/26 15:09,,https://napolitannews.org/assets/pdfs/698f3c6b7f7af-gcm26-0204-toplines-trump-job-approval.pdf,,,,,,,Donald Trump,,46,53,
c9ae98b8-b14e-4017-a4a9-65744bfd5876,a8db55ca-987d-4afd-83dc-e3f5f077682a,Marist University,"5da73c82-ac8b-4f47-b3a3-0739b4ebf473,2404c1ad-3f79-4130-a46c-9a3a63a1b6d9",NPR | PBS News,Marist University,183,Marist College,,,Live Phone/Text/Nonprobability Panel,,US,1/27/26,1/30/26,,,,3f7e4d23-e2f2-42ed-beed-547b2def554c,1326,rv,,rv,,2/5/26 8:11,,https://maristpoll.marist.edu/polls/the-actions-of-ice-february-2026/,,,,,,,Donald Trump,,39,57,3
c9ae98b8-b14e-4017-a4a9-65744bfd5876,a8db55ca-987d-4afd-83dc-e3f5f077682a,Marist University,"5da73c82-ac8b-4f47-b3a3-0739b4ebf473,2404c1ad-3f79-4130-a46c-9a3a63a1b6d9",NPR | PBS News,Marist University,183,Marist College,,,Live Phone/Text/Nonprobability Panel,,US,1/27/26,1/30/26,,,,a5a318d4-b73e-4a47-9bc4-4b1259c83333,1462,a,,a,,2/5/26 8:11,,https://maristpoll.marist.edu/polls/the-actions-of-ice-february-2026/,,,,,,,Donald Trump,,39,56,5
bd6dbb84-5b3f-4de2-b986-be590ca7c844,daec1c64-6ced-4bd1-992a-bf7e95b32f74,Quinnipiac University,,,Quinnipiac University,267,Quinnipiac University,,,Live Phone,,US,1/29/26,2/2/26,,,,b9d4fca9-393e-4014-87b2-100a8f1d8317,1191,rv,,rv,,2/4/26 14:01,,https://poll.qu.edu/poll-release?releaseid=3946,,,,,,,Donald Trump,,37,56,7
dd7e1d36-bcd1-4a5d-9bfd-8f3012b9178f,72908461-a4cf-42da-9ef4-f4299cc7b9d8,Navigator Research,,,Navigator Research,413,Global Strategy Group/GBAO (Navigator Research),,,Nonprobability Panel,,US,1/29/26,2/1/26,,,,25e2a3b0-7237-4483-8608-7fbdd74ee662,1000,rv,,rv,,2/4/26 8:28,,https://navigatorresearch.org/americans-continue-to-sour-on-ice/,,,,,,,Donald Trump,,41,56,3
6a1219e5-6c28-4e90-9957-8dab9718936a,d4af6439-dec0-4fa7-826b-5b409e1f3280,Marquette University Law School,,,Marquette University Law School,195,,,,Probability Panel,,US,1/21/26,1/28/26,,,,9642a0d0-a18b-4fbb-b176-f926eb7133da,1003,a,,a,,2/4/26 8:17,,https://law.marquette.edu/poll/2026/02/04/detailed-results-of-the-marquette-law-school-supreme-court-poll-jan-21-28-2025-national-issues/,,,,,,,Donald Trump,,42,58,0
03c5b632-4a2f-4946-b320-c8db00ac4912,adedfb3e-f4d9-4121-ae17-125b39b27da3,InsiderAdvantage,,,InsiderAdvantage,243,InsiderAdvantage,,,,,US,1/31/26,2/1/26,,,,a87aed05-e5e3-41ac-aaed-fac2774de022,1000,lv,,lv,,2/3/26 11:36,,https://insideradvantage.com/insideradvantage-national-survey-trump-bounces-back-to-50-approval-nearly-60-say-melania-trump-media-coverage-is-biased/,,,,,,,Donald Trump,,50,49,1
e41e3b1f-6144-404c-af43-4d57c8899a9d,59ef5d62-c6ba-41a3-b2cd-24b8543e62b9,YouGov,146144a2-08d6-4c6b-b912-f067ed647252,Economist,YouGov,391,YouGov,,,Nonprobability Panel,,US,1/30/26,2/2/26,,,,ab17ef7c-3873-401c-baf6-cdffb4df0f2d,1672,a,,a,,2/3/26 9:54,,https://d3nkl3psvxxpe9.cloudfront.net/documents/econTabReport_DDIQ8jz.pdf,,,,,,,Donald Trump,,40,54,5
e41e3b1f-6144-404c-af43-4d57c8899a9d,59ef5d62-c6ba-41a3-b2cd-24b8543e62b9,YouGov,146144a2-08d6-4c6b-b912-f067ed647252,Economist,YouGov,391,YouGov,,,Nonprobability Panel,,US,1/30/26,2/2/26,,,,caa27194-e3bb-485d-8bba-75ede11329d3,1504,rv,,rv,,2/3/26 9:54,,https://d3nkl3psvxxpe9.cloudfront.net/documents/econTabReport_DDIQ8jz.pdf,,,,,,,Donald Trump,,42,55,3
2d03e041-6ef4-4070-a6c5-2cee567bc0e3,9b245451-0334-4f8c-909e-b48d602feb76,Public Policy Polling,6b666f0d-69d7-4307-a4db-7366fc9e25a2,Progress Action Fund (hybrid PAC),Public Policy Polling,263,Public Policy Polling,,,,,US,1/13/26,1/14/26,,,,ede7ed08-0cc9-44f1-b9d2-23e329438d43,597,rv,,rv,,2/3/26 8:29,,https://progressactionfund.com/new-poll-independent-voters-would-rather-shut-down-the-government-than-fund-ice-by-16-points/,,,,,,DEM,Donald Trump,,44,52,3
bf419721-4470-4b71-8672-ead8e08462b2,4bc528cc-f55c-4f8b-8c90-adfe09f46c76,Morning Consult,,,Morning Consult,218,Morning Consult,,,Nonprobability Panel,,US,1/30/26,2/1/26,,,,6abeedc5-8023-49ac-b561-ecbecd2fcedb,2201,rv,,rv,,2/2/26 16:18,,https://pro.morningconsult.com/trackers/donald-trump-congress-policy-republicans-polling,,,,,,,Donald Trump,,45,53,2
8c7ed78e-3d6a-4cc3-9439-619bc87687dd,e006101f-7fff-4657-a2e9-19e3032386a2,HarrisX/Harris Poll,2659a402-6df7-481c-accb-d06e645828f8,Harvard CAPS,HarrisX/Harris Poll,133,Harris Insights & Analytics,,,Nonprobability Panel,,US,1/28/26,1/29/26,,,,19a1f691-66ae-4b3f-8c28-1064b1ec11ba,,lv,,lv,,2/2/26 10:31,,https://harvardharrispoll.com/key-results-january-6/,,,,,,,Donald Trump,,48,51,
8c7ed78e-3d6a-4cc3-9439-619bc87687dd,e006101f-7fff-4657-a2e9-19e3032386a2,HarrisX/Harris Poll,2659a402-6df7-481c-accb-d06e645828f8,Harvard CAPS,HarrisX/Harris Poll,133,Harris Insights & Analytics,,,Nonprobability Panel,,US,1/28/26,1/29/26,,,,6340735a-0e10-400b-8d2a-62faa626664d,2000,rv,,rv,,2/2/26 10:31,,https://harvardharrispoll.com/key-results-january-6/,,,,,,,Donald Trump,,45,51,4
466b67cb-9ad0-42b8-ad69-4edc74751a9c,9b245451-0334-4f8c-909e-b48d602feb76,Public Policy Polling,,,Public Policy Polling,263,Public Policy Polling,,,,,US,1/29/26,1/30/26,,,,ff6a7515-8e22-410d-a990-1fcdc93f4323,652,rv,,rv,,2/2/26 8:26,,https://www.publicpolicypolling.com/polls/independents-moving-strongly-against-trump-gop/,,,,,,,Donald Trump,,39,56,5
d46a4a94-789b-4984-bfcd-a6bffa9876ee,b0b42ed9-f490-419e-942f-af97e2cda604,TIPP Insights,e675f835-fdcd-4e92-b5ae-fc65092da4b7,Issues & Insights,TIPP Insights,144,TIPP Insights,,,,,US,1/27/26,1/29/26,,,,307268fc-60f9-413e-aa6c-e6c4c23ac808,1384,a,,a,,2/2/26 8:23,,https://issuesinsights.com/2026/02/02/despite-trumps-triumphs-his-presidential-favorability-ratings-remain-stuck-in-a-rut-ii-tipp-poll/,,,,,,,Donald Trump,,40,51,8
a19631e1-1211-4a6c-9034-7b91a6fd537e,e2e08257-41fa-4956-ba29-b83cf7163c09,ActiVote,,,ActiVote,721,ActiVote,,,App Panel,,US,1/1/26,1/31/26,,,,a8557c93-6ac3-416e-8eb6-761d53790495,490,rv,,rv,,2/2/26 8:19,,https://www.activote.net/trumps-approval-back-to-normal/,,,,,,,Donald Trump,,44,52.7,3.4
9ac03a25-8d2b-4fd4-83c3-142aca31637c,ae31ea8f-0d54-476d-ab98-61b258a0a986,RMG Research,62ca8b2a-418d-46f9-8c64-1f4a14ba3a80,Napolitan News Service,RMG Research,555,RMG Research,,,,,US,1/21/26,1/28/26,,,,944db53d-966d-454f-9326-11e28d93b0fb,3000,rv,,rv,,1/30/26 9:41,,https://napolitannews.org/assets/pdfs/697cbecd4cb65-gcm26-0128-toplines-trump-job-approval.pdf,,,,,,,Donald Trump,,48,51,1
61ff26e4-3814-42cf-b88c-b16e0965b92b,d7661595-0345-4bf2-b37b-f8fa234d783c,Pew Research Center,,,Pew Research Center,253,Pew Research Center,,,Probability Panel,,US,1/20/26,1/26/26,,,,1594ad9d-16a3-412e-b013-8ec43543c2b6,8378,a,,a,,1/29/26 15:34,,https://www.pewresearch.org/politics/2026/01/29/confidence-in-trump-dips-and-fewer-now-say-they-support-his-policies-and-plans/?utm_source=AdaptiveMailer&utm_medium=email&utm_campaign=26-01-29+W185+Main+Report&org=982&lvl=100&ite=17283&lea=4830802&ctr=0&par=1&trk=a0DQm00000AFTqLMAX,,,,,,,Donald Trump,,37,61,2
75488c31-74ad-4809-969f-15251beca098,fd91b31c-8953-44da-bfb5-fc15fadb2f5e,The Argument/Verasight,,,The Argument/Verasight,,,,,,,US,1/26/26,1/27/26,,,,0d347552-9037-47b4-b186-6877a100d14e,1515,rv,,rv,,1/29/26 8:46,,https://www.theargumentmag.com/p/immigration-is-turning-into-a-disaster,,,,,,,Donald Trump,,42,57,1
fac3f0af-d2ba-4fe1-a885-0a066568ef53,4da0e617-fda4-4c29-a2c0-1055e6af4eaf,Beacon Research/Shaw & Company Research,d380c59c-d59c-465b-90a9-cb0f2d14e4f0,Fox News,Beacon Research/Shaw & Company Research,103,Beacon Research/Shaw & Co. Research,,,Text-to-Web/Live Phone,,US,1/23/26,1/26/26,,,,69086f0d-ec0a-44f0-95ee-d8aabc1ab3bf,1005,rv,,rv,,1/29/26 8:16,,https://www.foxnews.com/politics/fox-news-poll-donald-trump-starts-2026-44-approval,,,,,,,Donald Trump,,44,56,0
38f25bf6-5182-4662-9261-49be9b8e2d13,9824a356-03ef-4183-8d56-72de54a66fee,Clarity Campaign Labs,,,Clarity Campaign Labs,52,Clarity Campaign Labs,,,Nonprobability Panel,,US,1/15/26,1/22/26,,,,d4149f34-216e-4d74-8ac3-ba8536191f0c,1147,lv,,lv,,1/28/26 14:48,,https://www.claritycampaigns.com/clarity-omnibus-jan-2026,,,,,,,Donald Trump,,43,56,2
03012810-0521-4945-8f8b-a63f2ecf4a0b,051ba522-1b39-4264-b05f-81a45419f175,Tavern Research,fd0e1148-1cf9-4ed4-af6f-d353c0fea0fe,Searchlight,Tavern Research,,,,,,,US,1/23/26,1/26/26,,,,4fab81da-d94a-45ac-ae78-9bf6834a06aa,1507,lv,,lv,,1/28/26 9:50,,https://www.searchlightinstitute.org/wp-content/uploads/2026/01/Memo-Play-Hardball-and-Use-Your-Leverage-to-Reform-ICE.pdf,,,,,,,Donald Trump,,42,56,2
2f5cb522-2d88-438f-83c4-930da9c44235,2df67459-2691-479a-8c87-f98549fe2429,J.L. Partners,c3aee16d-168b-4940-9cd9-e599de894f92,DailyMail.com,J.L. Partners,619,J.L. Partners,,,,,US,1/26/26,1/26/26,,,,f88ed827-31b8-4ff6-8d43-087c343edc56,1027,rv,,rv,,1/27/26 17:19,,https://jlpartners.com/nationwide-registered-voters-january-2026,,,,,,,Donald Trump,,40.99,50.91,8.11
b5e1208d-a145-4180-8f86-346c637dcc94,4bc528cc-f55c-4f8b-8c90-adfe09f46c76,Morning Consult,,,Morning Consult,218,Morning Consult,,,,,US,1/23/26,1/25/26,,,,3f90b42b-f9ae-4432-94c7-20ced1892cd5,2204,rv,,rv,,1/27/26 11:15,,https://pro.morningconsult.com/trackers/donald-trump-congress-policy-republicans-polling,,,,,,,Donald Trump,,45.29,51.81,2.9
9bf1ef02-6786-4924-803c-d0289df4b72d,4fc04fd0-4728-402e-8cde-10b23b5d15b4,RealClear Opinion Research,b883666c-68af-4c6f-bdee-0007f566dba4,Unite America,RealClear Opinion Research,307,,,,Text-to-Web/Nonprobability Panel,,US,1/9/26,1/11/26,,,,85b3fcc1-ea62-4f5d-8d07-e34b695653ce,1500,rv,,rv,,1/27/26 9:24,,https://docsend.com/view/vnuwapsu252g3au7,,,,,,,Donald Trump,,39.5,50.2,10.3
e82586e6-9d8e-485d-94ae-2d02786b1a34,59ef5d62-c6ba-41a3-b2cd-24b8543e62b9,YouGov,146144a2-08d6-4c6b-b912-f067ed647252,Economist,YouGov,391,YouGov,,,Nonprobability Panel,,US,1/23/26,1/26/26,,,,3333e394-f999-4fdf-ba2d-c62914852317,1520,rv,,rv,,1/27/26 9:17,,https://d3nkl3psvxxpe9.cloudfront.net/documents/econTabReport_8FWGyNz.pdf,,,,,,,Donald Trump,,41,57,2
e82586e6-9d8e-485d-94ae-2d02786b1a34,59ef5d62-c6ba-41a3-b2cd-24b8543e62b9,YouGov,146144a2-08d6-4c6b-b912-f067ed647252,Economist,YouGov,391,YouGov,,,Nonprobability Panel,,US,1/23/26,1/26/26,,,,985f4a2c-646a-4c6b-bb66-cafd3085c2b4,1684,a,,a,,1/27/26 9:17,,https://d3nkl3psvxxpe9.cloudfront.net/documents/econTabReport_8FWGyNz.pdf,,,,,,,Donald Trump,,39,57,4
ab6331ae-5c52-416a-853d-acf62be05574,312f97da-ebc5-446e-8856-cdded6ea1251,Big Data Poll,b519a86f-dbb8-46a2-8215-6abb6f6f389d,Public Polling Project,Big Data Poll,251,Big Data Poll,,,Live Phone/Text-to-Web/Nonprobability Panel,,US,1/22/26,1/24/26,,,,54e8a6d5-7785-4eba-8317-3d8ef264cc92,3280,rv,,rv,,1/27/26 8:26,,https://www.bigdatapoll.com/blog/trumps-one-year-approval-overall-on-key-issues-takes-hit/,,,,,,,Donald Trump,,44.8,51.9,3.1
5ada2b14-21f1-41b2-9d26-253b3f9b396f,a6ab99b0-9d30-4a77-bbe7-03c9a3566a22,Ipsos,3dc40107-581b-4428-94a4-00d603640476,Reuters,Ipsos,154,Ipsos,,,Probability Panel,,US,1/23/26,1/25/26,,,,a9792f34-87ad-4a7f-90ac-f1e300bc10ea,1139,a,,a,,1/26/26 16:48,,https://www.reuters.com/data/trumps-approval-rating-2025-01-21/,,,,,,,Donald Trump,,38,59,
c6392b3b-ad6e-4891-8ad1-981a5a7b9728,932da08a-7f8a-48e3-a92a-c443c039fbd1,Echelon Insights,,,Echelon Insights,407,Echelon Insights,,,,,US,1/22/26,1/26/26,,,,6abc2496-0aa1-459f-ab99-9be7ee4411c5,1029,lv,,lv,,1/26/26 15:33,,https://echeloninsights.com/in-the-news/january-2026-verified-voter-omnibus/,,,,,,,Donald Trump,,41,57,2
6ca5d514-8b0f-47a2-a138-49e842e9aa3c,59ef5d62-c6ba-41a3-b2cd-24b8543e62b9,YouGov,,,YouGov,391,YouGov,,,Nonprobability Panel,,US,1/16/26,1/22/26,,,,065bbf04-570c-4a48-ace7-7f5836b6d315,2224,a,,a,,1/26/26 11:54,,https://d3nkl3psvxxpe9.cloudfront.net/documents/Trump_Issue_Handling_poll_results_84DsE0W.pdf,,,,,,,Donald Trump,,38,58,4
bcd5453d-89bb-4e59-bcb5-742de652c046,598f59c0-e1d5-4658-b384-c5ffa68cfbf8,Research Co.,,,Research Co.,449,Research Co.,,,,,US,1/13/26,1/15/26,,,,97bd3f92-ad1d-4950-9448-71e180e312b4,1002,a,,a,,1/26/26 11:28,,https://researchco.ca/2026/01/26/amendment/,,,,,,,Donald Trump,,42,53,5
cdf6b0ba-57d4-46fd-92ae-cc5c66866129,ae31ea8f-0d54-476d-ab98-61b258a0a986,RMG Research,62ca8b2a-418d-46f9-8c64-1f4a14ba3a80,Napolitan News Service,RMG Research,555,RMG Research,,,,,US,1/14/26,1/21/26,,,,8ff591db-6e71-4a01-9498-286999957f0c,3000,rv,,rv,,1/23/26 8:25,,https://napolitannews.org/assets/pdfs/697374fc314f8-gcm26-0121-toplines-trump-job-approval.pdf,,,,,,,Donald Trump,,47,51,1
3b026080-765d-45f5-9d03-ea6f139cb4ee,642c8e51-c965-4a1b-b10d-1614d73cb18d,Quantus Insights,,,Quantus Insights,859,Quantus Insights,,,Nonprobability Panel/Text,,US,1/20/26,1/22/26,,,,f1a4bb9a-9993-49a1-ba86-092932dcf0ba,1000,rv,,rv,,1/22/26 16:48,,https://quantusinsights.org/f/trump-at-one-year-job-approval-and-key-issues,,,,,,,Donald Trump,,43.5,51.6,4.9
f1039b49-3385-40ee-81a6-bf41d0dfa051,3b65bd53-0347-48ff-a808-b054ac635dcc,Angus Reid Global,,,Angus Reid Global,13,Angus Reid Global,,,Nonprobability Panel,,US,1/16/26,1/20/26,,,,b463a5a9-613d-4d13-a662-b58c62f4a15d,1838,a,,a,,1/22/26 9:52,,https://angusreid.org/one-year-of-donald-trump/,,,,,,,Donald Trump,,37,56,7
5893f042-33e2-4f35-b08a-0f9fef854ac3,7485e3b7-8959-43d7-985f-95417076d068,Emerson College,,,Emerson College,88,Emerson College,,,Probability Panel/Nonprobability Panel/Text-to-Web,,US,1/17/26,1/19/26,,,,232b807d-bf32-4757-a549-da5961f84b16,1000,lv,,lv,,1/22/26 8:05,,https://emersoncollegepolling.com/january-2026-national-poll/,,,,,,,Donald Trump,,43.2,51.3,5.4
228103d2-efe9-4b80-b6c9-33658ea9db7a,92215ea1-dfa7-4284-a40b-477b73739ee6,The New York Times/Siena University,,,The New York Times/Siena University,448,The New York Times/Siena College,,,Text-to-Web/Live Phone,,US,1/12/26,1/17/26,,,,cd9d5eb7-6375-42bb-af53-3521d72e0de5,1625,rv,,rv,,1/22/26 1:47,,https://www.nytimes.com/interactive/2026/01/22/polls/times-siena-national-poll-crosstabs.html,,,,,,,Donald Trump,,40.39,56.26,3.35
285bbbea-5fed-4c92-8959-38b9461405e1,ae3b5ee9-8be5-4f3b-b117-6abf33720e63,American Research Group,,,American Research Group,9,American Research Group,,,Live Phone,,US,1/16/26,1/20/26,,,,4a58bec0-2c12-49c7-ae00-9ed32257751a,,rv,,rv,,1/21/26 8:55,,https://americanresearchgroup.com/economy/,,,,,,,Donald Trump,,35,63,
285bbbea-5fed-4c92-8959-38b9461405e1,ae3b5ee9-8be5-4f3b-b117-6abf33720e63,American Research Group,,,American Research Group,9,American Research Group,,,Live Phone,,US,1/16/26,1/20/26,,,,6a915184-9e19-4587-a766-d16aec09dfc1,1100,a,,a,,1/21/26 8:55,,https://americanresearchgroup.com/economy/,,,,,,,Donald Trump,,35,63,2
4b34263e-6bd9-49e0-9cc5-e8cf71b4a953,d64047d4-d15f-4b8d-8d37-714001c5f4f5,Verasight,3b7bcad0-2c0d-43e6-a3fb-2f2c7a55b5bb,Strength In Numbers,Verasight,774,,,,,,US,1/14/26,1/20/26,,,,65e395a1-e82c-451d-9e52-51cf3a3399c5,1532,a,,a,,1/21/26 8:25,,https://www.gelliottmorris.com/p/new-poll-trump-slips-on-immigration,,,,,,,Donald Trump,,40,58,2
39054aa9-c38d-47ca-987e-90758da03e52,59ef5d62-c6ba-41a3-b2cd-24b8543e62b9,YouGov,,,YouGov,391,YouGov,,,Nonprobability Panel,,US,1/16/26,1/18/26,,,,dbd3e2e5-5f9a-4bdb-bcb5-665d6c789b47,1094,a,,a,,1/20/26 15:33,,https://d3nkl3psvxxpe9.cloudfront.net/documents/Evaluations_of_Trump_s_Presidency_poll_results.pdf,,,,,,,Donald Trump,,39,57,4
ee7c2d42-5d0e-41f1-830c-4fe6cfa0b555,59ef5d62-c6ba-41a3-b2cd-24b8543e62b9,YouGov,146144a2-08d6-4c6b-b912-f067ed647252,Economist,YouGov,391,YouGov,,,Nonprobability Panel,,US,1/16/26,1/19/26,,,,06142c7d-f8be-4b85-8740-b67f046df38f,1549,rv,,rv,,1/20/26 9:19,,https://d3nkl3psvxxpe9.cloudfront.net/documents/econTabReport_z9wtNZI.pdf,,,,,,,Donald Trump,,41,56,3
ee7c2d42-5d0e-41f1-830c-4fe6cfa0b555,59ef5d62-c6ba-41a3-b2cd-24b8543e62b9,YouGov,146144a2-08d6-4c6b-b912-f067ed647252,Economist,YouGov,391,YouGov,,,Nonprobability Panel,,US,1/16/26,1/19/26,,,,063b107c-a828-4e98-978b-4b10bf45eeec,1722,a,,a,,1/20/26 9:19,,https://d3nkl3psvxxpe9.cloudfront.net/documents/econTabReport_z9wtNZI.pdf,,,,,,,Donald Trump,,37,57,6
ac21ffa5-caf8-46ae-bff9-554924dd0d99,4bc528cc-f55c-4f8b-8c90-adfe09f46c76,Morning Consult,,,Morning Consult,218,Morning Consult,,,,,US,1/16/26,1/18/26,,,,67ec47df-037d-4a6b-b7f1-03daecf09c50,2201,rv,,rv,,1/20/26 8:23,,https://pro.morningconsult.com/trackers/donald-trump-congress-policy-republicans-polling,,,,,,,Donald Trump,,46,51,3
0ed0092d-d1e1-4fd9-9ab8-36ae2f80e67c,59ef5d62-c6ba-41a3-b2cd-24b8543e62b9,YouGov,ca805caf-4575-43dd-b894-c0de3467b2fb,CBS News,YouGov,391,YouGov,,,,,US,1/14/26,1/16/26,,,,80c6d0c2-967c-4ef5-8fd8-48f6d90313cf,2515,a,,a,,1/19/26 9:33,,https://www.cbsnews.com/news/ice-trump-greenland-trump-poll/,,,,,,,Donald Trump,,41,59,
a0b917c8-c8b4-4a93-8c62-1b38620caa87,af3519fb-170f-4fff-ab14-eb5275b8d837,Impact Research/National Research Inc.,fb984452-b72b-4bb3-af15-bd60a772b36a,Wall Street Journal,Impact Research/National Research Inc.,,,,,Text-to-Web/Live Phone,,US,1/8/26,1/13/26,,,,82ac0c9f-516e-45f3-9ae2-c8fe623173ef,1500,rv,,rv,,1/16/26 19:24,,https://www.wsj.com/politics/elections/trump-approval-rating-economy-poll-b3a62e57,,,,,,,Donald Trump,,45,54,1
4859c73f-f65d-4754-99a9-f666a2c308ad,ae31ea8f-0d54-476d-ab98-61b258a0a986,RMG Research,62ca8b2a-418d-46f9-8c64-1f4a14ba3a80,Napolitan News Service,RMG Research,555,RMG Research,,,,,US,1/7/26,1/14/26,,,,01fb27cb-7a13-435f-a5c4-bc0551c1d0d6,3000,rv,,rv,,1/16/26 8:41,,https://napolitannews.org/assets/pdfs/696a3bea74659-gcm26-0114-toplines-trump-job-approval.pdf,,,,,,,Donald Trump,,48,51,1
5f4589ba-d72d-40d6-ad88-15411d4c348b,a8db55ca-987d-4afd-83dc-e3f5f077682a,Marist University,,,Marist University,183,Marist College,,,Live Phone/Text/Nonprobability Panel,,US,1/12/26,1/13/26,,,,2e94b8ff-d843-4ca9-b730-11dfe7a08d82,1222,rv,,rv,,1/16/26 7:45,,https://maristpoll.marist.edu/polls/u-s-foreign-policy-january-2026/,,,,,,,Donald Trump,,39,57,4
5f4589ba-d72d-40d6-ad88-15411d4c348b,a8db55ca-987d-4afd-83dc-e3f5f077682a,Marist University,,,Marist University,183,Marist College,,,Live Phone/Text/Nonprobability Panel,,US,1/12/26,1/13/26,,,,bcc08a16-a2a7-46a4-9cd1-c347d6876fe3,1408,a,,a,,1/16/26 7:45,,https://maristpoll.marist.edu/polls/u-s-foreign-policy-january-2026/,,,,,,,Donald Trump,,38,56,6
a30b98d8-2d32-49a2-a558-9ae413ae34d1,3be4d123-848b-430a-8168-689af60cefa2,CNN/SSRS,,,CNN/SSRS,844,CNN,,,Probability Panel,,US,1/9/26,1/12/26,,,,8b048574-3214-4d31-8e90-12222a1e3208,1209,a,,a,,1/16/26 7:39,,https://www.cnn.com/2026/01/16/politics/trump-economy-first-year-cnn-poll,,,,,,,Donald Trump,,39,61,1
a30b98d8-2d32-49a2-a558-9ae413ae34d1,3be4d123-848b-430a-8168-689af60cefa2,CNN/SSRS,,,CNN/SSRS,844,CNN,,,Probability Panel,,US,1/9/26,1/12/26,,,,dd627be6-4cc1-46be-ac08-c20020e986bb,968,rv,,rv,,1/16/26 7:39,,https://www.cnn.com/2026/01/16/politics/trump-economy-first-year-cnn-poll,,,,,,,Donald Trump,,40,59,1
65812b69-c8a5-4c42-8684-01c4b1a58518,72908461-a4cf-42da-9ef4-f4299cc7b9d8,Navigator Research,,,Navigator Research,413,Global Strategy Group/GBAO (Navigator Research),,,,,US,1/8/26,1/12/26,,,,93db1677-b57f-4cfd-b8e8-3d8e14c9a023,1000,rv,,rv,,1/15/26 8:17,,https://navigatorresearch.org/americans-dont-want-greenland-they-just-want-lower-costs/?emci=2f734d55-94f1-f011-8194-000d3a11f903&emdi=feee423e-fff1-f011-8194-000d3a11f903&ceid=1590570,,,,,,,Donald Trump,,42,56,2
67ad4661-7bbd-4a32-8596-1432ac585db8,8daee975-cbd6-4842-9b72-e2d55fc40db1,Zogby Analytics,,,Zogby Analytics,395,,,,IVR,,US,1/2/26,1/7/26,,,,af0fba9d-58d3-4dc0-b37f-919f151a0c0b,891,lv,,lv,,1/14/26 14:17,,https://zogbyanalytics.com/news/1232-the-zogby-poll-r-latest-likely-voter-survey-results,,,,,,,Donald Trump,,43.5,55.1,1.4
d36c01b1-62a0-4b70-89c8-6d691cce5644,daec1c64-6ced-4bd1-992a-bf7e95b32f74,Quinnipiac University,,,Quinnipiac University,267,Quinnipiac University,,,,,US,1/8/26,1/12/26,,,,81c20c39-bee8-442b-8095-ce8741b66dd3,1133,rv,,rv,,1/14/26 12:01,,https://poll.qu.edu/poll-release?releaseid=3945,,,,,,,Donald Trump,,40,54,6
b36c1323-1792-4b5c-afce-53a1aeccfc2b,59ef5d62-c6ba-41a3-b2cd-24b8543e62b9,YouGov,a0d244bb-0767-423d-ac9f-154189544a48,Yahoo News,YouGov,391,YouGov,,,Nonprobability Panel,,US,1/8/26,1/12/26,,,,7bf6094a-2978-4b9c-b1fc-e15c81d5b465,1709,a,,a,,1/14/26 11:30,,https://www.yahoo.com/news/us/article/poll-only-27-of-americans-think-minneapolis-ice-shooting-was-justified-142831951.html,,,,,,,Donald Trump,,40,56,4
b36c1323-1792-4b5c-afce-53a1aeccfc2b,59ef5d62-c6ba-41a3-b2cd-24b8543e62b9,YouGov,a0d244bb-0767-423d-ac9f-154189544a48,Yahoo News,YouGov,391,YouGov,,,Nonprobability Panel,,US,1/8/26,1/12/26,,,,cdf623bf-2273-4c9d-bbb7-5200d67372fc,1149,rv,,rv,,1/14/26 11:30,,https://www.yahoo.com/news/us/article/poll-only-27-of-americans-think-minneapolis-ice-shooting-was-justified-142831951.html,,,,,,,Donald Trump,,43,56,1
fc4bf613-5824-454d-9deb-7c6713fa8002,bd24b786-354a-4dae-8616-a5a888d550e4,AP-NORC,,,AP-NORC,397,AP-NORC,,,,,US,1/8/26,1/11/26,,,,7f9c98c6-d24d-46ac-a93c-e53a91de4c0f,1203,a,,a,,1/14/26 8:57,,https://apnorc.org/projects/fewer-want-the-u-s-to-take-an-active-role-in-global-affairs/,,,,,,,Donald Trump,,40,59,
d31b74d4-6b73-4aa7-b725-662c58168f19,a6ab99b0-9d30-4a77-bbe7-03c9a3566a22,Ipsos,3dc40107-581b-4428-94a4-00d603640476,Reuters,Ipsos,154,Ipsos,,,,,US,1/12/26,1/13/26,,,,117fb4e0-6f5d-4400-8223-e3bb42c6cf3f,1217,a,,a,,1/14/26 8:17,,https://www.reuters.com/data/trumps-approval-rating-2025-01-21/,,,,,,,Donald Trump,,41,58,
818b637f-91a9-43fc-805e-e9a60f50859b,59ef5d62-c6ba-41a3-b2cd-24b8543e62b9,YouGov,146144a2-08d6-4c6b-b912-f067ed647252,Economist,YouGov,391,YouGov,,,Nonprobability Panel,,US,1/9/26,1/12/26,,,,5bd4ef8f-3138-47b4-a17c-a174ec19e34f,1602,a,,a,,1/13/26 9:30,,https://d3nkl3psvxxpe9.cloudfront.net/documents/econTabReport_qsNv5iE.pdf,,,,,,,Donald Trump,,40,54,6
818b637f-91a9-43fc-805e-e9a60f50859b,59ef5d62-c6ba-41a3-b2cd-24b8543e62b9,YouGov,146144a2-08d6-4c6b-b912-f067ed647252,Economist,YouGov,391,YouGov,,,Nonprobability Panel,,US,1/9/26,1/12/26,,,,db5e1605-e058-41cc-ac63-97736d5e6925,1437,rv,,rv,,1/13/26 9:30,,https://d3nkl3psvxxpe9.cloudfront.net/documents/econTabReport_qsNv5iE.pdf,,,,,,,Donald Trump,,44,54,3
9f415d70-832f-4570-b461-ba02e157fb69,4bc528cc-f55c-4f8b-8c90-adfe09f46c76,Morning Consult,,,Morning Consult,218,Morning Consult,,,,,US,1/9/26,1/12/26,,,,ae5ea95a-5e87-441d-bab2-85f9cb8101ef,2201,rv,,rv,,1/12/26 15:16,,https://pro.morningconsult.com/trackers/donald-trump-congress-policy-republicans-polling,,,,,,,Donald Trump,,44.91,52.56,2.53
8d029480-e9c0-4963-bcc7-dfa010d2ee69,b0b42ed9-f490-419e-942f-af97e2cda604,TIPP Insights,e675f835-fdcd-4e92-b5ae-fc65092da4b7,Issues & Insights,TIPP Insights,144,TIPP Insights,,,,,US,1/6/26,1/9/26,,,,ee5e62ec-60a8-4755-8f6e-8bac430474fc,1478,a,,a,,1/12/26 8:32,,https://tippinsights.com/with-america-divided-can-trump-boost-his-approval-ratings-with-an-improving-economy-i-i-tipp-poll/,,,,,,,Donald Trump,,40,51,9
337e794b-3bf1-4de9-817b-b8abc4a0d99c,8e60f0a1-fca9-4c1b-9f94-84e1f57c4dc9,Trafalgar Group/InsiderAdvantage,,,Trafalgar Group/InsiderAdvantage,671,Trafalgar Group/InsiderAdvantage,,,,,US,12/3/25,12/4/25,,,,d6989cae-ea13-4210-910f-c4c88cb55ed8,1000,lv,,lv,,1/12/26 8:29,,https://insideradvantage.com/opinion-insideradvantage-trafalgar-joint-survey-results-reinforce-breitbart-article-when-search-algorithms-suppress-conservative-oriented-news-sites-the-impact-on-public-opinion-is-staggering/,,,,,,,Donald Trump,,44,48.6,7.4
f9c8750f-1daa-45da-894a-5825ab3ea969,ae31ea8f-0d54-476d-ab98-61b258a0a986,RMG Research,62ca8b2a-418d-46f9-8c64-1f4a14ba3a80,Napolitan News Service,RMG Research,555,RMG Research,,,,,US,1/5/26,1/8/26,,,,87342cf0-adbe-4943-aab1-ea814166b666,2000,rv,,rv,,1/9/26 12:49,,https://napolitannews.org/assets/pdfs/696108a92ad5b-gcm26-0107-toplines-trump-job-approval.pdf,,,,,,,Donald Trump,,47,51,1
cd2778c8-6d80-4b3e-b771-c56e9bb1b49e,59ef5d62-c6ba-41a3-b2cd-24b8543e62b9,YouGov,ca805caf-4575-43dd-b894-c0de3467b2fb,CBS News,YouGov,391,YouGov,,,Nonprobability Panel,,US,1/5/26,1/7/26,,,,b5e54250-0eba-4eed-b941-856748bc464e,2317,a,,a,,1/8/26 8:29,,https://www.cbsnews.com/news/u-s-actions-venezuela-opinion-poll/,,,,,,,Donald Trump,,41,59,
99ffa1fa-b477-41c4-8416-2e23d37e6f5d,59ef5d62-c6ba-41a3-b2cd-24b8543e62b9,YouGov,146144a2-08d6-4c6b-b912-f067ed647252,Economist,YouGov,391,YouGov,,,,,US,1/2/26,1/5/26,,,,16157f51-961b-439a-9158-1240d0056034,1551,a,,a,,1/6/26 9:23,,https://d3nkl3psvxxpe9.cloudfront.net/documents/econTabReport_aY8mpiN.pdf,,,,,,,Donald Trump,,39,56,4
99ffa1fa-b477-41c4-8416-2e23d37e6f5d,59ef5d62-c6ba-41a3-b2cd-24b8543e62b9,YouGov,146144a2-08d6-4c6b-b912-f067ed647252,Economist,YouGov,391,YouGov,,,,,US,1/2/26,1/5/26,,,,947a786f-097f-4e20-a693-72a5b752b3a9,1389,rv,,rv,,1/6/26 9:23,,https://d3nkl3psvxxpe9.cloudfront.net/documents/econTabReport_aY8mpiN.pdf,,,,,,,Donald Trump,,43,55,2
16189071-b5ae-4f1a-91b1-651f896b380d,4bc528cc-f55c-4f8b-8c90-adfe09f46c76,Morning Consult,,,Morning Consult,218,Morning Consult,,,,,US,1/2/26,1/4/26,,,,2b5b7628-016e-45ac-bb16-661ed59bd791,2201,rv,,rv,,1/6/26 8:08,,https://pro.morningconsult.com/trackers/donald-trump-congress-policy-republicans-polling,,,,,,,Donald Trump,,46.42,51.21,2.37
ea752222-bc84-43db-92f6-2cd5e3d00a86,a6ab99b0-9d30-4a77-bbe7-03c9a3566a22,Ipsos,3dc40107-581b-4428-94a4-00d603640476,Reuters,Ipsos,154,Ipsos,,,,,US,1/4/26,1/5/26,,,,76f18e07-6e29-40cc-93e2-be3fe9178082,1248,a,,a,,1/5/26 13:50,,https://www.reuters.com/data/trumps-approval-rating-2025-01-21/,,,,,,,Donald Trump,,42,56,
bbe26cdd-1af5-4703-a09e-2eeea96f5dd3,4bc528cc-f55c-4f8b-8c90-adfe09f46c76,Morning Consult,,,Morning Consult,218,Morning Consult,,,,,US,12/29/25,1/4/26,,,,33c5c869-f99d-4af3-95b1-f73eced83a49,,a,,a,,1/5/26 13:09,,https://pro.morningconsult.com/trackers/global-leader-approval,,,,,,,Donald Trump,,42.8,51,6.3
41b0da9b-ee58-4cd3-b3e4-3f5d1c5376b4,530091d3-1f98-43b8-8b9f-4a2bff415234,The Bullfinch Group,74a1ac91-ee09-403c-9d07-a10f6437ae7f,Independent Center,The Bullfinch Group,692,The Bullfinch Group,,,,,US,12/30/25,1/1/26,,,,76bd6e7b-1f38-4ac2-a18a-af1e7f35c46e,1200,a,,a,,1/2/26 12:26,,https://independentcentervoice.com/insights/2026-tune-in-as-america-approaches-its-250th-voters-declare-the-status-quo-broken-and-demand-new-options,,,,,,,Donald Trump,,38,58,4
41b0da9b-ee58-4cd3-b3e4-3f5d1c5376b4,530091d3-1f98-43b8-8b9f-4a2bff415234,The Bullfinch Group,74a1ac91-ee09-403c-9d07-a10f6437ae7f,Independent Center,The Bullfinch Group,692,The Bullfinch Group,,,,,US,12/30/25,1/1/26,,,,ee41f388-8184-4fc1-a27a-bd029753561a,1000,rv,,rv,,1/2/26 12:26,,https://independentcentervoice.com/insights/2026-tune-in-as-america-approaches-its-250th-voters-declare-the-status-quo-broken-and-demand-new-options,,,,,,,Donald Trump,,40,57,3
1b608242-0c22-472a-b747-19b45349d924,2df67459-2691-479a-8c87-f98549fe2429,J.L. Partners,c3aee16d-168b-4940-9cd9-e599de894f92,DailyMail.com,J.L. Partners,619,J.L. Partners,,,,,US,12/20/25,12/21/25,,,,e28f98ad-524c-4a7c-81e3-ca6f2409ecc3,1000,rv,,rv,,12/31/25 9:04,,https://www.dailymail.co.uk/news/article-15420375/amp/donald-trump-polling-affordability-crisis.html,,,,,,,Donald Trump,,43.36,46.78,9.86
ca139033-2979-4be8-ac0c-a2386296a18d,312f97da-ebc5-446e-8856-cdded6ea1251,Big Data Poll,b519a86f-dbb8-46a2-8215-6abb6f6f389d,Public Polling Project,Big Data Poll,251,Big Data Poll,,,Live Phone/Text-to-Web/Nonprobability Panel,,US,12/26/25,12/28/25,,,,5d329b6d-38fa-41ee-914b-2173fa26b689,3412,lv,,lv,,12/30/25 22:49,,https://www.bigdatapoll.com/blog/trump-improves-democrats-lead-generic-ballot-in-final-poll-for-2025/,,,,,,,Donald Trump,,47.3,49.7,3
b3f71253-7984-4f44-ae26-4ad19264501a,9a75302d-c3be-4e86-ac7b-c6a6a2a52ac3,Trafalgar Group,,,Trafalgar Group,338,Trafalgar Group,,,,,US,12/26/25,12/27/25,,,,3719287e-4f11-4c9f-9785-bb2667af910e,1098,lv,,lv,,12/30/25 12:08,,https://www.thetrafalgargroup.org/news/trump-approval-1225/,,,,,,REP,Donald Trump,,50.2,44.6,5.2
d055c8d4-4660-4eed-866a-662623e1e02c,59ef5d62-c6ba-41a3-b2cd-24b8543e62b9,YouGov,146144a2-08d6-4c6b-b912-f067ed647252,Economist,YouGov,391,YouGov,,,Nonprobability Panel,,US,12/26/25,12/29/25,,,,2bd36064-937f-4fe3-b08f-4b41b4e39949,1550,a,,a,,12/30/25 11:56,,https://d3nkl3psvxxpe9.cloudfront.net/documents/econTabReport_h1aYmmb.pdf,,,,,,,Donald Trump,,39,56,5
d055c8d4-4660-4eed-866a-662623e1e02c,59ef5d62-c6ba-41a3-b2cd-24b8543e62b9,YouGov,146144a2-08d6-4c6b-b912-f067ed647252,Economist,YouGov,391,YouGov,,,Nonprobability Panel,,US,12/26/25,12/29/25,,,,77c8a5cc-eb92-46c5-8185-d08383f0bfa9,1420,rv,,rv,,12/30/25 11:56,,https://d3nkl3psvxxpe9.cloudfront.net/documents/econTabReport_h1aYmmb.pdf,,,,,,,Donald Trump,,42,55,2
ae84403d-673e-4609-9f2c-4789d0c1f1e3,5a7ec4cc-59c7-44e0-b7c0-e78c05f19438,GBAO,0df1eb05-d373-4a59-bac3-c165aa4b67dc,Third Way,GBAO,109,,,,,,US,11/19/25,11/26/25,,,,cf4581e7-c625-41b4-ac08-afedd238397d,2000,rv,,rv,,12/26/25 11:56,,https://uploads.thirdway.org/downloads/food-medicine-fuel-for-a-wave/Third-WayGBAO-National-Framing-Survey-Toplines-November-2025.pdf,,,,,,,Donald Trump,,43,56,1
656a45ba-724b-4798-bf71-bf3b87999b88,0b171deb-f2e3-42da-bb70-69a897f86d18,"Susquehanna Polling & Research, Inc.",,,"Susquehanna Polling & Research, Inc.",326,Susquehanna Polling & Research Inc.,,,,,US,12/9/25,12/17/25,,,,82d9a920-b5e5-476e-b807-12d053759742,,rv,,rv,,12/24/25 10:03,,https://www.youtube.com/watch?app=desktop&v=-DG-SOfYlo4,,,,,,,Donald Trump,,38,56,6
6f6090f8-c9b7-42c5-b515-13e7f563f45b,59ef5d62-c6ba-41a3-b2cd-24b8543e62b9,YouGov,146144a2-08d6-4c6b-b912-f067ed647252,Economist,YouGov,391,YouGov,,,Nonprobability Panel,,US,12/20/25,12/22/25,,,,2255bbed-a85b-400b-869e-a3e1533686f1,1425,rv,,rv,,12/23/25 9:21,,https://d3nkl3psvxxpe9.cloudfront.net/documents/econtoplines_s4jyXBa.pdf,,,,,,,Donald Trump,,42,56,2
6f6090f8-c9b7-42c5-b515-13e7f563f45b,59ef5d62-c6ba-41a3-b2cd-24b8543e62b9,YouGov,146144a2-08d6-4c6b-b912-f067ed647252,Economist,YouGov,391,YouGov,,,Nonprobability Panel,,US,12/20/25,12/22/25,,,,4683f34a-0b9b-4bed-826f-0c0d628aefd1,1592,a,,a,,12/23/25 9:21,,https://d3nkl3psvxxpe9.cloudfront.net/documents/econtoplines_s4jyXBa.pdf,,,,,,,Donald Trump,,39,57,4
5bb8027d-5464-4a3c-86f4-38264908149e,4bc528cc-f55c-4f8b-8c90-adfe09f46c76,Morning Consult,,,Morning Consult,218,Morning Consult,,,,,US,12/19/25,12/21/25,,,,108140c3-a80c-405c-abb7-c0b2bb415b47,2203,rv,,rv,,12/22/25 15:01,,https://pro.morningconsult.com/trackers/donald-trump-congress-policy-republicans-polling,,,,,,,Donald Trump,,45.23,52.28,2.49
cb330ad9-6e41-4475-8c59-08d0c7769898,0e8d5118-1108-4fcf-ac49-0859271a4597,Gallup,,,Gallup,112,Gallup,,,Live Phone,,US,12/1/25,12/15/25,,,,8b1834e0-6c10-4653-8d44-518163819c62,1016,a,,a,,12/22/25 11:29,,https://news.gallup.com/poll/700241/americans-end-year-gloomy-mood.aspx,,,,,,,Donald Trump,,36,59,5
278ceef6-842e-47ad-a04b-b4dc8aef1bec,ae3b5ee9-8be5-4f3b-b117-6abf33720e63,American Research Group,,,American Research Group,9,American Research Group,,,Live Phone,,US,12/17/25,12/20/25,,,,179fae81-a8fd-47dc-9bad-9a91e8c5694c,,rv,,rv,,12/22/25 8:50,,https://americanresearchgroup.com/economy/,,,,,,,Donald Trump,,35,62,
278ceef6-842e-47ad-a04b-b4dc8aef1bec,ae3b5ee9-8be5-4f3b-b117-6abf33720e63,American Research Group,,,American Research Group,9,American Research Group,,,Live Phone,,US,12/17/25,12/20/25,,,,6669f6a1-0903-40e0-9c78-8061690cfc59,1100,a,,a,,12/22/25 8:50,,https://americanresearchgroup.com/economy/,,,,,,,Donald Trump,,35,62,3
573967f7-ec18-48d2-9bfb-a1f749dc8390,adedfb3e-f4d9-4121-ae17-125b39b27da3,InsiderAdvantage,,,InsiderAdvantage,243,InsiderAdvantage,,,,,US,12/19/25,12/20/25,,,,caa90321-79d7-42cb-a7af-7f47f80f37c2,800,lv,,lv,,12/22/25 8:36,,https://insideradvantage.com/insideradvantage-national-survey-trump-approval-at-fifty-percent/,,,,,,,Donald Trump,,49.5,41.4,9.1
303270c6-f8fe-4c3f-89ae-4af3d523f7e7,59ef5d62-c6ba-41a3-b2cd-24b8543e62b9,YouGov,ca805caf-4575-43dd-b894-c0de3467b2fb,CBS News,YouGov,391,YouGov,,,Nonprobability Panel,,US,12/17/25,12/19/25,,,,c6009681-6788-4d38-b41f-0402251b95d1,2300,a,,a,,12/21/25 23:53,,https://www.cbsnews.com/news/opinion-poll-cost-of-living-trump/,,,,,,,Donald Trump,,41,59,
e2a0fe6d-e234-4d6d-8f30-47bcff5f6d88,6af9e17b-94e6-497a-bbe7-4cad3f67fd36,AtlasIntel,,,AtlasIntel,546,AtlasIntel,,,Nonprobability Panel,,US,12/15/25,12/19/25,,,,22c3f2c4-cb53-4e21-a1e9-6cd40fabea1f,2315,a,,a,,12/19/25 17:55,,https://www.atlasintel.org/poll/usa-national-2025-12-19,,,,,,,Donald Trump,,39.3,59.6,1.1
44b285ca-b1b0-4960-8fac-102b0a998906,ae31ea8f-0d54-476d-ab98-61b258a0a986,RMG Research,62ca8b2a-418d-46f9-8c64-1f4a14ba3a80,Napolitan News Service,RMG Research,555,RMG Research,,,,,US,12/10/25,12/18/25,,,,817e66d6-7a05-4ecc-80d3-c8666082bf4a,3000,rv,,rv,,12/19/25 9:23,,https://napolitannews.org/assets/pdfs/69455a2b6a765-gcm25-1217-toplines-trump-job-approval.pdf,,,,,,,Donald Trump,,50,49,1
56198350-3574-4b82-be10-719619d3a15f,051ba522-1b39-4264-b05f-81a45419f175,Tavern Research,03984738-4461-4b05-a3c5-e10de705b0a4,Rainey Center,Tavern Research,,,,,Nonprobability Panel,,US,12/13/25,12/13/25,,,,6d3a5f17-2a47-42c7-8a76-f62995ba55fc,1247,lv,,lv,,12/19/25 8:30,,https://www.raineycenter.org/polling/consumer-spending-trends-and-protecting-youth-online,,,,,,,Donald Trump,,43,54,3
95c1a698-1594-4185-81a9-528f05d0c885,642c8e51-c965-4a1b-b10d-1614d73cb18d,Quantus Insights,,,Quantus Insights,859,Quantus Insights,,,,,US,12/15/25,12/16/25,,,,5aa17cd1-cbf2-4eb8-aae3-b53df3e814f1,1000,rv,,rv,,12/18/25 17:35,,https://drive.google.com/file/d/14uRV2kwTVNEO4EIXGv7TCQZtmlMK0owX/view,,,,,,,Donald Trump,,44,53,
1727684e-f92b-4c75-b111-3cde6021fccf,7485e3b7-8959-43d7-985f-95417076d068,Emerson College,,,Emerson College,88,Emerson College,,,Probability Panel/Nonprobability Panel,,US,12/14/25,12/15/25,,,,73d6db9b-a381-41e2-92a2-36874379812b,1000,rv,,rv,,12/18/25 8:20,,https://emersoncollegepolling.com/december-2025-national-poll-trumps-approval-flips-since-start-of-the-year/,,,,,,,Donald Trump,,40.8,50.3,8.9
560b8a3a-e701-4709-acad-c95efcc06afa,9ab6b302-92ac-4132-97a6-c3580bd5ed77,Hart Research Associates/Public Opinion Strategies,9f34fd03-e85e-4fdb-8e1b-5530101480f0,CNBC,Hart Research Associates/Public Opinion Strategies,221,Hart Research Associates/Public Opinion Strategies,,,,,US,12/4/25,12/8/25,,,,c7a7e6f9-cf27-47eb-aa24-75c84bf7a0d7,1000,a,,a,,12/17/25 18:41,,https://fm.cnbc.com/applications/cnbc.com/resources/editorialfiles/2025/12/16/TOPLINES_250313_CNBC_AAES_Q4_2025_new.pdf,,,,,,,Donald Trump,,45,52,3
033d6aa6-8059-4ddf-a822-2d3ff65fa283,4da0e617-fda4-4c29-a2c0-1055e6af4eaf,Beacon Research/Shaw & Company Research,d380c59c-d59c-465b-90a9-cb0f2d14e4f0,Fox News,Beacon Research/Shaw & Company Research,103,Beacon Research/Shaw & Co. Research,,,Live Phone/Text-to-Web,,US,12/12/25,12/15/25,,,,294090fb-e77c-4e52-a899-56217c23e87d,1001,rv,,rv,,12/17/25 18:12,,https://www.foxnews.com/politics/fox-news-poll-prices-pinch-voters-see-trump-focused-elsewhere,,,,,,,Donald Trump,,44,56,0
20213e21-c77f-4cbb-83dc-0bf61701a9fe,daec1c64-6ced-4bd1-992a-bf7e95b32f74,Quinnipiac University,,,Quinnipiac University,267,Quinnipiac University,,,,,US,12/11/25,12/15/25,,,,66b27313-80a6-4105-a211-13ec173e530f,1035,rv,,rv,,12/17/25 14:16,,https://poll.qu.edu/poll-release?releaseid=3943,,,,,,,Donald Trump,,40,54,6
4f329705-277d-4ea3-baa4-bb5e1de32d28,a8db55ca-987d-4afd-83dc-e3f5f077682a,Marist University,"5da73c82-ac8b-4f47-b3a3-0739b4ebf473,2404c1ad-3f79-4130-a46c-9a3a63a1b6d9",NPR | PBS News,Marist University,183,Marist College,,,Live Phone/Text/Nonprobability Panel,,US,12/8/25,12/11/25,,,,4168860d-cc5c-464d-b68c-f9e009661d9c,1440,a,,a,,12/17/25 8:15,,https://maristpoll.marist.edu/polls/2026-economic-outlook-december-2025/,,,,,,,Donald Trump,,38,54,8
4f329705-277d-4ea3-baa4-bb5e1de32d28,a8db55ca-987d-4afd-83dc-e3f5f077682a,Marist University,"5da73c82-ac8b-4f47-b3a3-0739b4ebf473,2404c1ad-3f79-4130-a46c-9a3a63a1b6d9",NPR | PBS News,Marist University,183,Marist College,,,Live Phone/Text/Nonprobability Panel,,US,12/8/25,12/11/25,,,,45c37607-bcf0-42f8-855f-621c4cf92a3a,1261,rv,,rv,,12/17/25 8:15,,https://maristpoll.marist.edu/polls/2026-economic-outlook-december-2025/,,,,,,,Donald Trump,,40,55,5
c85666ed-ef75-4c10-8699-cd53abcbbbf1,fd91b31c-8953-44da-bfb5-fc15fadb2f5e,The Argument/Verasight,,,The Argument/Verasight,,,,,,,US,12/5/25,12/11/25,,,,b11e3a3c-a27c-4949-bc22-333299a1c090,1521,rv,,rv,,12/16/25 14:37,,https://www.theargumentmag.com/p/have-democrats-lost-their-education,,,,,,,Donald Trump,,43,55,1
7d1b3882-12f4-445e-b9c8-b0108cacf867,a6ab99b0-9d30-4a77-bbe7-03c9a3566a22,Ipsos,3dc40107-581b-4428-94a4-00d603640476,Reuters,Ipsos,154,Ipsos,,,,,US,12/12/25,12/15/25,,,,8c2b8a7e-1c90-4884-acad-f1c098e25f95,1016,a,,a,,12/16/25 14:28,,https://www.reuters.com/data/trumps-approval-rating-2025-01-21/,,,,,,,Donald Trump,,39,59,
641e7e96-6547-4449-863c-5f0a578b77a5,932da08a-7f8a-48e3-a92a-c443c039fbd1,Echelon Insights,,,Echelon Insights,407,Echelon Insights,,,Nonprobability Panel,,US,12/11/25,12/15/25,,,,3817cb47-db71-48cb-bdd7-7ab895063c05,1011,lv,,lv,,12/16/25 12:45,,https://echeloninsights.com/in-the-news/december-2025-verified-voter-omnibus/,,,,,,,Donald Trump,,45,55,1
a4bb4619-dd6e-4f50-85b7-606e1f82c319,9824a356-03ef-4183-8d56-72de54a66fee,Clarity Campaign Labs,,,Clarity Campaign Labs,52,Clarity Campaign Labs,,,Nonprobability Panel,,US,12/4/25,12/11/25,,,,0a4c4e37-d6e4-4c1b-b2bf-6d522013b212,1000,lv,,lv,,12/16/25 11:22,,https://www.claritycampaigns.com/clarity-omnibus-dec-2025?submissionGuid=49882900-7ea0-44c8-8c7c-579c65ead3af,,,,,,,Donald Trump,,44,55,2
37519139-c793-463a-a22e-d8eac08c31c3,59ef5d62-c6ba-41a3-b2cd-24b8543e62b9,YouGov,146144a2-08d6-4c6b-b912-f067ed647252,Economist,YouGov,391,YouGov,,,Nonprobability Panel,,US,12/12/25,12/15/25,,,,0ca9a7ac-7feb-46b2-a924-7e92b6f65245,1632,a,,a,,12/16/25 9:29,,https://d3nkl3psvxxpe9.cloudfront.net/documents/econTabReport_FJyfDu9.pdf,,,,,,,Donald Trump,,42,54,4
37519139-c793-463a-a22e-d8eac08c31c3,59ef5d62-c6ba-41a3-b2cd-24b8543e62b9,YouGov,146144a2-08d6-4c6b-b912-f067ed647252,Economist,YouGov,391,YouGov,,,Nonprobability Panel,,US,12/12/25,12/15/25,,,,95124415-9dd4-4f99-8c5d-54bb0f6ddb27,1453,rv,,rv,,12/16/25 9:29,,https://d3nkl3psvxxpe9.cloudfront.net/documents/econTabReport_FJyfDu9.pdf,,,,,,,Donald Trump,,43,55,2
75ca185d-5c89-40b5-8f58-395691227390,4bc528cc-f55c-4f8b-8c90-adfe09f46c76,Morning Consult,,,Morning Consult,218,Morning Consult,,,,,US,12/12/25,12/15/25,,,,e20a5903-9594-4f74-b870-79417dc8117f,2201,rv,,rv,,12/15/25 15:03,,https://pro.morningconsult.com/trackers/donald-trump-congress-policy-republicans-polling,,,,,,,Donald Trump,,45.8,51.94,2.26
46ab9d5a-0873-4145-8d31-9fcde79c0ffb,4bc528cc-f55c-4f8b-8c90-adfe09f46c76,Morning Consult,,,Morning Consult,218,Morning Consult,,,,,US,12/8/25,12/14/25,,,,baa4e995-e09b-4a0a-aa1b-1a453ea79453,,a,,a,,12/15/25 13:22,,https://pro.morningconsult.com/trackers/global-leader-approval,,,,,,,Donald Trump,,42.9,50.9,6.2
5a334411-4193-4903-a500-84282e647287,6d5f6726-ef9e-4266-b71a-e0ebe3d1bc0b,Yale University Institution for Social and Policy Studies,,,Yale University Institution for Social and Policy Studies,872,Yale University Institution for Social and Policy Studies,,,,,US,10/29/25,11/11/25,,,,ae42a0cf-1faa-440f-9449-163f3f4fa115,3426,rv,,rv,,12/15/25 9:52,,https://youthpoll.yale.edu/fall-2025-results,,,,,,,Donald Trump,,43,55,2
f7b6876d-b8bf-4bfb-b1cf-c7cdd1102ea7,312f97da-ebc5-446e-8856-cdded6ea1251,Big Data Poll,b519a86f-dbb8-46a2-8215-6abb6f6f389d,Public Polling Project,Big Data Poll,251,Big Data Poll,,,Live Phone/Text-to-Web/Nonprobability Panel,,US,12/10/25,12/12/25,,,,277bc073-8dbb-44ac-9fb5-ff266960b421,3004,rv,,rv,,12/15/25 8:49,,https://www.bigdatapoll.com/blog/republicans-fall-further-behind-democrats-on-generic-ballot-in-mid-december/,,,,,,,Donald Trump,,47,49.9,3.2
e4b52e82-578f-4655-8783-3f6c4d601f68,c429da10-5aa0-445e-9800-039c0a295b43,SurveyMonkey,4678387e-860f-4e2a-901e-183baf18cf83,NBC News Decision Desk,SurveyMonkey,324,SurveyMonkey,,,Nonprobability Panel,,US,11/20/25,12/8/25,,,,d1157f8b-828c-4727-a591-3d236f980d60,20252,a,,a,,12/15/25 8:46,,https://www.nbcnews.com/politics/politics-news/poll-trumps-maga-base-still-cracks-are-showing-ahead-2026-rcna248722,,,,,,,Donald Trump,,42,58,
1cbb237e-8510-4235-9a0c-0a0d0a5e8aba,051ba522-1b39-4264-b05f-81a45419f175,Tavern Research,fd0e1148-1cf9-4ed4-af6f-d353c0fea0fe,Searchlight,Tavern Research,,,,,,,US,12/9/25,12/10/25,,,,941cf75d-9e1e-4355-a65c-1dc2bfed55b2,1567,lv,,lv,,12/12/25 11:13,,https://www.searchlightinstitute.org/research/voters-want-a-fairer-deal-for-workers/,,,,,,,Donald Trump,,45,53,2
5d7b27e6-3dfb-46d6-ae33-2d9effe45ffe,ae31ea8f-0d54-476d-ab98-61b258a0a986,RMG Research,62ca8b2a-418d-46f9-8c64-1f4a14ba3a80,Napolitan News Service,RMG Research,555,RMG Research,,,,,US,12/3/25,12/11/25,,,,9e189ee6-0190-47a3-9ea1-7b2a45cff6e0,3000,rv,,rv,,12/12/25 9:33,,https://napolitannews.org/assets/pdfs/693c21fc765ab-gcm25-1210-toplines-trump-job-approval.pdf,,,,,,,Donald Trump,,47,51,1
03cff1e3-01fe-49b3-84b1-8ef2ea493357,72908461-a4cf-42da-9ef4-f4299cc7b9d8,Navigator Research,,,Navigator Research,413,Global Strategy Group/GBAO (Navigator Research),,,,,US,12/4/25,12/8/25,,,,a2baf030-d7ec-40ba-8413-7e8fc5886024,1000,rv,,rv,,12/11/25 17:17,,https://navigatorresearch.org/in-time-for-the-holidays-americans-say-costs-are-going-up-on-everything/,,,,,,,Donald Trump,,42,56,2
67da8049-7a87-438d-9c81-9c02a5580936,bd24b786-354a-4dae-8616-a5a888d550e4,AP-NORC,,,AP-NORC,397,AP-NORC,,,Probability Panel,,US,12/4/25,12/8/25,,,,2453d67e-b8b4-46d4-bc67-e95e646974d4,1146,a,,a,,12/11/25 9:04,,https://apnorc.org/projects/trumps-approval-rating-slips-on-the-economy-and-immigration/,,,,,,,Donald Trump,,36,61,2
db257673-2010-4f77-b2d5-d1010b21a4a8,9268c8ab-c57b-43d1-8541-c6047caab802,John Zogby Strategies,,,John Zogby Strategies,583,John Zogby Strategies,,,,,US,12/5/25,12/7/25,,,,3c34f81a-ea67-4bf4-bdf8-f080ad5deaf1,1000,lv,,lv,,12/10/25 15:14,,https://johnzogbystrategies.com/outlook-2026-is-the-president-bleeding-independents/,,,,,,,Donald Trump,,45.9,51.6,2.5
9dc00a0e-0586-4ce2-8a97-fa1f12e3ec80,59ef5d62-c6ba-41a3-b2cd-24b8543e62b9,YouGov,146144a2-08d6-4c6b-b912-f067ed647252,Economist,YouGov,391,YouGov,,,Nonprobability Panel,,US,12/5/25,12/8/25,,,,183e71a7-29a3-4bb8-a29b-557b5c43de35,1530,a,,a,,12/9/25 9:22,,https://d3nkl3psvxxpe9.cloudfront.net/documents/econTabReport_qLhWxpK.pdf,,,,,,,Donald Trump,,41,55,5
9dc00a0e-0586-4ce2-8a97-fa1f12e3ec80,59ef5d62-c6ba-41a3-b2cd-24b8543e62b9,YouGov,146144a2-08d6-4c6b-b912-f067ed647252,Economist,YouGov,391,YouGov,,,Nonprobability Panel,,US,12/5/25,12/8/25,,,,f48b0e57-a39d-42e6-9c63-c76ea4dfee2a,1380,rv,,rv,,12/9/25 9:22,,https://d3nkl3psvxxpe9.cloudfront.net/documents/econTabReport_qLhWxpK.pdf,,,,,,,Donald Trump,,43,54,3
be3339a5-4ee1-4cd1-a6f7-e7cb0e9ced6a,a6ab99b0-9d30-4a77-bbe7-03c9a3566a22,Ipsos,3dc40107-581b-4428-94a4-00d603640476,Reuters,Ipsos,154,Ipsos,,,,,US,12/3/25,12/8/25,,,,a88916cf-ddb6-458f-b3ba-f25be2d74a1a,4434,a,,a,,12/9/25 9:13,,https://www.reuters.com/data/trumps-approval-rating-2025-01-21/,,,,,,,Donald Trump,,41,57,
8015c85d-9918-45fa-966e-7f8cbdd8be4c,051ba522-1b39-4264-b05f-81a45419f175,Tavern Research,fd0e1148-1cf9-4ed4-af6f-d353c0fea0fe,Searchlight,Tavern Research,,,,,Nonprobability Panel,,US,10/9/25,10/9/25,,,,33f36203-f817-4741-b713-e44196e53395,1993,lv,,lv,,12/8/25 18:34,,https://www.searchlightinstitute.org/wp-content/uploads/2025/12/Toplines-Searchlight-Anti-Corruption-Survey-with-Splitsv4-20251009_143626.pdf,,,,,,,Donald Trump,,43,54,3
802c0e3f-a678-4818-bd83-b9b1874429c4,4bc528cc-f55c-4f8b-8c90-adfe09f46c76,Morning Consult,,,Morning Consult,218,Morning Consult,,,,,US,12/5/25,12/7/25,,,,df5bea01-d2a8-4c03-8316-f731b52a9c3a,2201,rv,,rv,,12/8/25 15:45,,https://pro.morningconsult.com/trackers/donald-trump-congress-policy-republicans-polling,,,,,,,Donald Trump,,45.26,51.85,2.88
71bac6d4-6d7b-4865-ba32-ad93aa80e35c,2df67459-2691-479a-8c87-f98549fe2429,J.L. Partners,c3aee16d-168b-4940-9cd9-e599de894f92,DailyMail.com,J.L. Partners,619,J.L. Partners,,,,,US,12/3/25,12/5/25,,,,13d58f86-eeeb-4435-afa1-a7b00dc90abf,1000,rv,,rv,,12/8/25 14:37,,https://jlpartners.com/nationwide-registered-voters-december-2025,,,,,,,Donald Trump,,43.2,48.95,7.85
f09a626f-d50c-4f5c-8207-6ac5355622f5,b52f71c0-a6c9-4ec5-8613-80a21c1b079d,Lord Ashcroft Polls,,,Lord Ashcroft Polls,560,Lord Ashcroft Polls,,,,,US,10/6/25,11/1/25,,,,71e96833-a897-4da9-b886-e9ad2097c6ca,10028,a,,a,,12/8/25 9:32,,https://lordashcroftpolls.com/wp-content/uploads/2025/12/LORD-ASHCROFT-POLLS-What-Will-They-Do-Without-Him-Dec-2025.pdf,,,,,,,Donald Trump,,42,55,2
9ac29da1-c7b4-4c23-9892-d7e748254436,e006101f-7fff-4657-a2e9-19e3032386a2,HarrisX/Harris Poll,2659a402-6df7-481c-accb-d06e645828f8,Harvard CAPS,HarrisX/Harris Poll,133,Harris Insights & Analytics,,,,,US,12/2/25,12/4/25,,,,a762d051-a155-4aec-a8df-473cab323b94,2204,rv,,rv,,12/8/25 9:23,,https://harvardharrispoll.com/key-results-december-3/,,,,,,,Donald Trump,,47,49,4
0852bed7-e30e-47d7-b786-52b31eabd270,642c8e51-c965-4a1b-b10d-1614d73cb18d,Quantus Insights,,,Quantus Insights,859,Quantus Insights,,,Text-to-Web/Nonprobability Panel,,US,12/4/25,12/5/25,,,,753b9e03-d232-46cc-a8d1-b78c5d549e2d,1000,rv,,rv,,12/5/25 16:27,,https://quantusinsights.org/f/new-poll-strong-disapproval-drives-overall-assessment-of-trump,,,,,,,Donald Trump,,43.4,53.1,3.5
e7002d14-a396-4202-ae00-13f513d96b20,96ca8540-cc0b-41a9-9f43-35c85caf7147,Survey 160,,,Survey 160,557,Survey 160,,,Nonprobability Panel/Text-to-Web,,US,11/6/25,11/10/25,,,,0bd0bcf8-44f3-4cb4-a628-e2841f5e4ae4,1513,rv,,rv,,12/5/25 14:56,,https://www.survey160.com/methodological-research-blog/survey-160-tracking-poll-november-2025-update,,,,,,,Donald Trump,,36,61,3
0f597bf1-2aa7-4f54-966a-b11033edafbd,96ca8540-cc0b-41a9-9f43-35c85caf7147,Survey 160,,,Survey 160,557,Survey 160,,,Text-to-Web/Nonprobability Panel/Live Phone,,US,8/26/25,9/1/25,,,,998de162-999b-44f6-be0b-729eed9d8951,1437,rv,,rv,,12/5/25 14:49,,https://www.survey160.com/methodological-research-blog/introducing-the-survey-160-tracking-poll,,,,,,,Donald Trump,,43,54,3
e4e6f458-1891-44a8-8f68-2820439842ff,ae31ea8f-0d54-476d-ab98-61b258a0a986,RMG Research,62ca8b2a-418d-46f9-8c64-1f4a14ba3a80,Napolitan News Service,RMG Research,555,RMG Research,,,Nonprobability Panel,,US,11/19/25,12/4/25,,,,739bcd53-f33f-4f69-9107-c51132b97e8c,3000,rv,,rv,,12/5/25 9:10,,https://napolitannews.org/assets/pdfs/6932e00c6a240-gcm25-1203-toplines-trump-job-approval.pdf,,,,,,,Donald Trump,,45,53,2
9a485204-401f-417f-81bb-3758f2c790f1,7485e3b7-8959-43d7-985f-95417076d068,Emerson College,16b1f697-107d-4926-80b1-b4609369413b,Consensus Strategies,Emerson College,88,Emerson College,,,Text-to-Web/Nonprobability Panel,,US,11/18/25,11/21/25,,,,d7d805ee-349a-43cc-bfd4-c4d2a6aba104,1000,rv,,rv,,12/4/25 9:12,,https://finance.yahoo.com/news/consensus-strategies-releases-poll-emerson-133400120.html,,,,,,,Donald Trump,,45,55,0
b98c3100-307a-46d6-a0b0-d123abce8565,312f97da-ebc5-446e-8856-cdded6ea1251,Big Data Poll,b519a86f-dbb8-46a2-8215-6abb6f6f389d,Public Polling Project,Big Data Poll,251,Big Data Poll,,,Nonprobability Panel/Live Phone/Text-to-Web,,US,11/28/25,12/1/25,,,,3ca09d20-083b-43fe-8548-8c3b0c6acd5f,1788,lv,,lv,,12/3/25 12:13,,https://www.bigdatapoll.com/blog/trumps-third-world-immigration-moratorium-widely-popular/,,,,,,,Donald Trump,,46,51,3.1
b98c3100-307a-46d6-a0b0-d123abce8565,312f97da-ebc5-446e-8856-cdded6ea1251,Big Data Poll,b519a86f-dbb8-46a2-8215-6abb6f6f389d,Public Polling Project,Big Data Poll,251,Big Data Poll,,,Nonprobability Panel/Live Phone/Text-to-Web,,US,11/28/25,12/1/25,,,,72e549f7-6d18-4f89-a195-f359a9e86744,2008,rv,,rv,,12/3/25 12:13,,https://www.bigdatapoll.com/blog/trumps-third-world-immigration-moratorium-widely-popular/,,,,,,,Donald Trump,,44.8,50.5,4.7
5ef1ce75-4330-425f-9f14-afad8cb34f1e,59ef5d62-c6ba-41a3-b2cd-24b8543e62b9,YouGov,146144a2-08d6-4c6b-b912-f067ed647252,Economist,YouGov,391,YouGov,,,,,US,11/28/25,12/1/25,,,,8242c553-dd24-49ac-b903-35ba5362b3db,1628,a,,a,,12/2/25 9:41,,https://d3nkl3psvxxpe9.cloudfront.net/documents/econTabReport_szm0BQt.pdf,,,,,,,Donald Trump,,39,58,4
5ef1ce75-4330-425f-9f14-afad8cb34f1e,59ef5d62-c6ba-41a3-b2cd-24b8543e62b9,YouGov,146144a2-08d6-4c6b-b912-f067ed647252,Economist,YouGov,391,YouGov,,,,,US,11/28/25,12/1/25,,,,b25c4e8f-944b-46f6-8364-cdfbf69ee677,1456,rv,,rv,,12/2/25 9:41,,https://d3nkl3psvxxpe9.cloudfront.net/documents/econTabReport_szm0BQt.pdf,,,,,,,Donald Trump,,42,56,2
613a6173-9869-47fc-9ea2-53cea0f4b5fb,e2e08257-41fa-4956-ba29-b83cf7163c09,ActiVote,,,ActiVote,721,ActiVote,,,App Panel,,US,11/1/25,11/30/25,,,,302f96c2-c06f-438a-8bf5-cae7789ac4af,568,rv,,rv,,12/2/25 9:25,,https://www.activote.net/trumps-approval-takes-a-big-hit/,,,,,,,Donald Trump,,41.4,54.5,4.1
643ee737-afb4-4531-8f78-f52d155db740,4bc528cc-f55c-4f8b-8c90-adfe09f46c76,Morning Consult,,,Morning Consult,218,Morning Consult,,,,,US,11/26/25,11/30/25,,,,4155cdca-e05d-4125-926c-7d1c9fc44a1a,2200,rv,,rv,,12/1/25 15:32,,https://pro.morningconsult.com/trackers/donald-trump-congress-policy-republicans-polling,,,,,,,Donald Trump,,44.94,52.1,2.96
1d7de9a9-5c0f-49a4-a6e0-ecfdac4b3628,530091d3-1f98-43b8-8b9f-4a2bff415234,The Bullfinch Group,,,The Bullfinch Group,692,The Bullfinch Group,,,Text-to-Web/Nonprobability Panel,,US,11/21/25,11/25/25,,,,6c6b4723-379e-4dfe-92d7-74b3e1790108,1000,rv,,rv,,12/1/25 12:47,,https://www.thebullfinchgroup.com/post/public-release-of-bullfinch-q4-nationwide-survey-3,,,,,,,Donald Trump,,40,54,5
1d7de9a9-5c0f-49a4-a6e0-ecfdac4b3628,530091d3-1f98-43b8-8b9f-4a2bff415234,The Bullfinch Group,,,The Bullfinch Group,692,The Bullfinch Group,,,Text-to-Web/Nonprobability Panel,,US,11/21/25,11/25/25,,,,d426c284-cacd-4217-ba45-9a491eb3e3a5,1200,a,,a,,12/1/25 12:47,,https://www.thebullfinchgroup.com/post/public-release-of-bullfinch-q4-nationwide-survey-3,,,,,,,Donald Trump,,39,54,7
18825073-f5c6-463c-ae14-d449f856a52e,b0b42ed9-f490-419e-942f-af97e2cda604,TIPP Insights,e675f835-fdcd-4e92-b5ae-fc65092da4b7,Issues & Insights,TIPP Insights,144,TIPP Insights,,,,,US,11/25/25,11/29/25,,,,ec6a02e7-741c-4ecf-a668-72528d8a446f,1483,a,,a,,12/1/25 9:11,,https://issuesinsights.com/2025/12/01/after-brief-decline-trump-leadership-gauges-regain-lost-ground-in-december-ii-tipp-poll/,,,,,,,Donald Trump,,43,47,10
2470862c-f22d-4297-81cf-155316e728f3,0e8d5118-1108-4fcf-ac49-0859271a4597,Gallup,,,Gallup,112,Gallup,,,Live Phone,,US,11/3/25,11/25/25,,,,90c10866-aa84-4876-8dc2-8bc83ed14730,1321,a,,a,,11/28/25 12:04,,https://news.gallup.com/poll/699221/trump-approval-rating-drops-new-second-term-low.aspx,,,,,,,Donald Trump,,36,60,4
9f8d787f-20a6-4e48-a11d-02f8a30d6484,59ef5d62-c6ba-41a3-b2cd-24b8543e62b9,YouGov,a0d244bb-0767-423d-ac9f-154189544a48,Yahoo News,YouGov,391,YouGov,,,Nonprobability Panel,,US,11/21/25,11/24/25,,,,f74f26a9-c754-4931-8f97-5e896843f1a3,1684,a,,a,,11/26/25 11:37,,https://www.scribd.com/document/955164028/Yahoo-YouGov-Epstein-Poll-November-2025,,,,,,,Donald Trump,,40,56,4
19439dad-3f40-4110-8c36-c5772285cb80,2df67459-2691-479a-8c87-f98549fe2429,J.L. Partners,c3aee16d-168b-4940-9cd9-e599de894f92,DailyMail.com,J.L. Partners,619,J.L. Partners,,,,,US,11/19/25,11/20/25,,,,c8f3f76a-f9cd-4960-8c24-1281dbcfd886,1244,rv,,rv,,11/25/25 11:07,,https://jlpartners.com/nov25-rv,,,,,,,Donald Trump,,41,49,11
c38f7ab0-d360-4ed3-a7d9-dbbcb8586fb6,55c8b5f7-bc0c-40df-8b2e-a72330d46567,High Point University,,,High Point University,139,High Point University Survey Research Center,,,Nonprobability Panel,,US,11/10/25,11/14/25,,,,43305e6b-1177-49ff-b718-32bda702666a,837,rv,,rv,,11/25/25 10:44,,https://www.highpoint.edu/src/files/2023/08/HPUPoll-115-and-116-Memo.pdf,,,,,,,Donald Trump,,38,57,6
c38f7ab0-d360-4ed3-a7d9-dbbcb8586fb6,55c8b5f7-bc0c-40df-8b2e-a72330d46567,High Point University,,,High Point University,139,High Point University Survey Research Center,,,Nonprobability Panel,,US,11/10/25,11/14/25,,,,d66da2cf-bd77-4bde-beb6-9117bf4685e8,1004,a,,a,,11/25/25 10:44,,https://www.highpoint.edu/src/files/2023/08/HPUPoll-115-and-116-Memo.pdf,,,,,,,Donald Trump,,35,56,9
fd716a08-fd9e-4f3f-afdc-6d72ffa590fe,59ef5d62-c6ba-41a3-b2cd-24b8543e62b9,YouGov,146144a2-08d6-4c6b-b912-f067ed647252,Economist,YouGov,391,YouGov,,,,,US,11/21/25,11/24/25,,,,3fa6e988-02ea-4a85-9a92-11ef5d7cdb33,1677,a,,a,,11/25/25 10:01,,https://d3nkl3psvxxpe9.cloudfront.net/documents/econTabReport_dEPgjvs.pdf,,,,,,,Donald Trump,,38,57,4
fd716a08-fd9e-4f3f-afdc-6d72ffa590fe,59ef5d62-c6ba-41a3-b2cd-24b8543e62b9,YouGov,146144a2-08d6-4c6b-b912-f067ed647252,Economist,YouGov,391,YouGov,,,,,US,11/21/25,11/24/25,,,,db6a5250-6274-4eed-81f9-beb656433dd6,1511,rv,,rv,,11/25/25 10:01,,https://d3nkl3psvxxpe9.cloudfront.net/documents/econTabReport_dEPgjvs.pdf,,,,,,,Donald Trump,,43,56,2
cbd88b0c-1737-4aab-bc56-d633436425a9,adedfb3e-f4d9-4121-ae17-125b39b27da3,InsiderAdvantage,,,InsiderAdvantage,243,InsiderAdvantage,,,,,US,11/20/25,11/21/25,,,,a70aa120-cac3-43db-a53e-762796225401,800,lv,,lv,,11/24/25 17:10,,https://insideradvantage.com/insideradvantage-national-survey-trump-approval-recovering-approve-44-disapprove-49/,,,,,,,Donald Trump,,44,49.3,6.7
31007d7d-b031-4a46-9da7-45c69d0923fe,4bc528cc-f55c-4f8b-8c90-adfe09f46c76,Morning Consult,,,Morning Consult,218,Morning Consult,,,,,US,11/21/25,11/23/25,,,,ffbb5d7c-e55b-4ad5-891a-2ed4c1147de3,2200,rv,,rv,,11/24/25 17:08,,https://pro.morningconsult.com/trackers/donald-trump-congress-policy-republicans-polling,,,,,,,Donald Trump,,45.25,51.76,2.99
ad875781-a254-4a86-a08a-eeab9b24a5ec,312f97da-ebc5-446e-8856-cdded6ea1251,Big Data Poll,b519a86f-dbb8-46a2-8215-6abb6f6f389d,Public Polling Project,Big Data Poll,251,Big Data Poll,,,Text-to-Web/Live Phone,,US,11/20/25,11/21/25,,,,18146cc8-b179-473b-bca9-9d8be9d21976,2005,rv,,rv,,11/24/25 9:22,,https://www.bigdatapoll.com/blog/poll-sympathy-for-israel-falls-to-historic-low-among-us-voters/,,,,,,,Donald Trump,,45.4,50.3,4.4
f9f99c0e-945b-446b-bfd4-cf42d32c663e,59ef5d62-c6ba-41a3-b2cd-24b8543e62b9,YouGov,ca805caf-4575-43dd-b894-c0de3467b2fb,CBS News,YouGov,391,YouGov,,,Nonprobability Panel,,US,11/19/25,11/21/25,,,,f7a924f9-3b7b-4fae-aa68-0fe214196ebf,2478,a,,a,,11/24/25 9:09,,https://www.cbsnews.com/news/poll-venezuela-u-s-military-action-trump/,,,,,,,Donald Trump,,40,60,
4b5240c7-77b6-461f-ba54-f20c8e18335d,ae31ea8f-0d54-476d-ab98-61b258a0a986,RMG Research,62ca8b2a-418d-46f9-8c64-1f4a14ba3a80,Napolitan News Service,RMG Research,555,RMG Research,,,,,US,11/12/25,11/20/25,,,,03a41f50-cda3-4750-903b-8b5ac651ec6a,3000,rv,,rv,,11/21/25 9:35,,https://napolitannews.org/assets/pdfs/69207383ea3c2-gcm25-1119-toplines-trump-job-approval.pdf,,,,,,,Donald Trump,,46,53,2
d026acc8-2005-4df0-bd0a-3f29d6fe6525,ae3b5ee9-8be5-4f3b-b117-6abf33720e63,American Research Group,,,American Research Group,9,American Research Group,,,Live Phone,,US,11/17/25,11/20/25,,,,2324531f-bb7c-460d-b7eb-c09728017d15,,rv,,rv,,11/21/25 9:14,,https://americanresearchgroup.com/economy/,,,,,,,Donald Trump,,35,62,
d026acc8-2005-4df0-bd0a-3f29d6fe6525,ae3b5ee9-8be5-4f3b-b117-6abf33720e63,American Research Group,,,American Research Group,9,American Research Group,,,Live Phone,,US,11/17/25,11/20/25,,,,9b46a25d-b8f1-4b74-a1fc-fd0ec986a1be,1100,a,,a,,11/21/25 9:14,,https://americanresearchgroup.com/economy/,,,,,,,Donald Trump,,35,62,3
0493a882-c137-44be-ae46-21f91b30dd71,4bc528cc-f55c-4f8b-8c90-adfe09f46c76,Morning Consult,"9ceb70bb-704e-45d3-91ce-431088a02f9f,0ef6e507-f684-4a2e-ae3c-5aad555bf7e4",Deseret News | Hinckley Institute of Politics,Morning Consult,218,Morning Consult,,,,,US,11/7/25,11/13/25,,,,22607397-4c47-439e-a152-51cf4d81f18f,1745,rv,,rv,,11/20/25 9:54,,https://www.deseret.com/politics/2025/11/19/americans-not-supportive-trump-national-guard-states/,,,,,,,Donald Trump,,43,52,5
33a73df4-232d-41fc-8850-0b92cf4b0efb,4da0e617-fda4-4c29-a2c0-1055e6af4eaf,Beacon Research/Shaw & Company Research,d380c59c-d59c-465b-90a9-cb0f2d14e4f0,Fox News,Beacon Research/Shaw & Company Research,103,Beacon Research/Shaw & Co. Research,,,Live Phone/Text-to-Web,,US,11/14/25,11/17/25,,,,d32d2934-d4e7-459b-aecc-b93a63fe3450,1005,rv,,rv,,11/19/25 23:39,,https://www.foxnews.com/politics/fox-news-poll-voters-say-white-house-doing-more-harm-than-good-economy,,,,,,,Donald Trump,,41,58,0
60a006cb-a3ec-4050-b2b7-dd2b3f50adbd,fd91b31c-8953-44da-bfb5-fc15fadb2f5e,The Argument/Verasight,,,The Argument/Verasight,,,,,,,US,11/10/25,11/17/25,,,,fc8b650b-488a-465f-8869-5d693b29bd8d,1508,rv,,rv,,11/19/25 13:44,,https://www.theargumentmag.com/p/2026-is-looking-terrible-for-republicans,,,,,,,Donald Trump,,42,56,2
8620cfc2-f275-4f57-8120-a151dff6664a,d4af6439-dec0-4fa7-826b-5b409e1f3280,Marquette University Law School,,,Marquette University Law School,195,,,,,,US,11/5/25,11/12/25,,,,fbb4513f-5286-44b0-8eb2-5d916a1f451f,1052,a,,a,,11/19/25 9:24,,https://law.marquette.edu/poll/2025/11/18/detailed-results-of-the-marquette-law-school-supreme-court-poll-nov-5-12-2025-national-issues/,,,,,,,Donald Trump,,43,57,
08789834-4d7b-4f5c-abf1-c43db8f9b504,a8db55ca-987d-4afd-83dc-e3f5f077682a,Marist University,"5da73c82-ac8b-4f47-b3a3-0739b4ebf473,2404c1ad-3f79-4130-a46c-9a3a63a1b6d9",NPR | PBS News,Marist University,183,Marist College,,,Live Phone/Text/Nonprobability Panel,,US,11/10/25,11/13/25,,,,42564a21-049b-4be8-b649-7118d1ced110,1443,a,,a,,11/19/25 9:22,,https://maristpoll.marist.edu/polls/a-look-to-the-2026-midterms-november-2025/,,,,,,,Donald Trump,,39,56,5
08789834-4d7b-4f5c-abf1-c43db8f9b504,a8db55ca-987d-4afd-83dc-e3f5f077682a,Marist University,"5da73c82-ac8b-4f47-b3a3-0739b4ebf473,2404c1ad-3f79-4130-a46c-9a3a63a1b6d9",NPR | PBS News,Marist University,183,Marist College,,,Live Phone/Text/Nonprobability Panel,,US,11/10/25,11/13/25,,,,c0c80bc2-f5c0-4bf5-a9e5-51ca9c3b6eca,1291,rv,,rv,,11/19/25 9:22,,https://maristpoll.marist.edu/polls/a-look-to-the-2026-midterms-november-2025/,,,,,,,Donald Trump,,40,57,4
1bd9e523-d7d3-402b-ab5e-2f1bdb91199e,a6ab99b0-9d30-4a77-bbe7-03c9a3566a22,Ipsos,3dc40107-581b-4428-94a4-00d603640476,Reuters,Ipsos,154,Ipsos,,,,,US,11/14/25,11/17/25,,,,7a2de45c-cbd5-4c77-9c4f-6c9e6bc768cf,1017,a,,a,,11/18/25 15:32,,https://www.reuters.com/world/us/trump-approval-falls-lowest-his-term-over-prices-epstein-files-reutersipsos-poll-2025-11-18/,,,,,,,Donald Trump,,38,60,
8fcd5a61-5254-402d-ad45-022ae3024437,59ef5d62-c6ba-41a3-b2cd-24b8543e62b9,YouGov,146144a2-08d6-4c6b-b912-f067ed647252,Economist,YouGov,391,YouGov,,,Nonprobability Panel,,US,11/15/25,11/17/25,,,,6e5e2ecc-260e-4e6f-8dd6-71986de00122,1549,a,,a,,11/18/25 9:57,,https://d3nkl3psvxxpe9.cloudfront.net/documents/econTabReport_Hb6uOe2.pdf,,,,,,,Donald Trump,,40,56,4
8fcd5a61-5254-402d-ad45-022ae3024437,59ef5d62-c6ba-41a3-b2cd-24b8543e62b9,YouGov,146144a2-08d6-4c6b-b912-f067ed647252,Economist,YouGov,391,YouGov,,,Nonprobability Panel,,US,11/15/25,11/17/25,,,,78f08ef6-83ce-42fa-949b-22752f0507a2,1382,rv,,rv,,11/18/25 9:57,,https://d3nkl3psvxxpe9.cloudfront.net/documents/econTabReport_Hb6uOe2.pdf,,,,,,,Donald Trump,,43,56,2
f5d33aeb-7cc7-4709-82bb-7b4607491b0d,d64047d4-d15f-4b8d-8d37-714001c5f4f5,Verasight,3b7bcad0-2c0d-43e6-a3fb-2f2c7a55b5bb,Strength In Numbers,Verasight,774,,,,,,US,11/12/25,11/14/25,,,,f4be22ab-fffe-4b60-b863-a05f1fbcb62f,2038,a,,a,,11/18/25 9:41,,https://www.gelliottmorris.com/p/new-poll-democrats-lead-the-2026,,,,,,,Donald Trump,,41,57,3
93afeffe-b86e-4676-aab5-096d0200aab2,932da08a-7f8a-48e3-a92a-c443c039fbd1,Echelon Insights,,,Echelon Insights,407,Echelon Insights,,,Nonprobability Panel,,US,11/13/25,11/17/25,,,,e7d48eed-72a8-4b05-8d1f-52ed7a39bdb1,1051,lv,,lv,,11/18/25 9:19,,https://echeloninsights.com/in-the-news/november-2025-verified-voter-omnibus/,,,,,,,Donald Trump,,42,57,2
7f9bfd9d-bbb2-47f9-8608-9c45d0a7b9a9,4bc528cc-f55c-4f8b-8c90-adfe09f46c76,Morning Consult,,,Morning Consult,218,Morning Consult,,,Nonprobability Panel,,US,11/14/25,11/16/25,,,,c347796f-f529-4195-9f0d-eb699c9b4c92,2201,rv,,rv,,11/17/25 15:18,,https://pro.morningconsult.com/trackers/donald-trump-congress-policy-republicans-polling,,,,,,,Donald Trump,,45.63,52.13,2.24
b6246003-d07d-43de-a220-5d0e02b033b9,642c8e51-c965-4a1b-b10d-1614d73cb18d,Quantus Insights,,,Quantus Insights,859,Quantus Insights,,,Nonprobability Panel/Text,,US,11/11/25,11/12/25,,,,5d57ab33-2740-44cd-957e-bb03002a2b45,1000,rv,,rv,,11/14/25 15:55,,https://quantusinsights.org/f/survey-shows-public-discontent-with-trump-direction-of-us,,,,,,,Donald Trump,,43.2,54.6,2.3
35d04459-95f2-4eed-95ce-d658c0ca430c,ae31ea8f-0d54-476d-ab98-61b258a0a986,RMG Research,62ca8b2a-418d-46f9-8c64-1f4a14ba3a80,Napolitan News Service,RMG Research,555,RMG Research,,,,,US,11/5/25,11/13/25,,,,162923d0-fe0b-42e5-8e48-46cc1f9764a7,3000,rv,,rv,,11/14/25 9:08,,https://napolitannews.org/assets/pdfs/69173042432de-gcm25-1112-toplines-trump-job-approval.pdf,,,,,,,Donald Trump,,49,50,2
ad853ecf-700f-4bad-a257-cd33360c7da2,530091d3-1f98-43b8-8b9f-4a2bff415234,The Bullfinch Group,74a1ac91-ee09-403c-9d07-a10f6437ae7f,Independent Center,The Bullfinch Group,692,The Bullfinch Group,,,,,US,10/10/25,10/16/25,,,,230a4ae9-eb25-45a2-8462-8df6134dd61c,1000,rv,,rv,,11/13/25 13:53,,https://www.independentcenter.org/poll-toplines/independent-center-2025-nationwide-online-governmental-sentiment-survey,,,,,,,Donald Trump,,42,53,5
ad853ecf-700f-4bad-a257-cd33360c7da2,530091d3-1f98-43b8-8b9f-4a2bff415234,The Bullfinch Group,74a1ac91-ee09-403c-9d07-a10f6437ae7f,Independent Center,The Bullfinch Group,692,The Bullfinch Group,,,,,US,10/10/25,10/16/25,,,,97c761e3-278a-4c7b-a57d-b0e006dd9875,1200,a,,a,,11/13/25 13:53,,https://www.independentcenter.org/poll-toplines/independent-center-2025-nationwide-online-governmental-sentiment-survey,,,,,,,Donald Trump,,42,52,6
f8359e5b-eb72-4427-af2b-0b8f4090c010,4bc528cc-f55c-4f8b-8c90-adfe09f46c76,Morning Consult,,,Morning Consult,218,Morning Consult,,,,,US,11/6/25,11/12/25,,,,b09e239b-f06f-40df-a08d-cd8a5cb7e40d,,a,,a,,11/13/25 10:48,,https://pro.morningconsult.com/trackers/global-leader-approval,,,,,,,Donald Trump,,41.1,52.2,6.7
137009a3-4c22-4dd9-bc76-410503134941,a6ab99b0-9d30-4a77-bbe7-03c9a3566a22,Ipsos,3dc40107-581b-4428-94a4-00d603640476,Reuters,Ipsos,154,Ipsos,,,,,US,11/7/25,11/12/25,,,,eb487cf9-d204-4d65-bfd3-0eaf049ae2cb,1200,a,,a,,11/13/25 9:41,,https://www.reuters.com/world/us/democrats-more-energized-2026-elections-than-republicans-reutersipsos-poll-finds-2025-11-13/,,,,,,,Donald Trump,,40,58,
e3f90514-4b19-4f5e-9123-a458cfce042a,72908461-a4cf-42da-9ef4-f4299cc7b9d8,Navigator Research,,,Navigator Research,413,Global Strategy Group/GBAO (Navigator Research),,,,,US,11/6/25,11/9/25,,,,289e3d96-e6b6-43af-b1e4-0cce6f0280e0,1000,rv,,rv,,11/12/25 12:59,,https://navigatorresearch.org/how-americans-views-of-the-shutdown-changed/,,,,,,,Donald Trump,,40,58,2
2fca5cc2-431c-4dc5-b496-f000c8bf2b6f,bd24b786-354a-4dae-8616-a5a888d550e4,AP-NORC,,,AP-NORC,397,AP-NORC,,,Probability Panel,,US,11/6/25,11/10/25,,,,48407d02-ce13-47c5-9059-8bc7046445da,1143,a,,a,,11/12/25 12:10,,https://apnorc.org/wp-content/uploads/2025/11/Nov-Topline-Final.pdf,,,,,,,Donald Trump,,36,62,2
a8293cf5-a144-4f2d-9e05-82a00e46a252,59ef5d62-c6ba-41a3-b2cd-24b8543e62b9,YouGov,146144a2-08d6-4c6b-b912-f067ed647252,Economist,YouGov,391,YouGov,,,Nonprobability Panel,,US,11/7/25,11/10/25,,,,988ccecf-b88a-456b-8c31-bd53d9076971,1500,rv,,rv,,11/11/25 11:44,,https://d3nkl3psvxxpe9.cloudfront.net/documents/econtoplines_L33vOWV.pdf,,,,,,,Donald Trump,,43,55,2
a8293cf5-a144-4f2d-9e05-82a00e46a252,59ef5d62-c6ba-41a3-b2cd-24b8543e62b9,YouGov,146144a2-08d6-4c6b-b912-f067ed647252,Economist,YouGov,391,YouGov,,,Nonprobability Panel,,US,11/7/25,11/10/25,,,,d7379244-168b-4f3e-a96f-35f05cbf669b,1663,a,,a,,11/11/25 11:44,,https://d3nkl3psvxxpe9.cloudfront.net/documents/econtoplines_L33vOWV.pdf,,,,,,,Donald Trump,,39,56,5
8ea374ab-2ed7-4118-9577-346ed46b4902,7e648c0c-a715-4d5c-bc28-93c71899af71,Targoz Market Research,ac0b5dff-9af6-4dfc-aedb-05bb3b55ec86,Overton Insights,Targoz Market Research,454,Targoz Market Research,,,Nonprobability Panel,,US,10/27/25,10/29/25,,,,952ec81c-63a6-4837-bf99-24dfdcd689c0,1200,rv,,rv,,11/11/25 11:29,,https://overtoninsights.com/wp-content/uploads/2025/11/November-2025-Poll-Crosstabs.pdf,,,,,,,Donald Trump,,43,55,1
81cf6c4d-c9d1-426e-b8e2-836e3ab2bd7d,4bc528cc-f55c-4f8b-8c90-adfe09f46c76,Morning Consult,,,Morning Consult,218,Morning Consult,,,Nonprobability Panel,,US,11/7/25,11/9/25,,,,bc2efc46-b239-4614-93de-e5509e012036,2201,rv,,rv,,11/10/25 17:08,,https://pro.morningconsult.com/trackers/donald-trump-congress-policy-republicans-polling,,,,,,,Donald Trump,,43.9,54.29,1.81
05000305-6748-4d79-8b60-651e93fb6c02,e006101f-7fff-4657-a2e9-19e3032386a2,HarrisX/Harris Poll,2659a402-6df7-481c-accb-d06e645828f8,Harvard CAPS,HarrisX/Harris Poll,133,Harris Insights & Analytics,,,Nonprobability Panel,,US,11/4/25,11/6/25,,,,1181a8cb-02a2-434a-a21d-14335f922995,2000,rv,,rv,,11/10/25 10:24,,https://harvardharrispoll.com/key-results-november-5/,,,,,,,Donald Trump,,44,51,4
9ac35aa7-3f95-40d5-803a-f1d603c7228d,80029fd7-3cc7-4be2-93be-cdb8be68ee94,Talker Research,70540668-6892-421a-b9a4-2669c13e1998,Scripps News,Talker Research,,,,,,,US,10/28/25,10/31/25,,,,c5738e3b-1d9a-4822-aab4-3579ff7ba877,1000,a,,a,,11/7/25 16:37,,https://www.scrippsnews.com/health/premium-pain/americans-say-health-insurance-costs-are-a-thorn-in-my-side,,,,,,,Donald Trump,,44,46,10
02a743e3-cf41-4d7c-96ed-e44eb7df91f8,ae31ea8f-0d54-476d-ab98-61b258a0a986,RMG Research,62ca8b2a-418d-46f9-8c64-1f4a14ba3a80,Napolitan News Service,RMG Research,555,RMG Research,,,,,US,10/29/25,11/6/25,,,,cac6f5c0-98f2-441a-bd88-6f9e798ae37e,3000,rv,,rv,,11/7/25 9:15,,https://napolitannews.org/assets/pdfs/690dfa33b28e7-gcm25-1105-toplines-trump-job-approval.pdf,,,,,,,Donald Trump,,46,51,2
8d91bcc5-8656-43b3-a4f0-ee0227edae97,7485e3b7-8959-43d7-985f-95417076d068,Emerson College,,,Emerson College,88,Emerson College,,,Text-to-Web/Nonprobability Panel,,US,11/3/25,11/4/25,,,,882a6a2f-072b-4550-9682-ff0cb614f6a6,1000,rv,,rv,,11/7/25 7:17,,https://emersoncollegepolling.com/november-2025-national-poll/,,,,,,,Donald Trump,,41.1,49.4,9.6
b6fb0adb-0a8f-473a-8f5d-343acd3e4487,72908461-a4cf-42da-9ef4-f4299cc7b9d8,Navigator Research,,,Navigator Research,413,Global Strategy Group/GBAO (Navigator Research),,,Nonprobability Panel,,US,11/1/25,11/3/25,,,,bfb8100b-1918-4a93-b855-94f6e6ea7d83,1000,rv,,rv,,11/5/25 10:41,,https://navigatorresearch.org/wp-content/uploads/2025/11/Navigator-Topline-F11.03.25.pdf,,,,,,,Donald Trump,,41,56,2
a5f0b9c8-7fa9-414d-b4d3-7e1617e65653,59ef5d62-c6ba-41a3-b2cd-24b8543e62b9,YouGov,146144a2-08d6-4c6b-b912-f067ed647252,Economist,YouGov,391,YouGov,,,Nonprobability Panel,,US,10/31/25,11/3/25,,,,108bf156-7176-458c-b5a2-ea5a2efa4efc,1475,rv,,rv,,11/4/25 9:42,,https://d3nkl3psvxxpe9.cloudfront.net/documents/econTabReport_5RO6eos.pdf,,,,,,,Donald Trump,,43,55,2
a5f0b9c8-7fa9-414d-b4d3-7e1617e65653,59ef5d62-c6ba-41a3-b2cd-24b8543e62b9,YouGov,146144a2-08d6-4c6b-b912-f067ed647252,Economist,YouGov,391,YouGov,,,Nonprobability Panel,,US,10/31/25,11/3/25,,,,6a5c744e-62cc-4848-954d-b281038a8144,1656,a,,a,,11/4/25 9:42,,https://d3nkl3psvxxpe9.cloudfront.net/documents/econTabReport_5RO6eos.pdf,,,,,,,Donald Trump,,39,57,3
fa9e3a9a-e2cf-4ac5-9d5a-b597b501a46d,4bc528cc-f55c-4f8b-8c90-adfe09f46c76,Morning Consult,,,Morning Consult,218,Morning Consult,,,,,US,10/31/25,11/2/25,,,,8b30751d-baf3-489d-a870-918d4cd37029,2202,rv,,rv,,11/3/25 15:48,,https://pro.morningconsult.com/trackers/donald-trump-congress-policy-republicans-polling,,,,,,,Donald Trump,,45.27,52.26,2.46
5a8e4b98-f8b0-444d-80b9-3cb4b96457fb,b0b42ed9-f490-419e-942f-af97e2cda604,TIPP Insights,e675f835-fdcd-4e92-b5ae-fc65092da4b7,Issues & Insights,TIPP Insights,144,TIPP Insights,,,,,US,10/28/25,10/31/25,,,,a872f0e0-b8bf-422f-8de8-03ba67bc31ec,1418,a,,a,,11/3/25 9:28,,https://tippinsights.com/too-much-winning-trumps-favorability-slumps-in-november-as-voters-take-stock-i-i-tipp-poll/,,,,,,,Donald Trump,,40,51,9
93e490ac-34a9-4db0-a8cc-fba1950efb24,3be4d123-848b-430a-8168-689af60cefa2,CNN/SSRS,,,CNN/SSRS,844,CNN,,,Probability Panel,,US,10/27/25,10/30/25,,,,2c4ee744-369c-4396-b6f6-f8dfd5d7f810,954,rv,,rv,,11/3/25 9:27,,https://s3.documentcloud.org/documents/26211915/cnn-poll-trump-midterms-east-wing-parties.pdf,,,,,,,Donald Trump,,39,61,0
93e490ac-34a9-4db0-a8cc-fba1950efb24,3be4d123-848b-430a-8168-689af60cefa2,CNN/SSRS,,,CNN/SSRS,844,CNN,,,Probability Panel,,US,10/27/25,10/30/25,,,,789d8976-1f00-4213-ba8c-7cb2316526e5,1245,a,,a,,11/3/25 9:27,,https://s3.documentcloud.org/documents/26211915/cnn-poll-trump-midterms-east-wing-parties.pdf,,,,,,,Donald Trump,,37,63,0
cfd09e77-816e-4305-80f3-f9162a386e30,271b403a-9051-4a60-b737-a8fff644f2d3,NewsNation,0b4ca625-0b7c-46b1-983f-159d384084ee,Decision Desk HQ,NewsNation,696,NewsNation,,,Nonprobability Panel,,US,10/27/25,10/29/25,,,,5c9524a3-bf93-487d-8302-aacf45017939,1159,lv,,lv,,11/2/25 12:17,,https://www.newsnationnow.com/polls/,,,,,,,Donald Trump,,43.02,56.6,0.38
cfd09e77-816e-4305-80f3-f9162a386e30,271b403a-9051-4a60-b737-a8fff644f2d3,NewsNation,0b4ca625-0b7c-46b1-983f-159d384084ee,Decision Desk HQ,NewsNation,696,NewsNation,,,Nonprobability Panel,,US,10/27/25,10/29/25,,,,98caf7d6-5529-46b6-b3c1-a9cdd1339ae5,1610,rv,,rv,,11/2/25 12:17,,https://www.newsnationnow.com/polls/,,,,,,,Donald Trump,,40.98,57.03,1.99
7f38c43b-289e-45da-8214-bf42cb4f1d61,9ab6b302-92ac-4132-97a6-c3580bd5ed77,Hart Research Associates/Public Opinion Strategies,cfb2e09f-a26b-4add-8e6a-dd9eb5641cd0,NBC News,Hart Research Associates/Public Opinion Strategies,221,Hart Research Associates/Public Opinion Strategies,,,Live Phone/Text-to-Web,,US,10/24/25,10/28/25,,,,b069f197-bf3f-47bb-a89e-dad583dd80a3,1000,rv,,rv,,11/2/25 9:35,,https://www.nbcnews.com/politics/elections/poll-frustration-trump-gives-democrats-opening-year-midterms-rcna240551,,,,,,,Donald Trump,,43,55,2
ca2786fd-71a5-4591-952d-cb126693b457,a6ab99b0-9d30-4a77-bbe7-03c9a3566a22,Ipsos,"5b8dc7dc-46e0-49e6-aba9-6c646d874d81,c7a0a812-36e4-4d3b-9188-2c64ddb0ac7f",ABC News | The Washington Post,Ipsos,154,Ipsos,,,Probability Panel,,US,10/24/25,10/28/25,,,,20ee7924-0c29-4ab2-ac80-ef2a4204c1ed,2203,rv,,rv,,11/2/25 9:26,,https://www.washingtonpost.com/politics/2025/11/02/trump-democrats-poll-post-abc-ipsos/,,,,,,,Donald Trump,,43,57,0
ca2786fd-71a5-4591-952d-cb126693b457,a6ab99b0-9d30-4a77-bbe7-03c9a3566a22,Ipsos,"5b8dc7dc-46e0-49e6-aba9-6c646d874d81,c7a0a812-36e4-4d3b-9188-2c64ddb0ac7f",ABC News | The Washington Post,Ipsos,154,Ipsos,,,Probability Panel,,US,10/24/25,10/28/25,,,,714025a3-a1bb-410e-863f-519500ed9ec4,2725,a,,a,,11/2/25 9:26,,https://www.washingtonpost.com/politics/2025/11/02/trump-democrats-poll-post-abc-ipsos/,,,,,,,Donald Trump,,41,59,0
a34923a0-e0d7-437a-b708-4049d8d91835,59ef5d62-c6ba-41a3-b2cd-24b8543e62b9,YouGov,ca805caf-4575-43dd-b894-c0de3467b2fb,CBS News,YouGov,391,YouGov,,,Nonprobability Panel,,US,10/29/25,10/31/25,,,,1afd9fa8-5f54-4db5-bd6a-29501c3f341d,2118,a,,a,,11/2/25 9:22,,https://www.cbsnews.com/news/cbs-news-poll-shutdown-impact-economy-personal/,,,,,,,Donald Trump,,41,59,
6bcee821-8238-417a-ba3e-036716fa8e9d,e2e08257-41fa-4956-ba29-b83cf7163c09,ActiVote,,,ActiVote,721,ActiVote,,,App Panel,,US,10/1/25,10/31/25,,,,bb552387-fdb9-4969-ba37-f867ee9dd9ae,574,rv,,rv,,11/1/25 16:24,,https://www.activote.net/trumps-approval-ticks-up/,,,,,,,Donald Trump,,46,50.6,3.3
05b3daee-d1b4-4e8f-b01b-07de7b0d48d4,ae31ea8f-0d54-476d-ab98-61b258a0a986,RMG Research,62ca8b2a-418d-46f9-8c64-1f4a14ba3a80,Napolitan News Service,RMG Research,555,RMG Research,,,,,US,10/22/25,10/30/25,,,,1cf038a7-4159-48a7-98c6-909601fc503c,3000,rv,,rv,,10/31/25 9:33,,https://napolitannews.org/assets/pdfs/6904b7cf8bff0-gcm25-1029-toplines-trump-job-approval.pdf,,,,,,,Donald Trump,,48,49,2
95a3b815-c6ac-45fe-9a2a-cb83c8a30b4a,d64047d4-d15f-4b8d-8d37-714001c5f4f5,Verasight,3b7bcad0-2c0d-43e6-a3fb-2f2c7a55b5bb,Strength In Numbers,Verasight,774,,,,,,US,10/24/25,10/29/25,,,,99a80a2b-9dc7-4238-a186-5d9f7a06a8d1,1567,a,,a,,10/31/25 9:15,,https://www.gelliottmorris.com/p/new-poll-voters-want-democrats-to,,,,,,,Donald Trump,,41,56,3
4d82864d-0881-4a24-9990-b36b1ef78c8c,9824a356-03ef-4183-8d56-72de54a66fee,Clarity Campaign Labs,,,Clarity Campaign Labs,52,Clarity Campaign Labs,,,,,US,10/16/25,10/23/25,,,,a716b5bc-0f3f-4333-83e2-6e6c8e415ab4,1047,rv,,rv,,10/30/25 10:13,,https://www.claritycampaigns.com/clarity-omnibus-oct-2025,,,,,,,Donald Trump,,46,52,2
123d165f-6163-4380-8ece-bd74ee48bf14,312f97da-ebc5-446e-8856-cdded6ea1251,Big Data Poll,b519a86f-dbb8-46a2-8215-6abb6f6f389d,Public Polling Project,Big Data Poll,251,Big Data Poll,,,Nonprobability Panel,,US,10/26/25,10/28/25,,,,d0764eae-72f0-48a9-b7e4-dcf6917c9413,2984,rv,,rv,,10/30/25 9:04,,https://www.bigdatapoll.com/blog/trumps-approval-rating-declines-further-in-october/,,,,,,,Donald Trump,,44.9,51.2,3.8
33dca62e-e9de-4f60-bec5-d92b62dfaf95,5f397f40-11d9-4ff7-b214-498f71cbb855,University of Massachusetts Lowell Center for Public Opinion/YouGov,,,University of Massachusetts Lowell Center for Public Opinion/YouGov,355,University of Massachusetts Lowell Center for Public Opinion,,,Nonprobability Panel,,US,10/16/25,10/20/25,,,,39c46248-a1a8-496b-84c9-1f63fbb18bb2,1000,a,,a,,10/29/25 20:44,,https://www.uml.edu/news/press-releases/2025/national-poll-10292025.aspx,,,,,,,Donald Trump,,42,58,
b3b55ab7-1540-4b4a-a79d-a464c8e719eb,72908461-a4cf-42da-9ef4-f4299cc7b9d8,Navigator Research,,,Navigator Research,413,Global Strategy Group/GBAO (Navigator Research),,,Nonprobability Panel,,US,10/23/25,10/27/25,,,,111e6008-243b-4206-8d04-cdcda8c27baa,1000,rv,,rv,,10/29/25 9:37,,https://navigatorresearch.org/wp-content/uploads/2025/10/Navigator-Update-10.29.2025.pdf,,,,,,,Donald Trump,,41,57,2
3fff628a-288a-4d03-821d-7f02f02bba1c,a6ab99b0-9d30-4a77-bbe7-03c9a3566a22,Ipsos,3dc40107-581b-4428-94a4-00d603640476,Reuters,Ipsos,154,Ipsos,,,,,US,10/24/25,10/26/25,,,,ac78aadb-847a-4dec-b7c4-e81a85979e50,1018,a,,a,,10/28/25 13:59,,https://www.reuters.com/world/us/trumps-popularity-dips-americans-sweat-cost-living-reutersipsos-poll-finds-2025-10-28/,,,,,,,Donald Trump,,40,57,
f7940aed-ac9a-4dd2-b264-ab417116d6ad,59ef5d62-c6ba-41a3-b2cd-24b8543e62b9,YouGov,a0d244bb-0767-423d-ac9f-154189544a48,Yahoo News,YouGov,391,YouGov,,,Nonprobability Panel,,US,10/23/25,10/27/25,,,,e1e954fa-ed7e-4034-8932-d52614164b7e,1770,a,,a,,10/28/25 12:08,,https://www.scribd.com/document/940273112/Yahoo-YouGov-Shutdown-Poll-October-2025,,,,,,,Donald Trump,,40,56,4
f7940aed-ac9a-4dd2-b264-ab417116d6ad,59ef5d62-c6ba-41a3-b2cd-24b8543e62b9,YouGov,a0d244bb-0767-423d-ac9f-154189544a48,Yahoo News,YouGov,391,YouGov,,,Nonprobability Panel,,US,10/23/25,10/27/25,,,,fccbca0e-177d-425a-acfc-a08ce53109a0,1197,rv,,rv,,10/28/25 12:08,,https://www.scribd.com/document/940273112/Yahoo-YouGov-Shutdown-Poll-October-2025,,,,,,,Donald Trump,,43,55,2
98d76d65-1e42-4966-bf8b-76581cf4c3ec,59ef5d62-c6ba-41a3-b2cd-24b8543e62b9,YouGov,146144a2-08d6-4c6b-b912-f067ed647252,Economist,YouGov,391,YouGov,,,,,US,10/24/25,10/27/25,,,,6c857067-e02f-4fc6-bc65-d182cac3ef80,1476,rv,,rv,,10/28/25 9:32,,https://d3nkl3psvxxpe9.cloudfront.net/documents/econtoplines_6P3FccQ.pdf,,,,,,,Donald Trump,,43,55,2
98d76d65-1e42-4966-bf8b-76581cf4c3ec,59ef5d62-c6ba-41a3-b2cd-24b8543e62b9,YouGov,146144a2-08d6-4c6b-b912-f067ed647252,Economist,YouGov,391,YouGov,,,,,US,10/24/25,10/27/25,,,,f1c3608e-5e45-4595-85ae-fe4536066fb4,1623,a,,a,,10/28/25 9:32,,https://d3nkl3psvxxpe9.cloudfront.net/documents/econtoplines_6P3FccQ.pdf,,,,,,,Donald Trump,,39,58,4
697e9a56-761a-476e-8119-12a7114fc436,6fa6167a-c09c-423b-af3d-3a47f49e055b,"Normington, Petts & Associates",0df1eb05-d373-4a59-bac3-c165aa4b67dc,Third Way,"Normington, Petts & Associates",,,,,,,US,9/11/25,9/16/25,,,,eff5e148-05b4-47a6-880b-7c397b779df8,800,rv,,rv,,10/28/25 9:12,,https://www.thirdway.org/memo/americans-caught-between-trumps-cruelty-and-democrats-chaos,,,,,,,Donald Trump,,45,54,1
03a94037-b719-4eef-8098-847956981323,4bc528cc-f55c-4f8b-8c90-adfe09f46c76,Morning Consult,,,Morning Consult,218,Morning Consult,,,,,US,10/24/25,10/26/25,,,,cf1ead5d-bf80-4fad-83b7-5d916b1047c5,2202,rv,,rv,,10/28/25 9:04,,https://pro.morningconsult.com/trackers/donald-trump-congress-policy-republicans-polling,,,,,,,Donald Trump,,46.1,50.99,2.92
2c5c8c3d-4025-4469-be45-c4e2460957b3,fd91b31c-8953-44da-bfb5-fc15fadb2f5e,The Argument/Verasight,,,The Argument/Verasight,,,,,Mail-to-Web/Text-to-Web/Nonprobability Panel,,US,10/10/25,10/16/25,,,,904fbc88-8b18-43bd-ae69-d3fb40010635,1530,rv,,rv,,10/27/25 10:09,,https://www.theargumentmag.com/p/the-immigration-problem-is-a-crime,,,,,,,Donald Trump,,43,54,2
cad63d6b-699d-4a11-b105-a9a3e88104f2,c7ce7592-5c6a-4a25-bb62-3e11f01555d4,Hart Research Associates,b462e094-b159-410c-a4e1-cd66e0b9fe5b,Senate Majority PAC,Hart Research Associates,113,Garin-Hart-Yang Research Group,,,,,US,10/17/25,10/19/25,,,,3c38246f-8ecb-4a26-a341-6270bfc74713,1221,lv,,lv,,10/24/25 10:47,,https://senatemajority.com/wp-content/uploads/Hart-Research-SMP-Oct-24.pdf?utm_source=Sailthru&utm_medium=email&utm_campaign=10/24/25%20%20AM:&utm_term=Punchbowl%20AM%20and%20Active%20Subscribers%20from%20Memberful%20Combined,,,,,,DEM,Donald Trump,,45,55,
19142817-beda-465d-a6f2-101eaf13a850,ae31ea8f-0d54-476d-ab98-61b258a0a986,RMG Research,62ca8b2a-418d-46f9-8c64-1f4a14ba3a80,Napolitan News Service,RMG Research,555,RMG Research,,,,,US,10/15/25,10/22/25,,,,ed419e91-27bc-4f83-9199-bda8670958fa,3000,rv,,rv,,10/24/25 9:38,,https://napolitannews.org/assets/pdfs/68fb7fa19ba6e-gcm25-1022-toplines-trump-job-approval.pdf,,,,,,,Donald Trump,,51,47,2
aadfe865-fa1d-4ad7-9620-dc2894e19e1c,59ef5d62-c6ba-41a3-b2cd-24b8543e62b9,YouGov,97f926e7-5483-443f-aac6-ef7336a8d26c,Taxpayers Protection Alliance,YouGov,391,YouGov,,,Nonprobability Panel,,US,9/5/25,9/9/25,,,,0b736aba-eb2c-427c-83f1-88856563a990,2030,a,,a,,10/23/25 11:17,,https://www.protectingtaxpayers.org/federal-agencies/tpa-releases-a-new-survey-exposing-americans-wide-distrust-disapproval-of-rfk-jr-s-leadership/,,,,,,REP,Donald Trump,,42,55,4
25b36a38-8780-4bdc-8b64-c23b4de762f8,daec1c64-6ced-4bd1-992a-bf7e95b32f74,Quinnipiac University,,,Quinnipiac University,267,Quinnipiac University,,,Live Phone,,US,10/16/25,10/20/25,,,,f4261b50-fe59-43cf-ad0b-e406c7f3deef,1327,rv,,rv,,10/22/25 14:05,,https://poll.qu.edu/poll-release?releaseid=3938,,,,,,,Donald Trump,,40,54,6
49818c9a-61b2-4253-b99f-b6f06571d56c,72908461-a4cf-42da-9ef4-f4299cc7b9d8,Navigator Research,,,Navigator Research,413,Global Strategy Group/GBAO (Navigator Research),,,,,US,10/16/25,10/20/25,,,,97b37237-0c8d-49aa-ac46-c40a41c92857,1000,rv,,rv,,10/22/25 12:22,,https://navigatorresearch.org/government-shutdown-week-3-a-guide-for-advocates/?emci=6a577bc9-54af-f011-8e61-6045bded8ba4&emdi=063cda43-62af-f011-8e61-6045bded8ba4&ceid=1590570,,,,,,,Donald Trump,,43,55,3
645497ec-5d0b-4ac8-bb95-5fcd40644a26,0e8d5118-1108-4fcf-ac49-0859271a4597,Gallup,,,Gallup,112,Gallup,,,Live Phone,,US,10/1/25,10/16/25,,,,b33ce941-d7e8-476e-9e43-0691bac2700e,1000,a,,a,,10/22/25 11:19,,https://news.gallup.com/poll/696722/congress-job-rating-sinks-trump-steady.aspx,,,,,,,Donald Trump,,41,54,5
39b16f1b-462d-46a9-b90b-925a34498e2a,4174c9e7-5f01-418f-9ca1-924ab4b840bb,PRRI,"9ee8ed42-50c8-45f5-9373-aab175cae14d,f8fd0a55-3527-4d24-9482-33e3bd734dfb,81bf35fc-b08a-4c29-90ff-20ce36f28f14,400f4ae7-39d4-4a25-bf9e-1b54de222078",Brookings Institute | Carnegie Corporation of New York | Ford Foundation | Unitarian Universalist Veatch Program at Shelter Rock,PRRI,428,,,,Nonprobability Panel/Probability Panel,,US,8/15/25,9/8/25,,,,e45b0899-dd66-405a-9c39-461b28af2565,5543,a,,a,,10/22/25 9:56,,https://prri.org/research/trumps-unprecedented-actions-deepen-asymmetric-divides/,,,,,,,Donald Trump,,42,56,2
6baa8b38-271f-4b9b-984d-b09f12a8a8bf,4bc528cc-f55c-4f8b-8c90-adfe09f46c76,Morning Consult,,,Morning Consult,218,Morning Consult,,,,,US,10/17/25,10/19/25,,,,d306b590-3bc8-4df6-8ee3-c5eec19bec39,2200,rv,,rv,,10/21/25 17:21,,https://pro.morningconsult.com/trackers/donald-trump-congress-policy-republicans-polling,,,,,,,Donald Trump,,46.35,50.97,2.68
cab987db-386d-4e89-9ab3-6bfd21c9d66d,932da08a-7f8a-48e3-a92a-c443c039fbd1,Echelon Insights,,,Echelon Insights,407,Echelon Insights,,,Nonprobability Panel,,US,10/16/25,10/20/25,,,,57801fe0-1850-4ec0-8ba5-1d1f4ec83729,1010,lv,,lv,,10/21/25 13:52,,https://echeloninsights.com/in-the-news/october-2025-verified-voter-omnibus-2/,,,,,,,Donald Trump,,46,53,1
c6230fc7-cc8c-428d-8615-bb9cdc2073bf,59ef5d62-c6ba-41a3-b2cd-24b8543e62b9,YouGov,146144a2-08d6-4c6b-b912-f067ed647252,Economist,YouGov,391,YouGov,,,Nonprobability Panel,,US,10/17/25,10/20/25,,,,308c8cd1-720f-40d2-af88-5e86b38f14b6,1448,rv,,rv,,10/21/25 9:44,,https://d3nkl3psvxxpe9.cloudfront.net/documents/econtoplines_9BPkYGS.pdf,,,,,,,Donald Trump,,43,55,2
c6230fc7-cc8c-428d-8615-bb9cdc2073bf,59ef5d62-c6ba-41a3-b2cd-24b8543e62b9,YouGov,146144a2-08d6-4c6b-b912-f067ed647252,Economist,YouGov,391,YouGov,,,Nonprobability Panel,,US,10/17/25,10/20/25,,,,c9760fff-d929-43ac-a791-a77db7602fc8,1621,a,,a,,10/21/25 9:44,,https://d3nkl3psvxxpe9.cloudfront.net/documents/econtoplines_9BPkYGS.pdf,,,,,,,Donald Trump,,39,56,5
d937eb8b-e833-426b-a0d2-361b75b46de2,ae3b5ee9-8be5-4f3b-b117-6abf33720e63,American Research Group,,,American Research Group,9,American Research Group,,,Live Phone,,US,10/17/25,10/20/25,,,,6fb849b3-cb18-4611-8687-917a1f99c3a5,,rv,,rv,,10/21/25 9:19,,https://americanresearchgroup.com/,,,,,,,Donald Trump,,37,60,
d937eb8b-e833-426b-a0d2-361b75b46de2,ae3b5ee9-8be5-4f3b-b117-6abf33720e63,American Research Group,,,American Research Group,9,American Research Group,,,Live Phone,,US,10/17/25,10/20/25,,,,bdb01ff1-dbeb-4ddc-a0cc-122300f14e88,1100,a,,a,,10/21/25 9:19,,https://americanresearchgroup.com/,,,,,,,Donald Trump,,37,60,3
5a442a09-82b0-4c1b-b82a-75bb57db360f,a6ab99b0-9d30-4a77-bbe7-03c9a3566a22,Ipsos,3dc40107-581b-4428-94a4-00d603640476,Reuters,Ipsos,154,Ipsos,,,,,US,10/15/25,10/20/25,,,,24fbee8d-ea70-451e-8709-b79a0b919d3f,4385,a,,a,,10/21/25 9:14,,https://www.reuters.com/world/us/trumps-approval-edges-up-despite-americans-blaming-republicans-shutdown-2025-10-21/,,,,,,,Donald Trump,,42,56,
570f4564-4a83-4bbf-abe7-51326c5649ed,2df67459-2691-479a-8c87-f98549fe2429,J.L. Partners,c3aee16d-168b-4940-9cd9-e599de894f92,DailyMail.com,J.L. Partners,619,J.L. Partners,,,,,US,10/14/25,10/15/25,,,,197e4f98-b1ef-4c0d-9241-5486bfff735c,1004,rv,,rv,,10/17/25 14:38,,https://www.dailymail.co.uk/news/article-15199427/donald-trump-polling-peace-president.html,,,,,,,Donald Trump,,46,44,10
e314dc14-55ae-4a5d-99ee-ab0b18f1a150,9ab6b302-92ac-4132-97a6-c3580bd5ed77,Hart Research Associates/Public Opinion Strategies,9f34fd03-e85e-4fdb-8e1b-5530101480f0,CNBC,Hart Research Associates/Public Opinion Strategies,221,Hart Research Associates/Public Opinion Strategies,,,,,US,10/8/25,10/12/25,,,,d2ab2823-226a-43ce-a2b4-48cbd876010b,1000,a,,a,,10/17/25 9:59,,https://www.cnbc.com/2025/10/17/trumps-economic-approval-rating-drops-says-cnbc-survey.html,,,,,,,Donald Trump,,44,52,4
afb598e2-0252-46e6-8ac6-6d48b904ca27,bd24b786-354a-4dae-8616-a5a888d550e4,AP-NORC,,,AP-NORC,397,AP-NORC,,,Probability Panel,,US,10/9/25,10/13/25,,,,7eeb3b47-ce0a-4f65-83e8-c90e1d0e83d9,1289,a,,a,,10/17/25 9:38,,https://apnorc.org/projects/increased-approval-of-trumps-handling-of-the-israel-palestine-conflict/,,,,,,,Donald Trump,,37,61,2
d199bc24-c4a5-435e-9c0e-cb6846b1a70f,ae31ea8f-0d54-476d-ab98-61b258a0a986,RMG Research,62ca8b2a-418d-46f9-8c64-1f4a14ba3a80,Napolitan News Service,RMG Research,555,RMG Research,,,,,US,10/8/25,10/16/25,,,,a2151125-267b-43b8-9e19-e86d807d0ed5,3000,rv,,rv,,10/17/25 9:22,,https://napolitannews.org/assets/pdfs/68f23897734ed-gcm25-1015-toplines-trump-job-approval.pdf,,,,,,,Donald Trump,,52,47,2
91f64038-a351-4e6e-860f-b5fed6625f37,7485e3b7-8959-43d7-985f-95417076d068,Emerson College,,,Emerson College,88,Emerson College,,,Text-to-Web/Nonprobability Panel,,US,10/13/25,10/14/25,,,,f70cb1e3-e70d-43a2-904e-c74f855cf95c,1000,rv,,rv,,10/17/25 9:21,,https://emersoncollegepolling.com/october-2025-poll/,,,,,,,Donald Trump,,45.3,48.3,6.4
6f328e48-0a08-4893-8213-6b93659faaf1,9b7fb509-d8c7-41d5-8c3a-2f534b3f7068,Noble Predictive Insights,961ddeee-e6b2-439b-ba97-0318bd7ccccc,Center Square,Noble Predictive Insights,235,Noble Predictive Insights,,,,,US,10/2/25,10/6/25,,,,7ee0147c-74d4-4cdf-ae60-5e0621a960dd,2565,rv,,rv,,10/16/25 14:35,,https://www.thecentersquare.com/north_carolina/article_1ca4f129-6cbd-4a04-a83b-4e98ad17c137.html,,,,,,,Donald Trump,,48,50,
4b18a8d6-a476-4499-a32c-35e72aaf0320,72908461-a4cf-42da-9ef4-f4299cc7b9d8,Navigator Research,,,Navigator Research,413,Global Strategy Group/GBAO (Navigator Research),,,Nonprobability Panel,,US,10/9/25,10/13/25,,,,e5744e54-f087-40c5-a833-e9daa53e7750,1000,rv,,rv,,10/15/25 9:29,,https://navigatorresearch.org/government-shutdown-a-guide-for-advocates-2/,,,,,,,Donald Trump,,44,54,2
1a98ccc5-57d2-4c91-8cb1-37bddf6c4db4,9268c8ab-c57b-43d1-8541-c6047caab802,John Zogby Strategies,,,John Zogby Strategies,583,John Zogby Strategies,,,Nonprobability Panel,,US,10/10/25,10/12/25,,,,5c9001c2-c7bc-4842-9ed8-8cd1fcbf9773,1000,lv,,lv,,10/14/25 12:27,,https://johnzogbystrategies.com/president-trumps-approval-rating-at-44-slight-majority-disapprove-nation-deeply-divided-over-insurrection-act/,,,,,,,Donald Trump,,44,51,
0fbfb560-8125-405f-8f5a-a459f464ee5a,59ef5d62-c6ba-41a3-b2cd-24b8543e62b9,YouGov,146144a2-08d6-4c6b-b912-f067ed647252,Economist,YouGov,391,YouGov,,,Nonprobability Panel,,US,10/10/25,10/13/25,,,,b625f43e-d1d5-48c2-931d-6b252ba32f58,1622,a,,a,,10/14/25 10:17,,https://d3nkl3psvxxpe9.cloudfront.net/documents/econtoplines_S8pBegu.pdf,,,,,,,Donald Trump,,40,55,5
0fbfb560-8125-405f-8f5a-a459f464ee5a,59ef5d62-c6ba-41a3-b2cd-24b8543e62b9,YouGov,146144a2-08d6-4c6b-b912-f067ed647252,Economist,YouGov,391,YouGov,,,Nonprobability Panel,,US,10/10/25,10/13/25,,,,efa96f91-a6cc-40db-8748-301261616426,1467,rv,,rv,,10/14/25 10:17,,https://d3nkl3psvxxpe9.cloudfront.net/documents/econtoplines_S8pBegu.pdf,,,,,,,Donald Trump,,44,54,2
102ff937-5abd-4af7-b65c-ae4834f7e0b8,4bc528cc-f55c-4f8b-8c90-adfe09f46c76,Morning Consult,,,Morning Consult,218,Morning Consult,,,Nonprobability Panel,,US,10/10/25,10/12/25,,,,c114cd4a-5f23-4f07-8f9b-3f6affe3eb3d,2202,rv,,rv,,10/13/25 14:47,,https://pro.morningconsult.com/trackers/donald-trump-congress-policy-republicans-polling,,,,,,,Donald Trump,,45.09,52.85,2.06
85574ce5-be48-4b88-9449-9608e70966ba,ae31ea8f-0d54-476d-ab98-61b258a0a986,RMG Research,62ca8b2a-418d-46f9-8c64-1f4a14ba3a80,Napolitan News Service,RMG Research,555,RMG Research,,,,,US,10/1/25,10/9/25,,,,684fc6ad-2f45-4b2e-9ef0-3988c81aa5ff,3000,rv,,rv,,10/10/25 9:37,,https://napolitannews.org/assets/pdfs/68e8fd4f34ec8-gcm25-1008-toplines-trump-job-approval.pdf,,,,,,,Donald Trump,,51,48,1
ce7d3fdf-8547-4459-9f27-646a65905b9f,642c8e51-c965-4a1b-b10d-1614d73cb18d,Quantus Insights,,,Quantus Insights,859,Quantus Insights,,,Nonprobability Panel/Text,,US,10/6/25,10/8/25,,,,e7cdf113-f3e0-47fa-89c9-e87bbcf7788a,1000,lv,,lv,,10/9/25 16:43,,https://quantusinsights.org/f/the-nation%E2%80%99s-pulse-trump-approval-poll-october-2025,,,,,,,Donald Trump,,47,51,
99a09246-362f-4d7f-a1c6-f5af4bec7a08,4bc528cc-f55c-4f8b-8c90-adfe09f46c76,Morning Consult,,,Morning Consult,218,Morning Consult,,,,,US,10/1/25,10/7/25,,,,d670ab1a-d429-4763-a6eb-2d5628362426,,a,,a,,10/8/25 9:34,,https://pro.morningconsult.com/trackers/global-leader-approval,,,,,,,Donald Trump,,43.4,50.1,6.6
b7cfa29b-a438-4fae-96da-3c9069843a18,a6ab99b0-9d30-4a77-bbe7-03c9a3566a22,Ipsos,3dc40107-581b-4428-94a4-00d603640476,Reuters,Ipsos,154,Ipsos,,,,,US,10/3/25,10/7/25,,,,4a7ace24-485c-488e-8e08-964e46fc64ab,1154,a,,a,,10/8/25 9:31,,https://www.reuters.com/world/us/most-americans-dont-want-troops-deployed-without-an-external-threat-reutersipsos-2025-10-08/,,,,,,,Donald Trump,,40,58,
721cc780-7412-4161-87e7-c3936e89f6e3,72908461-a4cf-42da-9ef4-f4299cc7b9d8,Navigator Research,,,Navigator Research,413,Global Strategy Group/GBAO (Navigator Research),,,,,US,10/2/25,10/5/25,,,,2fbd561d-b0fd-40f8-9844-db3cac00d1c8,1000,a,,a,,10/8/25 9:16,,https://navigatorresearch.org/government-shutdown-a-guide-for-advocates/?emci=437d934d-b3a3-f011-8e61-6045bded8ba4&emdi=e70a5176-2ba4-f011-8e61-6045bded8ba4&ceid=1590570,,,,,,,Donald Trump,,44,54,2
adc47304-03c4-4e84-a066-da3cddc33b33,59ef5d62-c6ba-41a3-b2cd-24b8543e62b9,YouGov,146144a2-08d6-4c6b-b912-f067ed647252,Economist,YouGov,391,YouGov,,,Nonprobability Panel,,US,10/4/25,10/6/25,,,,6b2c3e5a-7b3b-4b2a-bd7d-c68e9cc52d24,1648,a,,a,,10/7/25 9:24,,https://d3nkl3psvxxpe9.cloudfront.net/documents/econtoplines_bMx6QGe.pdf,,,,,,,Donald Trump,,39,56,5
adc47304-03c4-4e84-a066-da3cddc33b33,59ef5d62-c6ba-41a3-b2cd-24b8543e62b9,YouGov,146144a2-08d6-4c6b-b912-f067ed647252,Economist,YouGov,391,YouGov,,,Nonprobability Panel,,US,10/4/25,10/6/25,,,,9d21091b-6898-4d65-8196-46fdf74f89b9,1490,rv,,rv,,10/7/25 9:24,,https://d3nkl3psvxxpe9.cloudfront.net/documents/econtoplines_bMx6QGe.pdf,,,,,,,Donald Trump,,43,55,2
91ee79ad-914a-4955-8a31-c79cbe7a8f3a,4bc528cc-f55c-4f8b-8c90-adfe09f46c76,Morning Consult,,,Morning Consult,218,Morning Consult,,,Nonprobability Panel,,US,10/3/25,10/5/25,,,,dd0309c0-8a86-4f40-987f-c470e5990de7,2200,rv,,rv,,10/6/25 15:58,,https://pro.morningconsult.com/trackers/donald-trump-congress-policy-republicans-polling,,,,,,,Donald Trump,,46.16,51.59,2.25
9cdab951-7c21-46fc-87c5-56f8dfa2b9c2,e006101f-7fff-4657-a2e9-19e3032386a2,HarrisX/Harris Poll,2659a402-6df7-481c-accb-d06e645828f8,Harvard CAPS,HarrisX/Harris Poll,133,Harris Insights & Analytics,,,Nonprobability Panel,,US,10/1/25,10/2/25,,,,54df3352-1606-4adc-8fda-98b4366a0bf7,2413,rv,,rv,,10/6/25 9:40,,https://harvardharrispoll.com/key-results-september-4/,,,,,,,Donald Trump,,46,50,4
b6c28c27-54c0-429b-8649-bb25bb8a958a,b0b42ed9-f490-419e-942f-af97e2cda604,TIPP Insights,e675f835-fdcd-4e92-b5ae-fc65092da4b7,Issues & Insights,TIPP Insights,144,TIPP Insights,,,,,US,9/30/25,10/2/25,,,,14beb2b7-7c88-4723-aa43-92d3d47a69ee,1459,a,,a,,10/6/25 9:33,,https://issuesinsights.com/2025/10/06/trumps-energetic-leadership-style-continues-to-find-solid-voter-backing-in-october-ii-tipp-poll/,,,,,,,Donald Trump,,42,46,12
05c9ea41-23a1-419b-a990-a1a2915865ae,59ef5d62-c6ba-41a3-b2cd-24b8543e62b9,YouGov,ca805caf-4575-43dd-b894-c0de3467b2fb,CBS News,YouGov,391,YouGov,,,Nonprobability Panel,,US,10/1/25,10/3/25,,,,6ccd280e-2668-434f-9ae7-1474af8d5c57,2438,a,,a,,10/5/25 12:54,,https://www.cbsnews.com/news/cbs-news-poll-shutdown-trump-democrats-republicans/,,,,,,,Donald Trump,,42,58,
6026da64-b0f1-4927-98e1-9a78b99d6daf,ae31ea8f-0d54-476d-ab98-61b258a0a986,RMG Research,62ca8b2a-418d-46f9-8c64-1f4a14ba3a80,Napolitan News Service,RMG Research,555,RMG Research,,,,,US,9/23/25,10/1/25,,,,a32e845b-2971-4c8c-aa90-049785605190,3000,rv,,rv,,10/3/25 9:08,,https://napolitannews.org/assets/pdfs/68dfc1aa4ed0d-gcm25-1001-toplines-trump-job-approval.pdf,,,,,,,Donald Trump,,51,48,1
3fc8d29f-f903-4725-95f7-d564852051c0,7af36d36-6e24-41ad-9c51-b6de9ff0edb2,Leger,,,Leger,572,Leger,,,,,US,9/26/25,9/29/25,,,,e82aad8a-1bdf-4d13-a95a-407cc40e8420,1010,a,,a,,10/2/25 11:39,,https://leger360.com/en/attitudes-toward-political-leaders-free-expression-and-health-related-beliefs/,,,,,,,Donald Trump,,38,50,12
8d505b9b-b742-4514-ac04-62f8541ed0f0,e2e08257-41fa-4956-ba29-b83cf7163c09,ActiVote,,,ActiVote,721,ActiVote,,,App Panel,,US,9/1/25,9/30/25,,,,5d48c7f0-5fcd-4a46-92f6-66e5f73ea712,485,rv,,rv,,10/2/25 9:33,,https://www.activote.net/trumps-approval-remains-steady/,,,,,,,Donald Trump,,43.5,51.5,5
e4a900ad-e7b8-47f6-a054-d590c57d6144,adedfb3e-f4d9-4121-ae17-125b39b27da3,InsiderAdvantage,,,InsiderAdvantage,243,InsiderAdvantage,,,,,US,9/29/25,9/30/25,,,,861ea9b0-6100-403f-b5fc-de30b4781b71,800,lv,,lv,,10/1/25 16:17,,https://x.com/InsiderPolling/status/1973418223640125895,,,,,,,Donald Trump,,52,46,2
0a49087c-9d5c-4cba-8b3c-0e0c8a187c72,d4af6439-dec0-4fa7-826b-5b409e1f3280,Marquette University Law School,,,Marquette University Law School,195,,,,Probability Panel,,US,9/15/25,9/24/25,,,,a15eba80-8869-43bb-aaef-dd0c863599b1,1043,a,,a,,10/1/25 8:56,,https://law.marquette.edu/poll/2025/10/01/detailed-results-of-the-marquette-law-school-supreme-court-poll-sept-15-24-2025-national-issues/,,,,,,,Donald Trump,,43,57,
0a49087c-9d5c-4cba-8b3c-0e0c8a187c72,d4af6439-dec0-4fa7-826b-5b409e1f3280,Marquette University Law School,,,Marquette University Law School,195,,,,Probability Panel,,US,9/15/25,9/24/25,,,,d30fbe02-f672-461d-a31d-977c0d71db62,777,rv,,rv,,10/1/25 8:56,,https://law.marquette.edu/poll/2025/10/01/detailed-results-of-the-marquette-law-school-supreme-court-poll-sept-15-24-2025-national-issues/,,,,,,,Donald Trump,,45,55,
b8249bec-3301-4979-87b2-9e522cb8cb8a,59ef5d62-c6ba-41a3-b2cd-24b8543e62b9,YouGov,a0d244bb-0767-423d-ac9f-154189544a48,Yahoo News,YouGov,391,YouGov,,,Nonprobability Panel,,US,9/25/25,9/29/25,,,,13f73e56-d1f1-44ec-a22e-bb37e4d81491,1129,rv,,rv,,9/30/25 16:43,,https://www.scribd.com/document/925455404/Combined-Kimmel,,,,,,,Donald Trump,,44,55,1
b8249bec-3301-4979-87b2-9e522cb8cb8a,59ef5d62-c6ba-41a3-b2cd-24b8543e62b9,YouGov,a0d244bb-0767-423d-ac9f-154189544a48,Yahoo News,YouGov,391,YouGov,,,Nonprobability Panel,,US,9/25/25,9/29/25,,,,ce9c4d48-6759-456c-8851-a15955e8149b,1676,a,,a,,9/30/25 16:43,,https://www.scribd.com/document/925455404/Combined-Kimmel,,,,,,,Donald Trump,,41,55,4
153a1566-a582-418a-89a1-05997debb396,d7661595-0345-4bf2-b37b-f8fa234d783c,Pew Research Center,,,Pew Research Center,253,Pew Research Center,,,Probability Panel/Live Phone,,US,9/22/25,9/28/25,,,,d13d6863-6c83-4d18-8bcb-a0a27765f0ee,3445,a,,a,,9/30/25 13:49,,https://www.pewresearch.org/short-reads/2025/09/30/americans-view-trump-vance-and-congressional-leaders-in-both-parties-more-negatively-than-positively/,,,,,,,Donald Trump,,40,58,2
765cfa07-1b6c-4e19-baed-65c520b30088,a8db55ca-987d-4afd-83dc-e3f5f077682a,Marist University,,,Marist University,183,Marist College,,,Text-to-Web/Live Phone/Nonprobability Panel,,US,9/22/25,9/26/25,,,,7a4a57e8-9390-4bfc-b38d-77a3c2572589,1329,rv,,rv,,9/30/25 13:48,,https://maristpoll.marist.edu/polls/government-shutdown-september-2025/,,,,,,,Donald Trump,,42,53,5
765cfa07-1b6c-4e19-baed-65c520b30088,a8db55ca-987d-4afd-83dc-e3f5f077682a,Marist University,,,Marist University,183,Marist College,,,Text-to-Web/Live Phone/Nonprobability Panel,,US,9/22/25,9/26/25,,,,9269142b-25bf-40c7-b8af-acfe01189100,1477,a,,a,,9/30/25 13:48,,https://maristpoll.marist.edu/polls/government-shutdown-september-2025/,,,,,,,Donald Trump,,41,53,6
ee44cc3f-948a-4e0a-8066-d3fa28c06961,fd91b31c-8953-44da-bfb5-fc15fadb2f5e,The Argument/Verasight,,,The Argument/Verasight,,,,,Text-to-Web/Mail-to-Web/Nonprobability Panel,,US,9/15/25,9/18/25,,,,746b2558-efd6-4296-850a-76a64a7eee32,1541,rv,,rv,,9/30/25 11:44,,https://www.theargumentmag.com/p/chatgpt-and-the-end-of-learning,,,,,,,Donald Trump,,42,56,2
39eac4a4-e32c-467c-a830-3666cfeeaddf,59ef5d62-c6ba-41a3-b2cd-24b8543e62b9,YouGov,146144a2-08d6-4c6b-b912-f067ed647252,Economist,YouGov,391,YouGov,,,Nonprobability Panel,,US,9/26/25,9/29/25,,,,b5a74209-b236-4031-a10e-8c6ca628aef0,1518,rv,,rv,,9/30/25 11:09,,https://d3nkl3psvxxpe9.cloudfront.net/documents/econtoplines_0BC71Jd.pdf,,,,,,,Donald Trump,,43,54,3
39eac4a4-e32c-467c-a830-3666cfeeaddf,59ef5d62-c6ba-41a3-b2cd-24b8543e62b9,YouGov,146144a2-08d6-4c6b-b912-f067ed647252,Economist,YouGov,391,YouGov,,,Nonprobability Panel,,US,9/26/25,9/29/25,,,,ba8de0c9-44a2-4f02-a235-617b17edbb5a,1656,a,,a,,9/30/25 11:09,,https://d3nkl3psvxxpe9.cloudfront.net/documents/econtoplines_0BC71Jd.pdf,,,,,,,Donald Trump,,40,54,5
e22bac5b-d8ec-471d-91ca-a8405b20b0b9,92215ea1-dfa7-4284-a40b-477b73739ee6,The New York Times/Siena University,,,The New York Times/Siena University,448,The New York Times/Siena College,,,Text-to-Web/Live Phone,,US,9/22/25,9/27/25,,,,f9c656de-adc4-4f7b-8f3b-d0886e05fa85,1313,rv,,rv,,9/30/25 0:23,,https://www.nytimes.com/interactive/2025/09/29/polls/times-siena-poll-registered-voter-crosstabs.html,,,,,,,Donald Trump,,42.92,54.09,3
06b6899b-7c83-443e-9ac8-cea3233a6808,ae31ea8f-0d54-476d-ab98-61b258a0a986,RMG Research,62ca8b2a-418d-46f9-8c64-1f4a14ba3a80,Napolitan News Service,RMG Research,555,RMG Research,,,,,US,9/16/25,9/24/25,,,,e747d357-099b-4ec8-beb5-86d307b813f4,3000,rv,,rv,,9/29/25 17:12,,https://napolitannews.org/jobapproval,,,,,,,Donald Trump,,50.05,48.52,1.43
56d356d3-a6e1-418d-85f1-b36fc95fd2fb,4bc528cc-f55c-4f8b-8c90-adfe09f46c76,Morning Consult,,,Morning Consult,218,Morning Consult,,,Nonprobability Panel,,US,9/26/25,9/28/25,,,,875d8c9e-5e3c-4a36-966e-2f19a9b03a4c,2202,rv,,rv,,9/29/25 16:53,,https://pro.morningconsult.com/trackers/donald-trump-congress-policy-republicans-polling,,,,,,,Donald Trump,,45.73,51.96,2.3
66adc8bb-8068-472e-a2e5-a8441b68f5a5,4f114c0f-bcdd-4e06-ba3b-1f4a125e60bd,Wick,84ca4aa7-0882-419c-b3ad-3b5b73d6b9c5,2Way,Wick,284,Wick,,,Nonprobability Panel,,US,4/29/25,4/30/25,,,,795b53b3-7b88-4d77-9a14-0c0e9289a907,1000,rv,,rv,,9/29/25 16:28,,https://www.wick.io/post/the-peoples-poll,,,,,,,Donald Trump,,43,51,6
9ccc4c7c-5663-40eb-b2df-931328cae511,c429da10-5aa0-445e-9800-039c0a295b43,SurveyMonkey,913bc8b5-1519-4877-84d9-0087b86bf809,The 19th,SurveyMonkey,324,SurveyMonkey,,,Nonprobability Panel,,US,9/8/25,9/15/25,,,,69275302-73ac-4489-8f65-c1a44d3e8fb2,20807,a,,a,,9/25/25 10:30,,https://www.surveymonkey.com/curiosity/the-19th-surveymonkey-poll-september-2025/,,,,,,,Donald Trump,,43,55,3
a5163ff4-ca03-4c98-8f5e-e74e69285ee5,b0b42ed9-f490-419e-942f-af97e2cda604,TIPP Insights,21b372b7-7437-4f00-b8fc-4b72a9950eef,League of American Workers,TIPP Insights,144,TIPP Insights,,,Nonprobability Panel,,US,9/15/25,9/16/25,,,,cf977e81-38ed-4fdb-a00c-8e44bf0a366a,1561,rv,,rv,,9/25/25 9:19,,https://tippinsights.com/league-of-american-workers-poll-september-2025/,,,,,,REP,Donald Trump,,45,49,6
2f2a285c-6e75-4d23-84c9-6f5040bd1df1,daec1c64-6ced-4bd1-992a-bf7e95b32f74,Quinnipiac University,,,Quinnipiac University,267,Quinnipiac University,,,Live Phone,,US,9/18/25,9/21/25,,,,0e20cbdc-1e4e-44db-a366-f824354eda46,1276,rv,,rv,,9/24/25 14:06,,https://poll.qu.edu/poll-release?releaseid=3932,,,,,,,Donald Trump,,38,54,9
acc91e58-d57d-4a88-be30-dc811ab57154,a6ab99b0-9d30-4a77-bbe7-03c9a3566a22,Ipsos,3dc40107-581b-4428-94a4-00d603640476,Reuters,Ipsos,154,Ipsos,,,Probability Panel,,US,9/19/25,9/21/25,,,,993c0502-5d19-442c-87a9-cd8b11afaf94,1019,a,,a,,9/23/25 13:18,,https://www.reuters.com/data/trumps-approval-rating-2025-01-21/,,,,,,,Donald Trump,,41,58,
1a868ee0-2f22-4238-b8b9-13379ef93001,0e8d5118-1108-4fcf-ac49-0859271a4597,Gallup,,,Gallup,112,Gallup,,,Live Phone,,US,9/2/25,9/16/25,,,,68fcc7dd-7158-4e18-a42f-e3ff4c6983d0,1000,a,,a,,9/23/25 10:27,,https://news.gallup.com/poll/695519/mood-subdued-crime-unity-concerns-rise.aspx,,,,,,,Donald Trump,,40,56,4
fe6e5714-5dbf-45a1-a091-9753ac70a9d8,d64047d4-d15f-4b8d-8d37-714001c5f4f5,Verasight,3b7bcad0-2c0d-43e6-a3fb-2f2c7a55b5bb,Strength In Numbers,Verasight,774,,,,Text-to-Web/Mail-to-Web/Nonprobability Panel,,US,9/15/25,9/19/25,,,,5e723027-db9e-48ee-bac5-3a5c2f7efc1f,1500,a,,a,,9/23/25 10:26,,https://www.gelliottmorris.com/p/new-poll-voters-to-blame-republicans-for-shutdown,,,,,,,Donald Trump,,42,55,3
0a9e9628-1db3-416a-af2f-efafab728888,59ef5d62-c6ba-41a3-b2cd-24b8543e62b9,YouGov,146144a2-08d6-4c6b-b912-f067ed647252,Economist,YouGov,391,YouGov,,,Nonprobability Panel,,US,9/19/25,9/22/25,,,,80f536ac-cab9-4029-8b5c-a30227f64873,1392,rv,,rv,,9/23/25 10:03,,https://d3nkl3psvxxpe9.cloudfront.net/documents/econTabReport_XUKbKYQ.pdf,,,,,,,Donald Trump,,43,55,3
0a9e9628-1db3-416a-af2f-efafab728888,59ef5d62-c6ba-41a3-b2cd-24b8543e62b9,YouGov,146144a2-08d6-4c6b-b912-f067ed647252,Economist,YouGov,391,YouGov,,,Nonprobability Panel,,US,9/19/25,9/22/25,,,,c170b7ac-26cd-4e5a-a8d5-978d15eb014c,1551,a,,a,,9/23/25 10:03,,https://d3nkl3psvxxpe9.cloudfront.net/documents/econTabReport_XUKbKYQ.pdf,,,,,,,Donald Trump,,39,56,5
e3f2b417-9994-43ca-8955-b665137d51d3,4bc528cc-f55c-4f8b-8c90-adfe09f46c76,Morning Consult,,,Morning Consult,218,Morning Consult,,,Nonprobability Panel,,US,9/19/25,9/21/25,,,,b04e9fb5-9a76-4147-afe0-cb487951560c,2201,rv,,rv,,9/22/25 16:02,,https://pro.morningconsult.com/trackers/donald-trump-congress-policy-republicans-polling,,,,,,,Donald Trump,,46.31,51.61,2.08
ca7ae0e1-1b79-43c4-84c9-31f7c705b998,932da08a-7f8a-48e3-a92a-c443c039fbd1,Echelon Insights,,,Echelon Insights,407,Echelon Insights,,,,,US,9/18/25,9/22/25,,,,a14dad92-4875-4a0e-9bdd-c382334c23f8,1071,lv,,lv,,9/22/25 15:56,,https://echeloninsights.com/in-the-news/september-2025-verified-voter-omnibus/,,,,,,,Donald Trump,,45,53,2
88e90602-27c9-4167-a6c6-6a95f5fdcd42,642c8e51-c965-4a1b-b10d-1614d73cb18d,Quantus Insights,,,Quantus Insights,859,Quantus Insights,,,Nonprobability Panel/Text-to-Web,,US,9/19/25,9/21/25,,,,413f610a-d169-47d9-beac-52e91a49bd9b,1000,lv,,lv,,9/22/25 13:17,,https://drive.google.com/file/d/1a37yoWURhICqyzJDzLMeab3NQRnKtpo8/view,,,,,,,Donald Trump,,48.2,49.7,2.1
c9134fb6-fb7f-4543-9ace-7f73b2f59f23,ae3b5ee9-8be5-4f3b-b117-6abf33720e63,American Research Group,,,American Research Group,9,American Research Group,,,Live Phone,,US,9/17/25,9/20/25,,,,23e2f039-e69b-45f4-87cc-8776d8ad5e01,,rv,,rv,,9/22/25 9:33,,https://americanresearchgroup.com/economy/,,,,,,,Donald Trump,,37,58,
c9134fb6-fb7f-4543-9ace-7f73b2f59f23,ae3b5ee9-8be5-4f3b-b117-6abf33720e63,American Research Group,,,American Research Group,9,American Research Group,,,Live Phone,,US,9/17/25,9/20/25,,,,59eb6f8f-3575-487c-b73c-baf2b246fb77,1100,a,,a,,9/22/25 9:33,,https://americanresearchgroup.com/economy/,,,,,,,Donald Trump,,37,58,5
3e5a6ce7-9203-4abb-855e-a71e6d4227f5,6af9e17b-94e6-497a-bbe7-4cad3f67fd36,AtlasIntel,,,AtlasIntel,546,AtlasIntel,,,,,US,9/12/25,9/16/25,,,,bf06e149-b691-4feb-b3a1-0cf4e026fa36,1066,a,,a,,9/20/25 9:31,,https://www.atlasintel.org/poll/usa-national-2025-09-19,,,,,,,Donald Trump,,46.9,52,1.1
1fe288da-e0aa-420a-8864-a421893ba9df,ae31ea8f-0d54-476d-ab98-61b258a0a986,RMG Research,62ca8b2a-418d-46f9-8c64-1f4a14ba3a80,Napolitan News Service,RMG Research,555,RMG Research,,,Nonprobability Panel,,US,9/10/25,9/17/25,,,,03b06a9f-0ae3-416d-ba2a-30bd6e1d9620,3000,rv,,rv,,9/19/25 11:28,,https://napolitannews.org/assets/pdfs/68cd73fd0c8c3-gcm25-0916-toplines-trump-job-approval.pdf,,,,,,,Donald Trump,,51,47,2
7f183d07-c3ac-4dd5-b022-8a7bb0fde4a5,bd24b786-354a-4dae-8616-a5a888d550e4,AP-NORC,,,AP-NORC,397,AP-NORC,,,Probability Panel,,US,9/11/25,9/15/25,,,,aaea0ec8-125d-4d4f-a8fb-181e991de5b1,1183,a,,a,,9/19/25 9:36,,https://apnorc.org/projects/pessimism-about-the-direction-of-the-country-is-growing-among-republicans/,,,,,,,Donald Trump,,39,60,1
89fad72f-0063-4b0b-aabf-80b64a6f0c7a,a6ab99b0-9d30-4a77-bbe7-03c9a3566a22,Ipsos,c7a0a812-36e4-4d3b-9188-2c64ddb0ac7f,The Washington Post,Ipsos,154,Ipsos,,,Probability Panel,,US,9/11/25,9/15/25,,,,a1f04ec3-75cf-467f-9b96-4722baa1db8f,2513,a,,a,,9/19/25 9:12,,https://docs.google.com/spreadsheets/d/1ro1Mg5SiLnlJ4I_RYVCJ31X9_trZqY7gVhbthSxFNw0/edit?gid=0#gid=0,,,,,,,Donald Trump,,43,56,
89fad72f-0063-4b0b-aabf-80b64a6f0c7a,a6ab99b0-9d30-4a77-bbe7-03c9a3566a22,Ipsos,c7a0a812-36e4-4d3b-9188-2c64ddb0ac7f,The Washington Post,Ipsos,154,Ipsos,,,Probability Panel,,US,9/11/25,9/15/25,,,,f65ce6a5-2dcf-4991-b97d-1d3ac7b675e0,,rv,,rv,,9/19/25 9:12,,https://docs.google.com/spreadsheets/d/1ro1Mg5SiLnlJ4I_RYVCJ31X9_trZqY7gVhbthSxFNw0/edit?gid=0#gid=0,,,,,,,Donald Trump,,45,55,
5527fb9a-263e-4c4d-aea2-82c7dad5a3fb,9824a356-03ef-4183-8d56-72de54a66fee,Clarity Campaign Labs,,,Clarity Campaign Labs,52,Clarity Campaign Labs,,,Nonprobability Panel,,US,9/4/25,9/11/25,,,,135f23aa-486f-45fa-9579-930d8268618a,1001,rv,,rv,,9/18/25 14:49,,https://www.claritycampaigns.com/clarity-omnibus-september-2025,,,,,,,Donald Trump,,46,52,2
8f4044aa-0956-4776-a35b-4963aff1fde9,59ef5d62-c6ba-41a3-b2cd-24b8543e62b9,YouGov,,,YouGov,391,YouGov,,,Nonprobability Panel,,US,9/12/25,9/15/25,,,,bfe472f7-8f07-43ec-b8ba-c6eb64941c43,1102,a,,a,,9/17/25 10:03,,https://d3nkl3psvxxpe9.cloudfront.net/documents/Approval_of_Trump_s_Appointments_poll_results.pdf,,,,,,,Donald Trump,,41,55,3
54876927-dcf7-499b-ab0d-77d52fcf9916,72908461-a4cf-42da-9ef4-f4299cc7b9d8,Navigator Research,,,Navigator Research,413,Global Strategy Group/GBAO (Navigator Research),,,Nonprobability Panel,,US,9/4/25,9/8/25,,,,407f79b5-6be1-4f52-9281-904665bd18b8,1375,rv,,rv,,9/17/25 9:40,,https://navigatorresearch.org/wp-content/uploads/2025/09/Navigator-Update-Topline-F09.08.25.pdf,,,,,,,Donald Trump,,43,53,3
466e3588-41f4-48f3-a5ca-c198f912fe25,59ef5d62-c6ba-41a3-b2cd-24b8543e62b9,YouGov,146144a2-08d6-4c6b-b912-f067ed647252,Economist,YouGov,391,YouGov,,,Nonprobability Panel,,US,9/12/25,9/15/25,,,,db0f2c0b-1467-468e-8a7f-a57fcc1c1b94,1420,rv,,rv,,9/16/25 9:27,,https://d3nkl3psvxxpe9.cloudfront.net/documents/econtoplines_lW8OjKt.pdf,,,,,,,Donald Trump,,43,55,2
466e3588-41f4-48f3-a5ca-c198f912fe25,59ef5d62-c6ba-41a3-b2cd-24b8543e62b9,YouGov,146144a2-08d6-4c6b-b912-f067ed647252,Economist,YouGov,391,YouGov,,,Nonprobability Panel,,US,9/12/25,9/15/25,,,,f195120c-ddda-47b6-aa12-d5bc23c1f950,1567,a,,a,,9/16/25 9:27,,https://d3nkl3psvxxpe9.cloudfront.net/documents/econtoplines_lW8OjKt.pdf,,,,,,,Donald Trump,,39,57,4
79f264c8-67e1-41d7-b9ef-7ae6b133e056,4bc528cc-f55c-4f8b-8c90-adfe09f46c76,Morning Consult,,,Morning Consult,218,Morning Consult,,,Nonprobability Panel,,US,9/12/25,9/14/25,,,,1bba1216-45fe-4ab9-8c96-2072d19ba371,2204,rv,,rv,,9/15/25 14:37,,https://pro.morningconsult.com/trackers/donald-trump-congress-policy-republicans-polling,,,,,,,Donald Trump,,45.94,51.85,2.21
73eb7db1-2c63-45b3-8213-555ed9a6ad70,530091d3-1f98-43b8-8b9f-4a2bff415234,The Bullfinch Group,74a1ac91-ee09-403c-9d07-a10f6437ae7f,Independent Center,The Bullfinch Group,692,The Bullfinch Group,,,,,US,9/6/25,9/11/25,,,,8f0cd4d4-1bf7-4fe9-a4c2-fe2314255d01,1700,rv,,rv,,9/12/25 13:29,,https://cdn.prod.website-files.com/65fc824cf835683ce2d3549b/68c337dae06e3c4578f9a9f4_20250911-ICGenerationPoll-Final.pdf,,,,,,,Donald Trump,,47,51,2
73eb7db1-2c63-45b3-8213-555ed9a6ad70,530091d3-1f98-43b8-8b9f-4a2bff415234,The Bullfinch Group,74a1ac91-ee09-403c-9d07-a10f6437ae7f,Independent Center,The Bullfinch Group,692,The Bullfinch Group,,,,,US,9/6/25,9/11/25,,,,be97131f-1c29-4af4-af9a-9daa6954d386,2000,a,,a,,9/12/25 13:29,,https://cdn.prod.website-files.com/65fc824cf835683ce2d3549b/68c337dae06e3c4578f9a9f4_20250911-ICGenerationPoll-Final.pdf,,,,,,,Donald Trump,,45,51,4
9012d03a-8899-4582-a0d3-29cf01e361ff,ae31ea8f-0d54-476d-ab98-61b258a0a986,RMG Research,62ca8b2a-418d-46f9-8c64-1f4a14ba3a80,Napolitan News Service,RMG Research,555,RMG Research,,,Nonprobability Panel,,US,9/3/25,9/11/25,,,,0ab8acb0-6c62-432f-be24-ad515b497f65,3000,rv,,rv,,9/12/25 11:50,,https://napolitannews.org/assets/pdfs/68c43392a8bc0-gcm25-0910-toplines-trump-job-approval.pdf,,,,,,,Donald Trump,,50,48,2
48a19ef8-dedd-4b25-a065-9cae3ba4df5b,4da0e617-fda4-4c29-a2c0-1055e6af4eaf,Beacon Research/Shaw & Company Research,d380c59c-d59c-465b-90a9-cb0f2d14e4f0,Fox News,Beacon Research/Shaw & Company Research,103,Beacon Research/Shaw & Co. Research,,,Text-to-Web/Live Phone,,US,9/6/25,9/9/25,,,,73183856-0a88-4a85-9938-11d610b2fd69,1004,rv,,rv,,9/11/25 18:32,,https://www.foxnews.com/politics/fox-news-poll-trumps-ratings-strong-border-security-weak-economy,,,,,,,Donald Trump,,46,54,0
7eb60b24-330b-4063-998c-289170079277,ce4db0c2-f6ed-4298-8049-909f988df649,PureSpectrum,09052cd3-7268-434a-9c1d-d244a8d77562,CHIP50,PureSpectrum,567,PureSpectrum,,,Nonprobability Panel,,US,4/10/25,6/10/25,,,,a13446fa-2372-42e8-b3bc-18c62a2afa80,30967,a,,a,,9/11/25 14:44,,https://www.chip50.org/blog/whose-approval-disapproval-of-trump-shifted-the-most,,,,,,,Donald Trump,,37,48,15
bd25ec30-9e54-419e-9c17-7a82c7f04491,a6ab99b0-9d30-4a77-bbe7-03c9a3566a22,Ipsos,3dc40107-581b-4428-94a4-00d603640476,Reuters,Ipsos,154,Ipsos,,,Probability Panel,,US,9/5/25,9/9/25,,,,dedf24a0-cc22-48e9-90f1-1ce01b74df5d,1084,a,,a,,9/9/25 17:42,,https://www.reuters.com/world/us/trump-approval-rating-42-weak-economy-reutersipsos-poll-shows-2025-09-09/,,,,,,,Donald Trump,,42,56,
b8c04b3a-0d68-49b1-b07c-3a1086d38e07,59ef5d62-c6ba-41a3-b2cd-24b8543e62b9,YouGov,146144a2-08d6-4c6b-b912-f067ed647252,Economist,YouGov,391,YouGov,,,Nonprobability Panel,,US,9/5/25,9/8/25,,,,765349e8-ff9f-429a-92dc-ce82a70c8951,1644,a,,a,,9/9/25 15:05,,https://d3nkl3psvxxpe9.cloudfront.net/documents/econtoplines_7flqP0S.pdf,,,,,,,Donald Trump,,41,54,4
b8c04b3a-0d68-49b1-b07c-3a1086d38e07,59ef5d62-c6ba-41a3-b2cd-24b8543e62b9,YouGov,146144a2-08d6-4c6b-b912-f067ed647252,Economist,YouGov,391,YouGov,,,Nonprobability Panel,,US,9/5/25,9/8/25,,,,ac262e9b-644a-4f8d-b134-789696795da2,1487,rv,,rv,,9/9/25 15:05,,https://d3nkl3psvxxpe9.cloudfront.net/documents/econtoplines_7flqP0S.pdf,,,,,,,Donald Trump,,44,54,3
8c701ccb-7de3-49eb-865f-71cf6c1009b5,2df67459-2691-479a-8c87-f98549fe2429,J.L. Partners,c3aee16d-168b-4940-9cd9-e599de894f92,DailyMail.com,J.L. Partners,619,J.L. Partners,,,,,US,8/29/25,9/1/25,,,,1b860f1d-19f7-4121-9f5d-6f18315cd17c,867,rv,,rv,,9/9/25 14:06,,https://jlpartners.com/trump-tracker-augustseptember-2025,,,,,,,Donald Trump,,49,41,10
fa508ae8-b617-463a-a080-4e81eb38650e,4bc528cc-f55c-4f8b-8c90-adfe09f46c76,Morning Consult,,,Morning Consult,218,Morning Consult,,,,,US,9/2/25,9/8/25,,,,33411142-3e87-42b6-822c-6ee87fa0f6a5,,a,,a,,9/9/25 12:23,,https://pro.morningconsult.com/trackers/global-leader-approval,,,,,,,Donald Trump,,44.2,49.2,6.6
e6830f95-87d7-4455-a1f8-49bced5fc1ae,4bc528cc-f55c-4f8b-8c90-adfe09f46c76,Morning Consult,,,Morning Consult,218,Morning Consult,,,Nonprobability Panel,,US,9/6/25,9/8/25,,,,90c10c0c-5497-44d1-a125-d6a0e98bede7,2201,rv,,rv,,9/8/25 15:51,,https://pro.morningconsult.com/trackers/donald-trump-congress-policy-republicans-polling,,,,,,,Donald Trump,,45.34,51.67,2.98
d34de355-8966-4ee6-81a0-c820a514b8c2,c429da10-5aa0-445e-9800-039c0a295b43,SurveyMonkey,4678387e-860f-4e2a-901e-183baf18cf83,NBC News Decision Desk,SurveyMonkey,324,SurveyMonkey,,,Nonprobability Panel,,US,8/13/25,9/1/25,,,,e261d8de-7bf3-49a8-9649-8190b6287632,30196,a,,a,,9/7/25 14:30,,https://www.nbcnews.com/politics/trump-administration/poll-trumps-job-ratings-stay-negative-americans-express-strong-support-rcna228110,,,,,,,Donald Trump,,43,57,
f0fad7f2-4e57-49af-9520-1dc97b79adc7,59ef5d62-c6ba-41a3-b2cd-24b8543e62b9,YouGov,ca805caf-4575-43dd-b894-c0de3467b2fb,CBS News,YouGov,391,YouGov,,,Nonprobability Panel,,US,9/3/25,9/5/25,,,,25b224bf-3db8-4102-82fb-74f22679fbc1,2385,a,,a,,9/7/25 14:25,,https://www.cbsnews.com/news/trump-national-guard-cities-opinion-poll/,,,,,,,Donald Trump,,44,56,
61fb5640-1fcb-4164-bfbe-640dcff35839,7af36d36-6e24-41ad-9c51-b6de9ff0edb2,Leger,,,Leger,572,Leger,,,Nonprobability Panel,,US,8/29/25,8/31/25,,,,39457e1a-6356-4e1c-a398-a1fa444f8b1a,1014,a,,a,,9/5/25 13:53,,https://leger360.com/wp-content/uploads/2025/09/Leger_Can_US-Relations_Aug2025.pdf,,,,,,,Donald Trump,,39,50,11
bf7ad04c-0d32-488a-84ed-1ce020af6708,ae31ea8f-0d54-476d-ab98-61b258a0a986,RMG Research,62ca8b2a-418d-46f9-8c64-1f4a14ba3a80,Napolitan News Service,RMG Research,555,RMG Research,,,Nonprobability Panel,,US,8/27/25,9/3/25,,,,59dae853-92b4-4692-bf6d-12e77480b087,3000,rv,,rv,,9/5/25 9:57,,https://napolitannews.org/assets/pdfs/68bae1f7bf879-gcm25-0903-toplines-trump-job-approval.pdf,,,,,,,Donald Trump,,50,48,1
83dbabf2-88b2-45a6-8b3d-a4b41eae2ff1,2df67459-2691-479a-8c87-f98549fe2429,J.L. Partners,c3aee16d-168b-4940-9cd9-e599de894f92,DailyMail.com,J.L. Partners,619,J.L. Partners,,,,,US,8/21/25,9/1/25,,,,a3f2dfa4-0a66-4561-ba32-2334fa9f3a03,867,rv,,rv,,9/4/25 11:15,,https://www.dailymail.co.uk/news/article-15062999/donald-trump-poll-approval-rating.html?ns_mchannel=rss&ns_campaign=1490&ito=1490,,,,,,,Donald Trump,,49,41,10
732b1352-61a0-4101-9565-65b59231082a,9268c8ab-c57b-43d1-8541-c6047caab802,John Zogby Strategies,,,John Zogby Strategies,583,John Zogby Strategies,,,Nonprobability Panel,,US,8/29/25,8/31/25,,,,5487c879-6fcc-47df-b85a-a5dc5897db8e,1005,lv,,lv,,9/3/25 16:33,,https://johnzogbystrategies.com/09-03-25-has-the-president-bounced-back-new-zogby-strategies-poll/,,,,,,,Donald Trump,,46.4,52.2,1.3
feb50fe5-f54a-471e-9ea0-2216544f5c4f,59ef5d62-c6ba-41a3-b2cd-24b8543e62b9,YouGov,a0d244bb-0767-423d-ac9f-154189544a48,Yahoo News,YouGov,391,YouGov,,,,,US,8/29/25,9/2/25,,,,c897ee31-698d-4185-bbd1-848f631b609e,1690,a,,a,,9/3/25 15:06,,https://www.scribd.com/document/910985644/Yahoo-YouGov-Crime-Poll-August-2025,,,,,,,Donald Trump,,40,55,5
feb50fe5-f54a-471e-9ea0-2216544f5c4f,59ef5d62-c6ba-41a3-b2cd-24b8543e62b9,YouGov,a0d244bb-0767-423d-ac9f-154189544a48,Yahoo News,YouGov,391,YouGov,,,,,US,8/29/25,9/2/25,,,,cbb7f81f-30b4-47ac-b831-b4657d52c89f,1138,rv,,rv,,9/3/25 15:06,,https://www.scribd.com/document/910985644/Yahoo-YouGov-Crime-Poll-August-2025,,,,,,,Donald Trump,,42,56,2
72270606-6e9e-422e-beef-525275aa3a41,59ef5d62-c6ba-41a3-b2cd-24b8543e62b9,YouGov,146144a2-08d6-4c6b-b912-f067ed647252,Economist,YouGov,391,YouGov,,,Nonprobability Panel,,US,8/29/25,9/2/25,,,,3817570e-1ef3-4d17-a445-b55f77e3fcbd,1549,rv,,rv,,9/3/25 9:50,,https://d3nkl3psvxxpe9.cloudfront.net/documents/econTabReport_S3c69M7.pdf,,,,,,,Donald Trump,,44,55,2
72270606-6e9e-422e-beef-525275aa3a41,59ef5d62-c6ba-41a3-b2cd-24b8543e62b9,YouGov,146144a2-08d6-4c6b-b912-f067ed647252,Economist,YouGov,391,YouGov,,,Nonprobability Panel,,US,8/29/25,9/2/25,,,,6599fc43-8bfb-46df-8898-e489358930cb,1691,a,,a,,9/3/25 9:50,,https://d3nkl3psvxxpe9.cloudfront.net/documents/econTabReport_S3c69M7.pdf,,,,,,,Donald Trump,,41,55,4
9b5e2b0e-a87a-4dfd-bd63-e98f53d522d8,4bc528cc-f55c-4f8b-8c90-adfe09f46c76,Morning Consult,,,Morning Consult,218,Morning Consult,,,Nonprobability Panel,,US,8/29/25,8/31/25,,,,6bb5a50d-9ef7-435a-91bc-38d7cd9fc965,2202,rv,,rv,,9/2/25 16:22,,https://pro.morningconsult.com/trackers/donald-trump-congress-policy-republicans-polling,,,,,,,Donald Trump,,45.98,50.68,3.35
5564d45a-15d2-4e4f-ad06-77e5e26bdf67,e2e08257-41fa-4956-ba29-b83cf7163c09,ActiVote,,,ActiVote,721,ActiVote,,,App Panel,,US,8/1/25,8/31/25,,,,552689ba-a6ce-497f-bbab-87deac419a1e,412,rv,,rv,,9/1/25 14:32,,https://www.activote.net/trumps-approval-virtually-unchanged/,,,,,,,Donald Trump,,43.7,50.4,5.9
7bbfce8f-d217-4341-83c4-e0a9ef806c96,b0b42ed9-f490-419e-942f-af97e2cda604,TIPP Insights,e675f835-fdcd-4e92-b5ae-fc65092da4b7,Issues & Insights,TIPP Insights,144,TIPP Insights,,,Nonprobability Panel,,US,8/27/25,8/29/25,,,,20cc1537-0ea4-4cc6-9475-e5897798f545,1362,a,,a,,9/1/25 14:29,,https://tippinsights.com/despite-nasty-media-coverage-voters-still-give-trump-solid-grades-for-his-leadership-i-i-tipp-poll/?ref=tippinsights-newsletter,,,,,,,Donald Trump,,43,47,10
f1779004-63c5-4d6f-94a4-beb7cfe5bb88,80029fd7-3cc7-4be2-93be-cdb8be68ee94,Talker Research,70540668-6892-421a-b9a4-2669c13e1998,Scripps News,Talker Research,,,,,,,US,8/21/25,8/26/25,,,,302f85f8-ec76-4820-b19b-542cc2a0224e,1000,a,,a,,9/1/25 14:26,,https://www.scrippsnews.com/politics/poll-vast-majority-of-americans-say-life-is-getting-pricier-under-trump,,,,,,,Donald Trump,,43,46,
4b033a63-1475-414a-b925-e6c66b383989,ae31ea8f-0d54-476d-ab98-61b258a0a986,RMG Research,62ca8b2a-418d-46f9-8c64-1f4a14ba3a80,Napolitan News Service,RMG Research,555,RMG Research,,,,,US,8/21/25,8/28/25,,,,e113ba30-4e86-41e6-8dc5-57b8b0557954,3000,rv,,rv,,8/29/25 11:43,,https://napolitannews.org/jobapptables,,,,,,,Donald Trump,,50,49,3
1c879a1a-8d78-4df6-95b9-9a68c10c1358,7485e3b7-8959-43d7-985f-95417076d068,Emerson College,,,Emerson College,88,Emerson College,,,Text-to-Web/Nonprobability Panel,,US,8/25/25,8/26/25,,,,8e1f772f-31af-40c4-8a9d-3f8aa198f5df,1000,rv,,rv,,8/29/25 9:45,,https://emersoncollegepolling.com/august-2025-national/,,,,,,,Donald Trump,,44.7,47.3,8
cb10b6de-0e59-4d4b-af98-a54c6e8eb45d,642c8e51-c965-4a1b-b10d-1614d73cb18d,Quantus Insights,,,Quantus Insights,859,Quantus Insights,,,Text-to-Web/Nonprobability Panel,,US,8/25/25,8/26/25,,,,27f38200-262e-4bac-9398-abd475599eee,1000,rv,,rv,,8/28/25 16:04,,https://quantusinsights.org/f/trump%E2%80%99s-standing-in-late-summer-2025-the-lines-harden,,,,,,,Donald Trump,,47.6,50.6,1.8
c1da9ac3-15ec-46ec-854b-e1d6e74f8a36,55c8b5f7-bc0c-40df-8b2e-a72330d46567,High Point University,,,High Point University,139,High Point University Survey Research Center,,,Nonprobability Panel,,US,4/28/25,5/3/25,,,,a3fd5a5f-06ec-491d-8df6-9cf881c16474,1000,a,,a,,8/28/25 14:58,,https://www.highpoint.edu/src/files/2023/08/111memoISS.pdf,,,,,,,Donald Trump,,41,50,8
c39960c5-78e3-4b61-8770-fe001b77cf76,55c8b5f7-bc0c-40df-8b2e-a72330d46567,High Point University,,,High Point University,139,High Point University Survey Research Center,,,Nonprobability Panel,,US,7/18/25,7/21/25,,,,0c2dc4dd-bea8-476c-9256-bc88b4ce5252,1000,a,,a,,8/28/25 14:57,,https://www.highpoint.edu/src/files/2023/08/hpupoll112A.pdf,,,,,,,Donald Trump,,39,51,10
c39960c5-78e3-4b61-8770-fe001b77cf76,55c8b5f7-bc0c-40df-8b2e-a72330d46567,High Point University,,,High Point University,139,High Point University Survey Research Center,,,Nonprobability Panel,,US,7/18/25,7/21/25,,,,8153ac1c-4018-411f-aa8b-9e18dd65a890,847,rv,,rv,,8/28/25 14:57,,https://www.highpoint.edu/src/files/2023/08/hpupoll112A.pdf,,,,,,,Donald Trump,,41,51,8
72c0cd52-1f22-491c-8c2b-4b96a13319c0,fd91b31c-8953-44da-bfb5-fc15fadb2f5e,The Argument/Verasight,,,The Argument/Verasight,,,,,Mail-to-Web/Text-to-Web/Nonprobability Panel,,US,8/8/25,8/17/25,,,,a46da99d-f520-4681-adf0-71281cc07138,1562,rv,,rv,,8/28/25 13:45,,https://www.theargumentmag.com/p/when-americans-bite-their-tongues,,,,,,,Donald Trump,,43,55,2
4e34d341-1e10-4cc9-b01c-ef31a799817d,daec1c64-6ced-4bd1-992a-bf7e95b32f74,Quinnipiac University,,,Quinnipiac University,267,Quinnipiac University,,,Live Phone,,US,8/21/25,8/25/25,,,,60522599-bbf1-428c-91b9-f3d016fe0d43,1220,rv,,rv,,8/27/25 14:33,,https://poll.qu.edu/poll-release?releaseid=3929,,,,,,,Donald Trump,,37,55,7
5962d3e3-14cd-4203-96f2-8803cf989543,a6ab99b0-9d30-4a77-bbe7-03c9a3566a22,Ipsos,3dc40107-581b-4428-94a4-00d603640476,Reuters,Ipsos,154,Ipsos,,,Probability Panel,,US,8/22/25,8/24/25,,,,817b7ea0-01bb-4caa-affa-a9a454a43737,1022,a,,a,,8/27/25 10:07,,https://www.reuters.com/data/trumps-approval-rating-2025-01-21/,,,,,,,Donald Trump,,40,54,5
e4454c6f-30d1-400e-b96e-38502fd00d57,bd24b786-354a-4dae-8616-a5a888d550e4,AP-NORC,,,AP-NORC,397,AP-NORC,,,Probability Panel,,US,8/21/25,8/25/25,,,,3d00f5ca-9038-4b13-a261-0e148d537076,1182,a,,a,,8/27/25 9:39,,https://apnorc.org/projects/most-say-crime-is-a-major-problem-in-americas-cities-but-few-support-a-federal-takeover-of-police-departments/,,,,,,,Donald Trump,,45,53,2
03fc65b1-a5a1-4c95-a18a-b6d3e98ed614,0e8d5118-1108-4fcf-ac49-0859271a4597,Gallup,,,Gallup,112,Gallup,,,Live Phone,,US,8/1/25,8/20/25,,,,b1afb16c-6bc8-42d1-b21a-60f7ff0ccfa3,1094,a,,a,,8/26/25 11:33,,https://news.gallup.com/poll/694370/trump-ratings-mood-stay-tepid-august.aspx,,,,,,,Donald Trump,,40,56,4
99665a36-6d50-45b5-a4c5-e17d0faa930e,59ef5d62-c6ba-41a3-b2cd-24b8543e62b9,YouGov,146144a2-08d6-4c6b-b912-f067ed647252,Economist,YouGov,391,YouGov,,,Nonprobability Panel,,US,8/22/25,8/25/25,,,,06c583be-e739-4c25-85fa-60f99e910def,1523,a,,a,,8/26/25 9:36,,https://d3nkl3psvxxpe9.cloudfront.net/documents/econtoplines_ziFpJLd.pdf,,,,,,,Donald Trump,,41,56,3
99665a36-6d50-45b5-a4c5-e17d0faa930e,59ef5d62-c6ba-41a3-b2cd-24b8543e62b9,YouGov,146144a2-08d6-4c6b-b912-f067ed647252,Economist,YouGov,391,YouGov,,,Nonprobability Panel,,US,8/22/25,8/25/25,,,,a035a733-abcb-4d05-90f7-23eef24075b6,1377,rv,,rv,,8/26/25 9:36,,https://d3nkl3psvxxpe9.cloudfront.net/documents/econtoplines_ziFpJLd.pdf,,,,,,,Donald Trump,,43,55,2
49471ca9-07fc-4cca-a059-bb809265ce73,d64047d4-d15f-4b8d-8d37-714001c5f4f5,Verasight,3b7bcad0-2c0d-43e6-a3fb-2f2c7a55b5bb,Strength In Numbers,Verasight,774,,,,Text-to-Web/Mail-to-Web/Nonprobability Panel,,US,8/18/25,8/21/25,,,,e3e36a60-36c4-4ffa-8ef0-2b4fd6e525da,1500,a,,a,,8/26/25 9:34,,https://www.gelliottmorris.com/p/democrats-lead-the-us-house-generic,,,,,,,Donald Trump,,41,56,2
3ae27f9f-ea78-4de1-9966-850a0900c22e,4bc528cc-f55c-4f8b-8c90-adfe09f46c76,Morning Consult,,,Morning Consult,218,Morning Consult,,,Nonprobability Panel,,US,8/22/25,8/24/25,,,,bc2893b9-3265-47cd-bccd-64ef58393806,2200,rv,,rv,,8/26/25 9:32,,https://pro.morningconsult.com/trackers/donald-trump-congress-policy-republicans-polling,,,,,,,Donald Trump,,47,50,3
7e3814b3-e037-4d11-8847-a7d60d53c012,e006101f-7fff-4657-a2e9-19e3032386a2,HarrisX/Harris Poll,2659a402-6df7-481c-accb-d06e645828f8,Harvard CAPS,HarrisX/Harris Poll,133,Harris Insights & Analytics,,,Nonprobability Panel,,US,8/20/25,8/21/25,,,,4e1bc9ed-10f5-4005-8983-e303384c3cd5,2025,rv,,rv,,8/25/25 13:25,,https://harvardharrispoll.com/key-results-august/,,,,,,,Donald Trump,,47,49,4
0450ae8e-7ea2-4c17-abfb-dd5e798d8586,ae31ea8f-0d54-476d-ab98-61b258a0a986,RMG Research,62ca8b2a-418d-46f9-8c64-1f4a14ba3a80,Napolitan News Service,RMG Research,555,RMG Research,,,Nonprobability Panel,,US,8/13/25,8/21/25,,,,3c2ddf17-0761-42fa-87f9-b9886ec5a967,3000,rv,,rv,,8/22/25 13:40,,https://napolitannews.org/assets/pdfs/68a89e582a69c-gcm25-0820-toplines-trump-job-approval.pdf,,,,,,,Donald Trump,,49,48,3
5d18b34b-081a-4d83-b6cb-0e75fabeed09,ae3b5ee9-8be5-4f3b-b117-6abf33720e63,American Research Group,,,American Research Group,9,American Research Group,,,Live Phone,,US,8/17/25,8/20/25,,,,63b1507b-c493-4984-98ee-a33a4f088605,,rv,,rv,,8/21/25 10:30,,https://americanresearchgroup.com/economy/,,,,,,,Donald Trump,,38,60,
5d18b34b-081a-4d83-b6cb-0e75fabeed09,ae3b5ee9-8be5-4f3b-b117-6abf33720e63,American Research Group,,,American Research Group,9,American Research Group,,,Live Phone,,US,8/17/25,8/20/25,,,,f2235d2c-0dd3-4486-af7d-c1f7b7b6ea34,1100,a,,a,,8/21/25 10:30,,https://americanresearchgroup.com/economy/,,,,,,,Donald Trump,,38,59,3
c5872e97-405b-437e-9dc6-cb9fff584692,59ef5d62-c6ba-41a3-b2cd-24b8543e62b9,YouGov,146144a2-08d6-4c6b-b912-f067ed647252,Economist,YouGov,391,YouGov,,,Nonprobability Panel,,US,8/15/25,8/18/25,,,,a52cd473-15b5-4d36-be60-f1edc3180e5e,1568,a,,a,,8/19/25 11:00,,https://d3nkl3psvxxpe9.cloudfront.net/documents/econTabReport_sBoaiA0.pdf,,,,,,,Donald Trump,,40,56,4
c5872e97-405b-437e-9dc6-cb9fff584692,59ef5d62-c6ba-41a3-b2cd-24b8543e62b9,YouGov,146144a2-08d6-4c6b-b912-f067ed647252,Economist,YouGov,391,YouGov,,,Nonprobability Panel,,US,8/15/25,8/18/25,,,,c6c57a7c-7bc5-4c86-8f21-854211d86bc2,1408,rv,,rv,,8/19/25 11:00,,https://d3nkl3psvxxpe9.cloudfront.net/documents/econTabReport_sBoaiA0.pdf,,,,,,,Donald Trump,,43,54,2
4eb3c06b-ccba-48d0-9bbb-2a52bbddbd45,a6ab99b0-9d30-4a77-bbe7-03c9a3566a22,Ipsos,3dc40107-581b-4428-94a4-00d603640476,Reuters,Ipsos,154,Ipsos,,,Probability Panel,,US,8/13/25,8/18/25,,,,e7589ca5-2b65-4e74-b841-b83cfd020b3c,4446,a,,a,,8/19/25 1:29,,https://www.reuters.com/world/us/trump-approval-holds-40-lowest-level-his-term-reutersipsos-poll-finds-2025-08-18/,,,,,,,Donald Trump,,40,54,
fd455164-cfab-4b4f-8b37-fce495cbcea6,cb32537c-1d43-458f-be44-d73d21ec8b68,SoCal Strategies,"7d895acd-e399-4230-99c4-774aba46bb4b,f23778b1-739e-4549-866a-98129291d03c",On Point Politics | Red Eagle Politics,SoCal Strategies,851,SoCal Research,,,Nonprobability Panel,,US,8/19/25,8/19/25,,,,dc2ddeee-e77f-464d-a1eb-a00264afc926,700,a,,a,,8/19/25 1:29,,https://substack.com/home/post/p-171344467,,,,,,REP,Donald Trump,,45,48,7
0e7b8a05-2a31-4e54-b6fb-ae6cc73f59a6,932da08a-7f8a-48e3-a92a-c443c039fbd1,Echelon Insights,,,Echelon Insights,407,Echelon Insights,,,Nonprobability Panel,,US,8/14/25,8/18/25,,,,bcdae2cc-83ce-47ce-9ebc-ecc0ad0960f1,1057,lv,,lv,,8/18/25 18:18,,https://echelonin.wpenginepowered.com/wp-content/uploads/August-2025-Voter-Omnibus-Topline-External.pdf,,,,,,,Donald Trump,,47,51,2
5c340392-9b64-46e1-87e2-c25ba2dc13c4,4bc528cc-f55c-4f8b-8c90-adfe09f46c76,Morning Consult,,,Morning Consult,218,Morning Consult,,,Nonprobability Panel,,US,8/15/25,8/18/25,,,,45abee6b-3714-48a2-ab68-db8593cf8278,2201,rv,,rv,,8/18/25 17:57,,https://pro.morningconsult.com/trackers/donald-trump-congress-policy-republicans-polling,,,,,,,Donald Trump,,46.53,50.67,2.81
23906315-15a5-4cd1-826f-a9fa471a0090,2adcaf33-be3f-41f4-bbc5-70c3d6f12118,Merlin Strategy,cfbcfe49-c8fe-4afb-87e0-1519d22f6ef9,Azoria Capital,Merlin Strategy,,,,,Nonprobability Panel,,US,8/11/25,8/12/25,,,,bf515723-ac60-4d37-b347-11d4fd7814ac,2000,a,,a,,8/18/25 15:26,,https://www.newsmax.com/newsfront/poll-donald-trump-tariffs/2025/08/15/id/1222610/,,,,,,,Donald Trump,,42.14,49.78,8.08
2ca86644-6d8a-4dc4-acb0-9046804e9aa7,adedfb3e-f4d9-4121-ae17-125b39b27da3,InsiderAdvantage,,,InsiderAdvantage,243,InsiderAdvantage,,,Nonprobability Panel,,US,8/15/25,8/17/25,,,,bad6c764-4cfd-4895-b516-d679b02390be,1000,lv,,lv,,8/18/25 10:27,,https://insideradvantage.com/top-line-tabs-trump-approval/,,,,,,,Donald Trump,,54,43.6,2.4
a3b74db5-3178-431a-9976-c97b6e196348,72908461-a4cf-42da-9ef4-f4299cc7b9d8,Navigator Research,,,Navigator Research,413,Global Strategy Group/GBAO (Navigator Research),,,,,US,8/7/25,8/11/25,,,,3c55ce22-967c-4705-80a4-aacbbb9ef75e,1000,rv,,rv,,8/15/25 20:31,,https://navigatorresearch.org/wp-content/uploads/2025/08/Navigator-Update-08.14.2025-1.pdf,,,,,,,Donald Trump,,43,55,2
4d3ae3d5-64d0-4cf4-b19b-1e783e7efb10,ae31ea8f-0d54-476d-ab98-61b258a0a986,RMG Research,,,RMG Research,555,RMG Research,,,Nonprobability Panel,,US,8/6/25,8/14/25,,,,9dc62e01-2723-4c92-9d73-c56091597720,3000,rv,,rv,,8/15/25 16:18,,https://x.com/ScottWRasmussen/status/1956413874468454852,,,,,,,Donald Trump,,48,51,
4b299b01-0197-415a-bf9b-20564eed8685,d7661595-0345-4bf2-b37b-f8fa234d783c,Pew Research Center,,,Pew Research Center,253,Pew Research Center,,,Probability Panel/Live Phone,,US,8/4/25,8/10/25,,,,d0d32b99-1f36-4034-b6c8-c9fb0de5343f,3505,a,,a,,8/14/25 13:27,,https://www.pewresearch.org/politics/2025/08/14/trumps-tariffs-and-one-big-beautiful-bill-face-more-opposition-than-support-as-his-job-rating-slips/,,,,,,,Donald Trump,,38,60,
e8bb7881-4356-40fd-9dcf-a4e5d672fc9b,642c8e51-c965-4a1b-b10d-1614d73cb18d,Quantus Insights,,,Quantus Insights,859,Quantus Insights,,,Nonprobability Panel/Text-to-Web,,US,8/11/25,8/13/25,,,,9495ec77-1002-430c-a865-e76222aed5c2,1000,rv,,rv,,8/14/25 13:23,,https://quantusinsights.org/f/middle-america-shrugs-inflation-fatigue-and-electoral-flux,,,,,,,Donald Trump,,47.4,51,1.6
c2cc5430-1698-4dde-9252-bb55a1d9589c,4bc528cc-f55c-4f8b-8c90-adfe09f46c76,Morning Consult,,,Morning Consult,218,Morning Consult,,,,,US,8/3/25,8/9/25,,,,fdb93a32-d7ff-4ad1-b27e-ffcfdcdd8214,,a,,a,,8/12/25 10:53,,https://pro.morningconsult.com/trackers/global-leader-approval,,,,,,,Donald Trump,,44.9,48.7,6.4
811251aa-6011-4948-bcd0-b3fb7059fcf3,59ef5d62-c6ba-41a3-b2cd-24b8543e62b9,YouGov,146144a2-08d6-4c6b-b912-f067ed647252,Economist,YouGov,391,YouGov,,,Nonprobability Panel,,US,8/9/25,8/11/25,,,,d1f95a5f-87b4-4563-b7f1-38307ff9b6b7,1635,a,,a,,8/12/25 10:13,,https://d3nkl3psvxxpe9.cloudfront.net/documents/econTabReport_Y7xe8fY.pdf#page20,,,,,,,Donald Trump,,42,54,5
811251aa-6011-4948-bcd0-b3fb7059fcf3,59ef5d62-c6ba-41a3-b2cd-24b8543e62b9,YouGov,146144a2-08d6-4c6b-b912-f067ed647252,Economist,YouGov,391,YouGov,,,Nonprobability Panel,,US,8/9/25,8/11/25,,,,e145ffae-b23e-42a7-befb-19755c1827c6,1474,rv,,rv,,8/12/25 10:13,,https://d3nkl3psvxxpe9.cloudfront.net/documents/econTabReport_Y7xe8fY.pdf#page20,,,,,,,Donald Trump,,44,53,2
128b57c8-0326-43a7-b445-7f359f606104,4bc528cc-f55c-4f8b-8c90-adfe09f46c76,Morning Consult,,,Morning Consult,218,Morning Consult,,,Nonprobability Panel,,US,8/8/25,8/10/25,,,,32a0a7bb-bc8a-42f7-8ddf-e5cd37a64025,2200,rv,,rv,,8/11/25 20:28,,https://pro.morningconsult.com/trackers/donald-trump-congress-policy-republicans-polling,,,,,,,Donald Trump,,46.47,51.05,2.48
8cff2e28-13e0-4e5c-8226-fd204bb804c2,59ef5d62-c6ba-41a3-b2cd-24b8543e62b9,YouGov,a0d244bb-0767-423d-ac9f-154189544a48,Yahoo News,YouGov,391,YouGov,,,,,US,7/24/25,7/28/25,,,,600d4863-a3ba-4087-9c4a-3a2e88915d80,1168,rv,,rv,,8/8/25 15:03,,https://d3nkl3psvxxpe9.cloudfront.net/documents/20250728_yahoo.pdf,,,,,,,Donald Trump,,44,54,2
8cff2e28-13e0-4e5c-8226-fd204bb804c2,59ef5d62-c6ba-41a3-b2cd-24b8543e62b9,YouGov,a0d244bb-0767-423d-ac9f-154189544a48,Yahoo News,YouGov,391,YouGov,,,,,US,7/24/25,7/28/25,,,,e7072993-b822-42bb-be8b-6f2c608e1539,1729,a,,a,,8/8/25 15:03,,https://d3nkl3psvxxpe9.cloudfront.net/documents/20250728_yahoo.pdf,,,,,,,Donald Trump,,39,56,5
64186325-8f0d-492e-a89f-9c809e1cbe3e,ae31ea8f-0d54-476d-ab98-61b258a0a986,RMG Research,62ca8b2a-418d-46f9-8c64-1f4a14ba3a80,Napolitan News Service,RMG Research,555,RMG Research,,,Nonprobability Panel,,US,7/30/25,8/7/25,,,,3731aa83-6dc9-4e45-9702-b917fddc3685,3000,rv,,rv,,8/8/25 11:56,,https://napolitannews.org/assets/pdfs/689616f32a427-gcm25-0806-toplines-trump-job-approval.pdf,,,,,,,Donald Trump,,50,49,2
622d39d6-a16b-47c1-b6dc-5ec23f3b79e6,9ab6b302-92ac-4132-97a6-c3580bd5ed77,Hart Research Associates/Public Opinion Strategies,9f34fd03-e85e-4fdb-8e1b-5530101480f0,CNBC,Hart Research Associates/Public Opinion Strategies,221,Hart Research Associates/Public Opinion Strategies,,,,,US,7/29/25,8/3/25,,,,409f0014-dfff-450d-921b-03306d77fa7b,1000,a,,a,,8/7/25 9:38,,https://pos.org/wp-content/uploads/2025/08/250178-CNBC-AAES-Q2-2025-Topline-8-7-2025-Release.pdf,,,,,,,Donald Trump,,46,51,3
54a3f9a0-2524-488c-9093-6561c035f2e5,9824a356-03ef-4183-8d56-72de54a66fee,Clarity Campaign Labs,,,Clarity Campaign Labs,52,Clarity Campaign Labs,,,Nonprobability Panel,,US,7/24/25,7/31/25,,,,d3509275-b414-4e57-81d0-2d9c14c3cf5b,1018,rv,,rv,,8/6/25 11:29,,https://static1.squarespace.com/static/61ae8d5e55be5c7314b4c83a/t/68936b40c111f97bb04773dd/1754491714447/Clarity+Omnibus+Overview+-+July+2025+%5BPUBLIC%5D.pdf,,,,,,,Donald Trump,,46,51,2
3b432349-9421-424a-82e7-783ecd50a3b8,59ef5d62-c6ba-41a3-b2cd-24b8543e62b9,YouGov,146144a2-08d6-4c6b-b912-f067ed647252,Economist,YouGov,391,YouGov,,,Nonprobability Panel,,US,8/1/25,8/4/25,,,,66fcf83a-de61-4bd1-b264-dc8dd886bf4d,1528,rv,,rv,,8/5/25 10:04,,https://d3nkl3psvxxpe9.cloudfront.net/documents/econTabReport_lSgdLYM.pdf,,,,,,,Donald Trump,,43,55,3
3b432349-9421-424a-82e7-783ecd50a3b8,59ef5d62-c6ba-41a3-b2cd-24b8543e62b9,YouGov,146144a2-08d6-4c6b-b912-f067ed647252,Economist,YouGov,391,YouGov,,,Nonprobability Panel,,US,8/1/25,8/4/25,,,,906a1f4a-90d5-4bce-a4d5-7f902c7181a0,1702,a,,a,,8/5/25 10:04,,https://d3nkl3psvxxpe9.cloudfront.net/documents/econTabReport_lSgdLYM.pdf,,,,,,,Donald Trump,,41,55,4
e7415776-d052-437a-abcc-bbbff660a75c,7af36d36-6e24-41ad-9c51-b6de9ff0edb2,Leger,"fa699844-684b-431a-8690-7f1080294c63,17edd59f-d094-484c-b054-dfc7b39a27be",338 | Maintenant Media,Leger,572,Leger,,,,,US,7/25/25,7/27/25,,,,508eac06-181f-43e2-a780-a060fdc90b1b,1007,a,,a,,8/4/25 18:22,,https://leger360.com/wp-content/uploads/2025/08/U.S-Politics-Leger-338Canada-Maintenantmedia-FINAL.pdf,,,,,,,Donald Trump,,37,51,12
a76f4cd9-be2a-463c-928f-32dc69fe9173,4bc528cc-f55c-4f8b-8c90-adfe09f46c76,Morning Consult,,,Morning Consult,218,Morning Consult,,,Nonprobability Panel,,US,8/1/25,8/3/25,,,,bf467dee-35d4-449f-b0af-a0d40ff169a9,2201,rv,,rv,,8/4/25 16:42,,https://pro.morningconsult.com/trackers/donald-trump-congress-policy-republicans-polling,,,,,,,Donald Trump,,44.85,52.47,2.69
23096941-450d-4da4-a261-d25778acf1a4,b0b42ed9-f490-419e-942f-af97e2cda604,TIPP Insights,e675f835-fdcd-4e92-b5ae-fc65092da4b7,Issues & Insights,TIPP Insights,144,TIPP Insights,,,Nonprobability Panel,,US,7/30/25,8/1/25,,,,08a9bc1b-be07-4b48-a29c-2ee142155aa7,1362,a,,a,,8/4/25 9:24,,https://issuesinsights.com/2025/08/04/so-much-winning-voters-give-trumps-leadership-policies-strong-backing-in-august-ii-tipp-poll/,,,,,,,Donald Trump,,45,46,9
d32473c3-dc31-445e-96fa-8da36230a001,31bcd62d-152e-4acf-b94a-c908be9693c4,University of Massachusetts Department of Political Science/YouGov,,,University of Massachusetts Department of Political Science/YouGov,861,University of Massachusetts Department of Political Science/YouGov,,,,,US,7/25/25,7/30/25,,,,35634df5-6c0a-4b48-b7f0-e3cffb6af687,1000,a,,a,,8/4/25 9:23,,https://www.umass.edu/political-science/about/reports/2025-9#toc-toplines-and-crosstabs,,,,,,,Donald Trump,,38,58,4
6a398603-3d10-4334-92b4-266f70d177aa,e2e08257-41fa-4956-ba29-b83cf7163c09,ActiVote,,,ActiVote,721,ActiVote,,,App Panel,,US,7/1/25,7/31/25,,,,6e6f00f0-ab90-47a3-97e3-2b8357e7ea02,454,rv,,rv,,8/1/25 14:56,,https://www.activote.net/trumps-approval-holding-steady/,,,,,,,Donald Trump,,44.5,52.1,3.4
b86d22c9-b669-4e71-98ff-e20ca4a1cc30,ae31ea8f-0d54-476d-ab98-61b258a0a986,RMG Research,62ca8b2a-418d-46f9-8c64-1f4a14ba3a80,Napolitan News Service,RMG Research,555,RMG Research,,,Nonprobability Panel,,US,7/23/25,7/31/25,,,,13c22953-ce0a-414f-844a-d875d331f642,3000,rv,,rv,,8/1/25 11:23,,https://napolitannews.org/assets/pdfs/688cd845c6a04-gcm25-0730-toplines-trump-job-approval.pdf,,,,,,,Donald Trump,,50,48,2
1285e4ab-c00b-4150-bbd3-ce05214a0822,5a7ec4cc-59c7-44e0-b7c0-e78c05f19438,GBAO,0df1eb05-d373-4a59-bac3-c165aa4b67dc,Third Way,GBAO,109,,,,Nonprobability Panel,,US,7/14/25,7/21/25,,,,f01fd225-c84f-4862-9361-2a61407eac1a,2000,rv,,rv,,8/1/25 9:41,,https://www.thirdway.org/memo/big-beautiful-bellyaches-americans-pain-and-frustration-worsens-after-six-months-of-misplaced-priorities,,,,,,,Donald Trump,,45,54,
8ec37a48-2f35-45cb-baac-f0cf1eb22727,59ef5d62-c6ba-41a3-b2cd-24b8543e62b9,YouGov,b1286971-5ec3-4cce-91fd-8b2df0b19488,The Times of London,YouGov,391,YouGov,,,Nonprobability Panel,,US,7/18/25,7/21/25,,,,77302590-d511-4bf6-b9c1-f75ab98a039b,1111,rv,,rv,,8/1/25 9:30,,https://www.thetimes.com/us/american-politics/article/trump-polls-approval-rating-200-days-nxdl2szkr,,,,,,,Donald Trump,,44,54,1
8ec37a48-2f35-45cb-baac-f0cf1eb22727,59ef5d62-c6ba-41a3-b2cd-24b8543e62b9,YouGov,b1286971-5ec3-4cce-91fd-8b2df0b19488,The Times of London,YouGov,391,YouGov,,,Nonprobability Panel,,US,7/18/25,7/21/25,,,,a1083529-f627-4bd6-a571-4c112a934d1e,1470,a,,a,,8/1/25 9:30,,https://www.thetimes.com/us/american-politics/article/trump-polls-approval-rating-200-days-nxdl2szkr,,,,,,,Donald Trump,,39,57,4
8b123b7d-028c-40d0-baab-14af91177691,9268c8ab-c57b-43d1-8541-c6047caab802,John Zogby Strategies,,,John Zogby Strategies,583,John Zogby Strategies,,,Nonprobability Panel,,US,7/28/25,7/29/25,,,,43b7db4f-2a8a-4bd3-a27f-7eaae44adb0a,1010,lv,,lv,,7/31/25 8:53,,https://johnzogbystrategies.com/new-zogby-strategies-poll-reveals-intense-collapse-among-trump-supporters/,,,,,,,Donald Trump,,43,54,
87c27fc6-6550-4a14-a183-22366fd0ec18,a6ab99b0-9d30-4a77-bbe7-03c9a3566a22,Ipsos,3dc40107-581b-4428-94a4-00d603640476,Reuters,Ipsos,154,Ipsos,,,,,US,7/25/25,7/27/25,,,,d3d9a615-4ce4-4cdf-a3c5-ca5c7b983b46,1023,a,,a,,7/29/25 17:06,,https://www.reuters.com/data/trumps-approval-rating-2025-01-21/,,,,,,,Donald Trump,,40,56,
a90eb90e-77d8-4f41-8480-e8a7fc443938,59ef5d62-c6ba-41a3-b2cd-24b8543e62b9,YouGov,146144a2-08d6-4c6b-b912-f067ed647252,Economist,YouGov,391,YouGov,,,Nonprobability Panel,,US,7/25/25,7/28/25,,,,65d517a9-2cc1-4623-b836-29d99c5d30ce,1610,rv,,rv,,7/29/25 9:22,,https://d3nkl3psvxxpe9.cloudfront.net/documents/econTabReport_7Bn59Tx.pdf,,,,,,,Donald Trump,,44,53,3
a90eb90e-77d8-4f41-8480-e8a7fc443938,59ef5d62-c6ba-41a3-b2cd-24b8543e62b9,YouGov,146144a2-08d6-4c6b-b912-f067ed647252,Economist,YouGov,391,YouGov,,,Nonprobability Panel,,US,7/25/25,7/28/25,,,,979b3622-5d64-4739-bbf2-dc84da91f6dc,1777,a,,a,,7/29/25 9:22,,https://d3nkl3psvxxpe9.cloudfront.net/documents/econTabReport_7Bn59Tx.pdf,,,,,,,Donald Trump,,40,55,5
9174b566-6155-4ac3-a40f-a8602e7502b1,4bc528cc-f55c-4f8b-8c90-adfe09f46c76,Morning Consult,,,Morning Consult,218,Morning Consult,,,Nonprobability Panel,,US,7/25/25,7/27/25,,,,91a63c31-0fcc-4a90-8a51-efadce8a58bd,2203,rv,,rv,,7/28/25 17:57,,https://pro.morningconsult.com/trackers/donald-trump-congress-policy-republicans-polling,,,,,,,Donald Trump,,47.35,49.74,2.91
5a3fbf51-f19e-474d-a8ca-700c5539deec,b616c2cc-cb2e-4394-9d34-8ee9a1b530d2,McLaughlin & Associates,"5c16bad7-274a-460e-9133-08e706a9b92e,fc613877-7ff7-4e24-994d-24d6c96c089d",America's New Majority Project | Gingrich 360,McLaughlin & Associates,203,McLaughlin & Associates,,,Nonprobability Panel,,US,7/21/25,7/24/25,,,,2a9ba7cd-7442-4daa-95c5-1e50b72be620,1633,lv,,lv,,7/28/25 16:39,,https://americasnewmajorityproject.com/wp-content/uploads/2025/07/20250724-NationalANMP-Topline.pdf,,,,,,REP,Donald Trump,,47.3,52.7,0
5a3fbf51-f19e-474d-a8ca-700c5539deec,b616c2cc-cb2e-4394-9d34-8ee9a1b530d2,McLaughlin & Associates,"5c16bad7-274a-460e-9133-08e706a9b92e,fc613877-7ff7-4e24-994d-24d6c96c089d",America's New Majority Project | Gingrich 360,McLaughlin & Associates,203,McLaughlin & Associates,,,Nonprobability Panel,,US,7/21/25,7/24/25,,,,d6997fec-1b01-48e7-86f1-3e1fba161518,2000,rv,,rv,,7/28/25 16:39,,https://americasnewmajorityproject.com/wp-content/uploads/2025/07/20250724-NationalANMP-Topline.pdf,,,,,,REP,Donald Trump,,46.5,53.5,0
d43b8be9-ea40-45ac-a546-457607d1686f,ae31ea8f-0d54-476d-ab98-61b258a0a986,RMG Research,62ca8b2a-418d-46f9-8c64-1f4a14ba3a80,Napolitan News Service,RMG Research,555,RMG Research,,,,,US,7/16/25,7/24/25,,,,9e488f97-3508-4237-9db1-e971cbcbedd3,3000,rv,,rv,,7/25/25 14:57,,https://napolitannews.org/assets/pdfs/6883d1f49ae77-gcm25-0723-toplines-trump-job-approval.pdf,,,,,,,Donald Trump,,50,48,2
fe07c27c-f6fb-415e-9676-b197d004ecfb,642c8e51-c965-4a1b-b10d-1614d73cb18d,Quantus Insights,,,Quantus Insights,859,Quantus Insights,,,Nonprobability Panel,,US,7/21/25,7/23/25,,,,852db586-5b6e-4592-abde-3da46e5a3ff6,1123,rv,,rv,,7/25/25 12:33,,https://drive.google.com/file/d/1qvREGB4urO-DDzRqrRY8fKfG49ECNEDI/view,,,,,,,Donald Trump,,47.4,49.9,2.7
3e8d4a9a-9bdd-4c4c-9420-776000329f3a,7485e3b7-8959-43d7-985f-95417076d068,Emerson College,,,Emerson College,88,Emerson College,,,Text-to-Web/Nonprobability Panel/IVR,,US,7/21/25,7/22/25,,,,87f430a3-3171-4c4b-a01a-782b8835a2e8,1400,rv,,rv,,7/25/25 12:32,,https://emersoncollegepolling.com/july-2025-national-poll/,,,,,,,Donald Trump,,45.7,46.8,7.4
2d4cfc49-d7aa-4543-a2a0-59cb4dd69fc1,5f1a3174-9e76-4c15-8129-c89586c65240,"Fabrizio, Lee & Associates/Impact Research",fb984452-b72b-4bb3-af15-bd60a772b36a,Wall Street Journal,"Fabrizio, Lee & Associates/Impact Research",694,,,,Live Phone/Text-to-Web,,US,7/16/25,7/20/25,,,,d45c9da5-92a9-42db-93f7-e082230a48d4,1500,rv,,rv,,7/25/25 0:40,,https://www.wsj.com/politics/policy/trump-approval-rating-poll-july-2025-745b0f5f,,,,,,,Donald Trump,,46,52,2
9d654857-ab9d-4f83-83b4-7d5b4465da1f,0e8d5118-1108-4fcf-ac49-0859271a4597,Gallup,,,Gallup,112,Gallup,,,Live Phone,,US,7/7/25,7/21/25,,,,6fa10cf8-9d1e-4ac0-bc94-5927b5a88148,1002,a,,a,,7/24/25 14:33,,https://news.gallup.com/poll/692879/independents-drive-trump-approval-second-term-low.aspx,,,,,,,Donald Trump,,37,58,4
4c031bbc-b80b-45db-91e7-e85fcc31534f,8e60f0a1-fca9-4c1b-9f94-84e1f57c4dc9,Trafalgar Group/InsiderAdvantage,,,Trafalgar Group/InsiderAdvantage,671,Trafalgar Group/InsiderAdvantage,,,,,US,7/22/25,7/23/25,,,,9c2d9687-1941-4be7-9a70-e6d876bfa22a,1200,lv,,lv,,7/24/25 12:00,,https://insideradvantage.com/joint-insideradvantage-trafalgar-group-national-survey-majority-of-voters-approve-of-trumps-job-performance-at-six-month-mark-awareness-of-criminal-referral-starting-to-increase/,,,,,,,Donald Trump,,50,48,2
653e8670-2e01-4c96-9415-50ae0edd0a05,b2978307-eed3-420a-84ff-9e73574db513,GrayHouse,80498bbd-c692-40cd-95a1-72e4289c4bb7,America One Policies,GrayHouse,,,,,Text-to-Web/Live Phone,,US,6/14/25,6/15/25,,,,4f4ee5fc-5c00-44d2-a923-2b43edc603ef,1000,rv,,rv,,7/24/25 11:26,,https://www.grayhouse.com/post/voter-attitudes-on-israel-iran-conflict,,,,,,REP,Donald Trump,,47,52,1
8e49bbae-f5e8-49b3-a643-a07a261cd918,2df67459-2691-479a-8c87-f98549fe2429,J.L. Partners,c3aee16d-168b-4940-9cd9-e599de894f92,DailyMail.com,J.L. Partners,619,J.L. Partners,,,,,US,7/21/25,7/22/25,,,,ca3c5969-d1e9-48fc-8d49-3cfbbd82dbcd,1007,rv,,rv,,7/23/25 18:42,,https://www.dailymail.co.uk/news/article-14932725/Americans-Trump-highest-approval-rating-months-despite-fallout-Epstein-witch-hunt.html,,,,,,,Donald Trump,,45,46,10
e3bfd07c-0865-450c-9a8c-856961b9241a,4da0e617-fda4-4c29-a2c0-1055e6af4eaf,Beacon Research/Shaw & Company Research,d380c59c-d59c-465b-90a9-cb0f2d14e4f0,Fox News,Beacon Research/Shaw & Company Research,103,Beacon Research/Shaw & Co. Research,,,Live Phone/Text-to-Web,,US,7/18/25,7/21/25,,,,d124ccdd-1429-4328-a517-3762b216401f,1000,rv,,rv,,7/23/25 18:36,,https://www.foxnews.com/official-polls/fox-news-poll-trump-facing-headwinds-six-month-mark,,,,,,,Donald Trump,,46,54,0
99e234be-6112-45c8-a5d0-bc9bf60d00fc,72908461-a4cf-42da-9ef4-f4299cc7b9d8,Navigator Research,,,Navigator Research,413,Global Strategy Group/GBAO (Navigator Research),,,,,US,7/16/25,7/21/25,,,,b5152cef-1bc2-40cb-b633-c43148fc3377,1000,a,,a,,7/23/25 9:08,,https://navigatorresearch.org/the-government-and-the-epstein-files/,,,,,,,Donald Trump,,42,54,3
2b8171e4-b4f2-4c25-88ae-139e788cfd1d,530091d3-1f98-43b8-8b9f-4a2bff415234,The Bullfinch Group,,,The Bullfinch Group,692,The Bullfinch Group,,,,,US,7/18/25,7/22/25,,,,75b7b59e-8c11-4a29-a572-a5a8f4bec09c,1000,rv,,rv,,7/23/25 9:05,,https://www.thebullfinchgroup.com/post/public-release-of-bullfinch-q3-nationwide-survey-3,,,,,,,Donald Trump,,42,56,3
2b8171e4-b4f2-4c25-88ae-139e788cfd1d,530091d3-1f98-43b8-8b9f-4a2bff415234,The Bullfinch Group,,,The Bullfinch Group,692,The Bullfinch Group,,,,,US,7/18/25,7/22/25,,,,8cae0453-3694-49f0-a313-996769d8e9f9,1200,a,,a,,7/23/25 9:05,,https://www.thebullfinchgroup.com/post/public-release-of-bullfinch-q3-nationwide-survey-3,,,,,,,Donald Trump,,41,55,4
d00d5b82-abdd-4432-abd7-f3dcf86428bf,d4af6439-dec0-4fa7-826b-5b409e1f3280,Marquette University Law School,,,Marquette University Law School,195,,,,Probability Panel,,US,7/7/25,7/16/25,,,,6c8fdf1c-6d05-4a33-88d6-a7b6143ba5d8,747,rv,,rv,,7/23/25 9:03,,https://law.marquette.edu/poll/2025/07/23/detailed-results-of-the-marquette-law-school-supreme-court-poll-july-7-16-2025-national-issues/,,,,,,,Donald Trump,,46,54,
d00d5b82-abdd-4432-abd7-f3dcf86428bf,d4af6439-dec0-4fa7-826b-5b409e1f3280,Marquette University Law School,,,Marquette University Law School,195,,,,Probability Panel,,US,7/7/25,7/16/25,,,,ec91dbcf-13d3-4efa-932a-60a9d13e537c,1005,a,,a,,7/23/25 9:03,,https://law.marquette.edu/poll/2025/07/23/detailed-results-of-the-marquette-law-school-supreme-court-poll-july-7-16-2025-national-issues/,,,,,,,Donald Trump,,45,55,
b92cc013-d13e-40e2-bcec-d15e60193f2c,2df67459-2691-479a-8c87-f98549fe2429,J.L. Partners,c3aee16d-168b-4940-9cd9-e599de894f92,DailyMail.com,J.L. Partners,619,J.L. Partners,,,,,US,7/9/25,7/10/25,,,,d867f21d-bb75-4029-94ff-86bb8d8e6a7e,1013,rv,,rv,,7/22/25 13:59,,https://www.dailymail.co.uk/news/article-14916739/Epstein-Trump-poll-impact-shock-birthday-letter.html,,,,,,,Donald Trump,,44,48,9
730356b3-cf3e-4393-9e17-1dae26ed1209,59ef5d62-c6ba-41a3-b2cd-24b8543e62b9,YouGov,146144a2-08d6-4c6b-b912-f067ed647252,Economist,YouGov,391,YouGov,,,Nonprobability Panel,,US,7/18/25,7/21/25,,,,55179396-d306-4dc7-bddd-1fcd82171e73,1729,a,,a,,7/22/25 9:54,,https://d3nkl3psvxxpe9.cloudfront.net/documents/econtoplines_x8wFIYj.pdf,,,,,,,Donald Trump,,41,55,4
730356b3-cf3e-4393-9e17-1dae26ed1209,59ef5d62-c6ba-41a3-b2cd-24b8543e62b9,YouGov,146144a2-08d6-4c6b-b912-f067ed647252,Economist,YouGov,391,YouGov,,,Nonprobability Panel,,US,7/18/25,7/21/25,,,,f1c404ca-1d1c-4fe0-ba35-ffbdd626aa89,1551,rv,,rv,,7/22/25 9:54,,https://d3nkl3psvxxpe9.cloudfront.net/documents/econtoplines_x8wFIYj.pdf,,,,,,,Donald Trump,,43,56,1
d5ab3bd1-47e4-427f-9416-15afd0aed8c6,d64047d4-d15f-4b8d-8d37-714001c5f4f5,Verasight,3b7bcad0-2c0d-43e6-a3fb-2f2c7a55b5bb,Strength In Numbers,Verasight,774,,,,Mail-to-Web/Text-to-Web/Nonprobability Panel,,US,7/14/25,7/16/25,,,,b5ba5c36-cc52-49ed-bfa8-f113270ed55d,1500,a,,a,,7/22/25 9:40,,https://www.gelliottmorris.com/p/new-poll-dems-lead-house-generic,,,,,,,Donald Trump,,42,57,2
2a526e11-d317-4e0c-a9b8-4c0a4940c0a8,4bc528cc-f55c-4f8b-8c90-adfe09f46c76,Morning Consult,,,Morning Consult,218,Morning Consult,,,Nonprobability Panel,,US,7/18/25,7/20/25,,,,1be7e576-1509-41de-b0cf-be49d9736f1b,2202,rv,,rv,,7/21/25 18:39,,https://pro.morningconsult.com/trackers/donald-trump-congress-policy-republicans-polling,,,,,,,Donald Trump,,45.17,51.97,2.86
2b6ec13c-2ade-423d-99a7-0d5ea8eded0f,ae3b5ee9-8be5-4f3b-b117-6abf33720e63,American Research Group,,,American Research Group,9,American Research Group,,,,,US,7/17/25,7/20/25,,,,09f61986-6937-4939-b0fa-e2e4039a9126,1100,a,,a,,7/21/25 9:27,,https://americanresearchgroup.com/,,,,,,,Donald Trump,,38,59,3
2b6ec13c-2ade-423d-99a7-0d5ea8eded0f,ae3b5ee9-8be5-4f3b-b117-6abf33720e63,American Research Group,,,American Research Group,9,American Research Group,,,,,US,7/17/25,7/20/25,,,,490edc60-6ed3-4250-92bc-39f32affff12,1006,rv,,rv,,7/21/25 9:27,,https://americanresearchgroup.com/,,,,,,,Donald Trump,,38,59,3
e8438ce6-dc9a-4fe5-a26b-9564690ed77a,59ef5d62-c6ba-41a3-b2cd-24b8543e62b9,YouGov,ca805caf-4575-43dd-b894-c0de3467b2fb,CBS News,YouGov,391,YouGov,,,,,US,7/16/25,7/18/25,,,,a24edd89-32a2-4356-9f21-7979692a02d4,2343,a,,a,,7/21/25 8:11,,https://www.cbsnews.com/news/cbs-news-poll-trump-deportation-program-prices/,,,,,,,Donald Trump,,42,58,
4451f021-94dd-459d-b187-50c36c66e39c,6af9e17b-94e6-497a-bbe7-4cad3f67fd36,AtlasIntel,,,AtlasIntel,546,AtlasIntel,,,Nonprobability Panel,,US,7/13/25,7/18/25,,,,44623b6a-b181-4933-8670-02fdb2ad581b,1935,a,,a,,7/18/25 16:54,,https://www.atlasintel.org/poll/usa-national-2025-07-18,,,,,,,Donald Trump,,44.3,54.9,0.8
333c1207-28dc-4fb4-8210-9236402300fe,ae31ea8f-0d54-476d-ab98-61b258a0a986,RMG Research,62ca8b2a-418d-46f9-8c64-1f4a14ba3a80,Napolitan News Service,RMG Research,555,RMG Research,,,Nonprobability Panel,,US,7/9/25,7/16/25,,,,d8e29ea8-fe54-4933-ac22-37614257f348,3000,rv,,rv,,7/18/25 12:18,,https://napolitannews.org/assets/pdfs/687a613d76853-gcm25-0716-toplines-trump-job-approval.pdf,,,,,,,Donald Trump,,52,48,1
8987acb0-4c82-41bb-b50f-9572eb303243,4f114c0f-bcdd-4e06-ba3b-1f4a125e60bd,Wick,84ca4aa7-0882-419c-b3ad-3b5b73d6b9c5,2Way,Wick,284,Wick,,,Nonprobability Panel,,US,5/26/25,5/28/25,,,,c38c6a78-918c-4e6e-bd28-33e81494ac24,1000,rv,,rv,,7/18/25 10:16,,https://my.wick.io/analysis/shared/item/8C788E73-03D9-45A4-94AF-2E0D70F34AF6/view,,,,,,,Donald Trump,,47,48.9,4.1
be4a16cb-b7b2-4fa2-9283-2ddbea7b2127,4f114c0f-bcdd-4e06-ba3b-1f4a125e60bd,Wick,84ca4aa7-0882-419c-b3ad-3b5b73d6b9c5,2Way,Wick,284,Wick,,,Nonprobability Panel,,US,5/8/25,5/9/25,,,,2532e7ba-23ed-4a7a-bcba-d5deb8f18a67,1000,rv,,rv,,7/18/25 10:15,,https://my.wick.io/analysis/shared/item/CCED3FFB-28C8-40CA-92F1-FFD179722079/view,,,,,,,Donald Trump,,47,49,4
0bbf65f5-0c6f-431b-a0f6-9b84cea45b62,642c8e51-c965-4a1b-b10d-1614d73cb18d,Quantus Insights,,,Quantus Insights,859,Quantus Insights,,,Nonprobability Panel,,US,7/14/25,7/16/25,,,,eea6e3a4-d983-44a5-93c5-a87ff99e68d5,1000,rv,,rv,,7/17/25 16:18,,https://quantusinsights.org/f/quantus-insights-survey-what-julys-numbers-tell-us,,,,,,,Donald Trump,,48,50,2
00615309-e2bb-4eb5-a202-c7a58193fb7c,daec1c64-6ced-4bd1-992a-bf7e95b32f74,Quinnipiac University,,,Quinnipiac University,267,Quinnipiac University,,,Live Phone,,US,7/10/25,7/14/25,,,,c613bd4f-6131-45e9-9aef-67c0ae44e3f5,1290,rv,,rv,,7/17/25 9:56,,https://poll.qu.edu/poll-release?releaseid=3928,,,,,,,Donald Trump,,40,54,6
b6a1eb6c-adf6-4990-81d0-93860e494358,3be4d123-848b-430a-8168-689af60cefa2,CNN/SSRS,,,CNN/SSRS,844,CNN,,,Probability Panel,,US,7/10/25,7/13/25,,,,79057b27-a5be-4803-9952-cb1184a8a5dd,1057,a,,a,,7/17/25 9:56,,https://s3.documentcloud.org/documents/25999223/cnn-poll-conducted-by-ssrs-trump-approval-policy-and-budget-bill.pdf,,,,,,,Donald Trump,,42,58,0
b6a1eb6c-adf6-4990-81d0-93860e494358,3be4d123-848b-430a-8168-689af60cefa2,CNN/SSRS,,,CNN/SSRS,844,CNN,,,Probability Panel,,US,7/10/25,7/13/25,,,,f2e7a510-74ac-4f91-973c-f5a2ce7b0568,,rv,,rv,,7/17/25 9:56,,https://s3.documentcloud.org/documents/25999223/cnn-poll-conducted-by-ssrs-trump-approval-policy-and-budget-bill.pdf,,,,,,,Donald Trump,,44,56,0
606de1db-2cef-4b4f-a8fd-85b870ea7ae4,312f97da-ebc5-446e-8856-cdded6ea1251,Big Data Poll,b519a86f-dbb8-46a2-8215-6abb6f6f389d,Public Polling Project,Big Data Poll,251,Big Data Poll,,,Nonprobability Panel,,US,7/12/25,7/14/25,,,,1823b338-7c5a-45fb-8843-d212081469e5,3022,rv,,rv,,7/17/25 9:54,,https://www.bigdatapoll.com/blog/poll-trump-approval-turns-slightly-negative-in-july/,,,,,,,Donald Trump,,48.3,48.7,
429f4b52-51cc-4362-83cd-1b20d34d3588,a6ab99b0-9d30-4a77-bbe7-03c9a3566a22,Ipsos,3dc40107-581b-4428-94a4-00d603640476,Reuters,Ipsos,154,Ipsos,,,,,US,7/15/25,7/16/25,,,,cc80e647-a7d7-4f5a-b0bf-6093791e4038,1027,a,,a,,7/17/25 9:22,,https://www.reuters.com/data/trumps-approval-rating-2025-01-21/,,,,,,,Donald Trump,,41,54,
a2b3ac74-2c80-4b9c-8db7-84db69a9d561,bd24b786-354a-4dae-8616-a5a888d550e4,AP-NORC,,,AP-NORC,397,AP-NORC,,,Probability Panel,,US,7/10/25,7/14/25,,,,64c1f7ef-6e82-4c12-be3f-0d2fe54cff17,1437,a,,a,,7/17/25 9:18,,https://apnorc.org/projects/people-are-more-likely-to-say-trumps-policies-have-hurt-them-than-helped-them/,,,,,,,Donald Trump,,40,58,1
6a1bea64-1684-4156-8f0d-1e8a22bf96dc,59ef5d62-c6ba-41a3-b2cd-24b8543e62b9,YouGov,146144a2-08d6-4c6b-b912-f067ed647252,Economist,YouGov,391,YouGov,,,Nonprobability Panel,,US,7/11/25,7/14/25,,,,474f4ce0-0838-40db-b67e-9c10996b3bc0,1506,rv,,rv,,7/15/25 9:18,,https://d3nkl3psvxxpe9.cloudfront.net/documents/econTabReport_fFL8Pon.pdf,,,,,,,Donald Trump,,43,54,3
6a1bea64-1684-4156-8f0d-1e8a22bf96dc,59ef5d62-c6ba-41a3-b2cd-24b8543e62b9,YouGov,146144a2-08d6-4c6b-b912-f067ed647252,Economist,YouGov,391,YouGov,,,Nonprobability Panel,,US,7/11/25,7/14/25,,,,aed0f6c5-055f-4db9-92b4-674b0ba1f08d,1680,a,,a,,7/15/25 9:18,,https://d3nkl3psvxxpe9.cloudfront.net/documents/econTabReport_fFL8Pon.pdf,,,,,,,Donald Trump,,41,55,4
e2803c23-e1c7-4579-9f9c-e054c7ccba76,932da08a-7f8a-48e3-a92a-c443c039fbd1,Echelon Insights,,,Echelon Insights,407,Echelon Insights,,,Nonprobability Panel,,US,7/10/25,7/14/25,,,,24fed5e6-24e4-4a4e-9c89-f80ec8c28b61,1084,lv,,lv,,7/14/25 16:20,,https://echeloninsights.com/in-the-news/july-2025-verified-voter-omnibus-2-2-2-2-2-2-2/,,,,,,,Donald Trump,,45,53,2
3cd9dd20-035c-459f-888e-cd1faf0f7eb7,4bc528cc-f55c-4f8b-8c90-adfe09f46c76,Morning Consult,,,Morning Consult,218,Morning Consult,,,Nonprobability Panel,,US,7/11/25,7/13/25,,,,9f745e36-c092-42aa-8dd3-040d1d6292cc,2201,rv,,rv,,7/14/25 16:19,,https://pro.morningconsult.com/trackers/donald-trump-congress-policy-republicans-polling,,,,,,,Donald Trump,,47.48,50.08,2.44
e8329962-ad58-4f04-8440-7202bf8362fb,59ef5d62-c6ba-41a3-b2cd-24b8543e62b9,YouGov,,,YouGov,391,YouGov,,,Nonprobability Panel,,US,7/9/25,7/13/25,,,,67e30908-4c21-4d8a-8d35-7735790c8205,2104,a,,a,,7/14/25 10:07,,https://d3nkl3psvxxpe9.cloudfront.net/documents/Trump_Issue_Handling_poll_results.pdf,,,,,,,Donald Trump,,39,56,4
660aa6cf-c25c-4d92-8918-de608747eb42,e006101f-7fff-4657-a2e9-19e3032386a2,HarrisX/Harris Poll,2659a402-6df7-481c-accb-d06e645828f8,Harvard CAPS,HarrisX/Harris Poll,133,Harris Insights & Analytics,,,Nonprobability Panel,,US,7/6/25,7/8/25,,,,085d5b13-8669-4b7c-a0e0-9fcb8309b139,2044,rv,,rv,,7/14/25 9:56,,https://harvardharrispoll.com/wp-content/uploads/2025/07/HHP_July2025_Topline.pdf,,,,,,,Donald Trump,,47,49,4
9ebb316d-8724-4798-af57-ec8dd56d9ad6,ae31ea8f-0d54-476d-ab98-61b258a0a986,RMG Research,62ca8b2a-418d-46f9-8c64-1f4a14ba3a80,Napolitan News Service,RMG Research,555,RMG Research,,,Nonprobability Panel,,US,6/30/25,7/10/25,,,,0fdbada8-92f0-4392-a32c-737c8daf1ce4,3000,rv,,rv,,7/13/25 20:53,,https://napolitannews.org/assets/pdfs/6871266324c5a-gcm25-0709-toplines-trump-job-approval.pdf,,,,,,,Donald Trump,,50,47,3
da542984-03d1-4537-a4d4-b3601c2745a8,ddf2f9e6-9c91-43ea-9952-d6b2966becbe,The Winston Group,0b58e143-3d5c-4189-b128-1ad8b3c57fc9,Winning the Issues,The Winston Group,385,,,,,,US,6/12/25,6/14/25,,,,93b1d3f5-b602-40f6-8dd9-4c97ba5cf398,1000,rv,,rv,,7/13/25 20:51,,https://www.winningtheissues.org/wp-content/uploads/2025/07/Winning-the-Issues-June-2025-National-Survey.pdf,,,,,,REP,Donald Trump,,41,52,7
7f5287b5-388b-468a-8a87-8dd238c35a01,ddf2f9e6-9c91-43ea-9952-d6b2966becbe,The Winston Group,0b58e143-3d5c-4189-b128-1ad8b3c57fc9,Winning the Issues,The Winston Group,385,,,,,,US,4/8/25,4/10/25,,,,cfd85d10-28c2-4e6b-a970-94560a32c60c,1000,rv,,rv,,7/13/25 20:51,,https://www.winningtheissues.org/wp-content/uploads/2025/07/Winning-the-Issues-April-2025-National-Survey.pdf,,,,,,REP,Donald Trump,,39,54,8
628ac12f-fafc-40a0-8507-1f7ff2ba3925,4005500f-d064-432d-bd67-f9da8c6de64b,A2 Insights,,,A2 Insights,,,,,Nonprobability Panel,,US,7/7/25,7/10/25,,,,3b0e983b-4027-4b5a-9e64-8b8288485d75,862,rv,,rv,,7/11/25 11:51,,https://drive.google.com/file/d/1rWAD3mtcrfDv02JzCYf9LLJmRebMkq85/view,,,,,,,Donald Trump,,46.7,52.7,0.6
f1035091-6003-437c-a0e1-9f61d068e122,4bc528cc-f55c-4f8b-8c90-adfe09f46c76,Morning Consult,,,Morning Consult,218,Morning Consult,,,Nonprobability Panel,,US,7/4/25,7/10/25,,,,eb326b50-42bd-4614-b07b-dd401d28de15,,a,,a,,7/11/25 10:34,,https://pro.morningconsult.com/trackers/global-leader-approval,,,,,,,Donald Trump,,44,50.1,5.9
d2b2868a-f5cf-430c-92b2-385f8d608cc4,59ef5d62-c6ba-41a3-b2cd-24b8543e62b9,YouGov,146144a2-08d6-4c6b-b912-f067ed647252,Economist,YouGov,391,YouGov,,,Nonprobability Panel,,US,7/4/25,7/7/25,,,,bfdfc51b-2678-4fd2-a941-19af2b339c4b,1528,a,,a,,7/8/25 9:23,,https://d3nkl3psvxxpe9.cloudfront.net/documents/econTabReport_haeOEK5.pdf,,,,,,,Donald Trump,,42,53,5
d2b2868a-f5cf-430c-92b2-385f8d608cc4,59ef5d62-c6ba-41a3-b2cd-24b8543e62b9,YouGov,146144a2-08d6-4c6b-b912-f067ed647252,Economist,YouGov,391,YouGov,,,Nonprobability Panel,,US,7/4/25,7/7/25,,,,ca3cc473-03df-491a-8b5d-da06262256a8,1389,rv,,rv,,7/8/25 9:23,,https://d3nkl3psvxxpe9.cloudfront.net/documents/econTabReport_haeOEK5.pdf,,,,,,,Donald Trump,,43,54,3
06387e46-f1ef-4acc-acbb-efcdd09334c1,4bc528cc-f55c-4f8b-8c90-adfe09f46c76,Morning Consult,,,Morning Consult,218,Morning Consult,,,Nonprobability Panel,,US,7/3/25,7/6/25,,,,bd4a1960-852e-4e78-b716-676789f1701d,2203,rv,,rv,,7/8/25 9:04,,https://pro.morningconsult.com/trackers/donald-trump-congress-policy-republicans-polling,,,,,,,Donald Trump,,45,52.06,2.94
d7369130-bb47-458b-9b8b-1b4d4dd4822c,642c8e51-c965-4a1b-b10d-1614d73cb18d,Quantus Insights,5fe9f56e-506d-49fe-acac-9894f9314a43,TrendingPolitics,Quantus Insights,859,Quantus Insights,,,Nonprobability Panel,,US,6/30/25,7/2/25,,,,fa11e597-df7c-4192-b45a-298c106ed773,1000,rv,,rv,,7/3/25 9:19,,https://drive.google.com/file/d/1R4pZVo0ZnrQyElZQzdNtt7CQ1zwTypuS/view,,,,,,REP,Donald Trump,,47,49,4
d29d74c8-8bb3-4747-ad13-6873afb0ef7b,59ef5d62-c6ba-41a3-b2cd-24b8543e62b9,YouGov,a0d244bb-0767-423d-ac9f-154189544a48,Yahoo News,YouGov,391,YouGov,,,,,US,6/26/25,6/30/25,,,,5906bfb8-6e76-41b9-baeb-11d4b2434cb2,1597,a,,a,,7/3/25 9:14,,https://www.scribd.com/document/883118567/20250701-Yahoo-News-You-Gov-Iran-Tabs,,,,,,,Donald Trump,,40,56,3
d29d74c8-8bb3-4747-ad13-6873afb0ef7b,59ef5d62-c6ba-41a3-b2cd-24b8543e62b9,YouGov,a0d244bb-0767-423d-ac9f-154189544a48,Yahoo News,YouGov,391,YouGov,,,,,US,6/26/25,6/30/25,,,,d6cf9d7c-ffc2-4897-9bb4-17e4653c0766,1074,rv,,rv,,7/3/25 9:14,,https://www.scribd.com/document/883118567/20250701-Yahoo-News-You-Gov-Iran-Tabs,,,,,,,Donald Trump,,45,54,2
5d3b0faa-bfbb-46fe-9dcb-0d296e4e86a5,e2e08257-41fa-4956-ba29-b83cf7163c09,ActiVote,,,ActiVote,721,ActiVote,,,App Panel,,US,6/1/25,6/30/25,,,,df085eb7-b3fd-4f6e-afa2-cd50572f31e0,523,rv,,rv,,7/2/25 10:39,,https://www.activote.net/slight-decline-in-trumps-approval-ratings/,,,,,,,Donald Trump,,44.5,51.5,4
1200300d-7422-485d-baae-eb9967460c3f,7e648c0c-a715-4d5c-bc28-93c71899af71,Targoz Market Research,ac0b5dff-9af6-4dfc-aedb-05bb3b55ec86,Overton Insights,Targoz Market Research,454,Targoz Market Research,,,,,US,6/23/25,6/26/25,,,,906d3d68-ea59-4bdd-a20f-4c90f6e563eb,1200,rv,,rv,,7/2/25 10:38,,https://overtoninsights.com/wp-content/uploads/2025/07/July-2025-Poll.pdf,,,,,,,Donald Trump,,43,54,3
6fa2b3db-0735-47a7-9036-ff25e635349a,72908461-a4cf-42da-9ef4-f4299cc7b9d8,Navigator Research,,,Navigator Research,413,Global Strategy Group/GBAO (Navigator Research),,,Nonprobability Panel,,US,6/26/25,6/30/25,,,,87a0c38d-4c01-4d5e-90d5-1bf70cfa02d9,1375,a,,a,,7/1/25 13:48,,https://navigatorresearch.org/wp-content/uploads/2025/07/Navigator-Topline-F06.30.25.pdf?emci=ce8cac3e-8956-f011-8f7c-6045bdfe8e9c&emdi=88836e6f-9456-f011-8f7c-6045bdfe8e9c&ceid=1590570,,,,,,,Donald Trump,,45,53,3
d6071d74-28d5-499f-8d85-df8da3355ac7,ae31ea8f-0d54-476d-ab98-61b258a0a986,RMG Research,62ca8b2a-418d-46f9-8c64-1f4a14ba3a80,Napolitan News Service,RMG Research,555,RMG Research,,,,,US,6/18/25,6/26/25,,,,ed8e1bc5-cf9e-4a3e-bc00-93602d38de9c,3000,rv,,rv,,7/1/25 11:35,,https://napolitannews.org/assets/pdfs/685eb0c6b6b2d-gcm25-0625-toplines-trump-job-approval.pdf,,,,,,,Donald Trump,,51,47,2
19803bb3-21cc-4748-9272-f16b5542b7a9,9268c8ab-c57b-43d1-8541-c6047caab802,John Zogby Strategies,,,John Zogby Strategies,583,John Zogby Strategies,,,,,US,6/24/25,6/25/25,,,,f511b808-a8b3-43b1-8d41-03142df9636e,1006,lv,,lv,,7/1/25 11:34,,https://johnzogbystrategies.com/brand-new-iran-polling-06-26-25/,,,,,,,Donald Trump,,45,53,
10f55303-d2b4-4e82-9c23-d622eebe9031,a8db55ca-987d-4afd-83dc-e3f5f077682a,Marist University,"5da73c82-ac8b-4f47-b3a3-0739b4ebf473,2404c1ad-3f79-4130-a46c-9a3a63a1b6d9",NPR | PBS News,Marist University,183,Marist College,,,Nonprobability Panel/Text-to-Web,,US,6/23/25,6/25/25,,,,153ebf49-fee7-4222-98cf-a0a8bfca23aa,1381,a,,a,,7/1/25 11:33,,https://maristpoll.marist.edu/polls/u-s-attacks-on-iran-july-2025/,,,,,,,Donald Trump,,43,52,5
10f55303-d2b4-4e82-9c23-d622eebe9031,a8db55ca-987d-4afd-83dc-e3f5f077682a,Marist University,"5da73c82-ac8b-4f47-b3a3-0739b4ebf473,2404c1ad-3f79-4130-a46c-9a3a63a1b6d9",NPR | PBS News,Marist University,183,Marist College,,,Nonprobability Panel/Text-to-Web,,US,6/23/25,6/25/25,,,,d5089e35-3904-4a36-a83e-ccb9e1e6169e,1206,rv,,rv,,7/1/25 11:33,,https://maristpoll.marist.edu/polls/u-s-attacks-on-iran-july-2025/,,,,,,,Donald Trump,,44,53,4
54b3e3f4-002f-4529-a4b8-e9da8e3c8a9a,59ef5d62-c6ba-41a3-b2cd-24b8543e62b9,YouGov,146144a2-08d6-4c6b-b912-f067ed647252,Economist,YouGov,391,YouGov,,,,,US,6/27/25,6/30/25,,,,7af6333c-6372-4cba-b712-a039c0c55e7c,1648,a,,a,,7/1/25 11:30,,https://d3nkl3psvxxpe9.cloudfront.net/documents/econTabReport_B1ETIg8.pdf,,,,,,,Donald Trump,,42,53,4
54b3e3f4-002f-4529-a4b8-e9da8e3c8a9a,59ef5d62-c6ba-41a3-b2cd-24b8543e62b9,YouGov,146144a2-08d6-4c6b-b912-f067ed647252,Economist,YouGov,391,YouGov,,,,,US,6/27/25,6/30/25,,,,9fb2d62c-11b6-4d5e-bfb4-0af7e84e1866,1491,rv,,rv,,7/1/25 11:30,,https://d3nkl3psvxxpe9.cloudfront.net/documents/econTabReport_B1ETIg8.pdf,,,,,,,Donald Trump,,45,53,2
ff2fa410-aa06-4831-9779-931ced33480f,b0b42ed9-f490-419e-942f-af97e2cda604,TIPP Insights,e675f835-fdcd-4e92-b5ae-fc65092da4b7,Issues & Insights,TIPP Insights,144,TIPP Insights,,,Nonprobability Panel,,US,6/25/25,6/27/25,,,,26b50d08-b901-4238-95bd-38f3fc3df36b,1421,a,,a,,6/30/25 16:40,,https://issuesinsights.com/2025/06/30/trump-clings-to-solid-ratings-for-leadership-despite-dems-ongoing-negative-views-ii-tipp-poll/,,,,,,,Donald Trump,,44,45,11
35370700-3904-4849-8c52-a5cc0abfe5fc,4bc528cc-f55c-4f8b-8c90-adfe09f46c76,Morning Consult,,,Morning Consult,218,Morning Consult,,,Nonprobability Panel,,US,6/27/25,6/29/25,,,,3be2bc59-93bb-470b-bcd8-9bc1fbe53ebb,2202,rv,,rv,,6/30/25 16:27,,https://pro.morningconsult.com/trackers/donald-trump-congress-policy-republicans-polling,,,,,,,Donald Trump,,47.1,50.39,2.51
d7889a29-8b6d-48f5-a378-5c63830fcde8,caeca03c-4022-40de-a5fc-316c43ac3160,The Tyson Group,,,The Tyson Group,334,The Tyson Group,,,Nonprobability Panel,,US,6/25/25,6/26/25,,,,7b9b8e66-469b-4f38-8143-0697849a084e,1027,a,,a,,6/27/25 10:02,,https://tysongroup.co/wp-content/uploads/2025/06/June-2025-Issue-Survey.pdf,,,,,,,Donald Trump,,45,51,3
f881b32a-f37b-4ed7-b80c-c54bf3779309,7485e3b7-8959-43d7-985f-95417076d068,Emerson College,,,Emerson College,88,Emerson College,,,Text-to-Web/Nonprobability Panel,,US,6/24/25,6/25/25,,,,80b15bb0-4881-427d-adcf-64f8cad54938,1000,rv,,rv,,6/27/25 8:42,,https://emersoncollegepolling.com/june-national-poll/,,,,,,,Donald Trump,,44.9,46.3,8.8
b815f3cc-372a-4c1f-bc38-d3f734e8c238,642c8e51-c965-4a1b-b10d-1614d73cb18d,Quantus Insights,5fe9f56e-506d-49fe-acac-9894f9314a43,TrendingPolitics,Quantus Insights,859,Quantus Insights,,,,,US,6/23/25,6/25/25,,,,7ab79a90-4512-45d5-b603-77a56df21a37,1000,rv,,rv,,6/26/25 15:41,,https://drive.google.com/file/d/1OB9TZ9n-zf0jiaCUXhiz7KMx4O00Ejje/view,,,,,,REP,Donald Trump,,47,50,3
8cc9060c-f621-4754-b59d-179c7cb2efa5,daec1c64-6ced-4bd1-992a-bf7e95b32f74,Quinnipiac University,,,Quinnipiac University,267,Quinnipiac University,,,,,US,6/22/25,6/24/25,,,,b683a997-e19a-4762-9cfe-702ca579c658,979,rv,,rv,,6/26/25 15:31,,https://poll.qu.edu/poll-release?releaseid=3926,,,,,,,Donald Trump,,41,54,5
8c336a0e-e2b3-4828-bef4-3ebc043dfedf,9e2efe56-2b05-419d-b512-7005547b47cb,American Pulse Research & Polling,,,American Pulse Research & Polling,836,American Pulse Research & Polling,,,,,US,6/23/25,6/25/25,,,,eeffbde8-3665-4ff5-970e-425fe307ed6b,633,rv,,rv,,6/26/25 12:04,,https://s3.amazonaws.com/kajabi-storefronts-production/file-uploads/sites/24373/themes/2158162839/downloads/21cb32-c88-2208-3bd4-047cb00ebdd_250626_American_Pulse_-_Iran_the_Middle_East_Survey_-_Topline_Report.pdf,,,,,,,Donald Trump,,49.7,48.9,1.5
9c5818c5-925b-4de7-84f9-b349f9bf9e98,a6ab99b0-9d30-4a77-bbe7-03c9a3566a22,Ipsos,3dc40107-581b-4428-94a4-00d603640476,Reuters,Ipsos,154,Ipsos,,,Probability Panel,,US,6/20/25,6/23/25,,,,bb23c197-5d3b-4aba-976e-e250cff60a72,1144,a,,a,,6/25/25 14:43,,https://www.ipsos.com/sites/default/files/Reuters%20Ipsos%20Core%20Political%20Presidential%20Approval%20Tracker%2006%2025%202025.pdf,,,,,,,Donald Trump,,41,54,
e044b35e-a731-4745-b990-db57411bc010,0e8d5118-1108-4fcf-ac49-0859271a4597,Gallup,,,Gallup,112,Gallup,,,Live Phone,,US,6/2/25,6/19/25,,,,c877eff2-00ef-4932-9c35-8ec9b599adc8,1000,a,,a,,6/24/25 11:54,,https://news.gallup.com/poll/692045/economic-confidence-slightly-improved-negative.aspx,,,,,,,Donald Trump,,40,57,3
0e12f6d1-4290-4c9d-a1d6-84de045d0a44,59ef5d62-c6ba-41a3-b2cd-24b8543e62b9,YouGov,146144a2-08d6-4c6b-b912-f067ed647252,Economist,YouGov,391,YouGov,,,Nonprobability Panel,,US,6/20/25,6/23/25,,,,1ef9ff6e-1a3e-48dd-a2ff-bbf4d38815d5,1455,rv,,rv,,6/24/25 9:21,,https://d3nkl3psvxxpe9.cloudfront.net/documents/econtoplines_fY58GXm.pdf,,,,,,,Donald Trump,,43,54,3
0e12f6d1-4290-4c9d-a1d6-84de045d0a44,59ef5d62-c6ba-41a3-b2cd-24b8543e62b9,YouGov,146144a2-08d6-4c6b-b912-f067ed647252,Economist,YouGov,391,YouGov,,,Nonprobability Panel,,US,6/20/25,6/23/25,,,,3ffed2f8-e3a8-48bc-99bf-0864677bf270,1590,a,,a,,6/24/25 9:21,,https://d3nkl3psvxxpe9.cloudfront.net/documents/econtoplines_fY58GXm.pdf,,,,,,,Donald Trump,,40,54,6
7b3f9ccd-6660-46b9-aaee-8f546da73018,530091d3-1f98-43b8-8b9f-4a2bff415234,The Bullfinch Group,d1e768d2-06cd-426c-9f2d-1e3d02154fea,Exiled Policy,The Bullfinch Group,692,The Bullfinch Group,,,Nonprobability Panel,,US,6/17/25,6/20/25,,,,2239e7f5-8ebd-495a-bc41-769fc05cbb1d,1006,rv,,rv,,6/24/25 0:42,,https://www.exiledpolicy.com/p/poll-voters-disapprove-of-congress,,,,,,,Donald Trump,,43,54,3
7b3f9ccd-6660-46b9-aaee-8f546da73018,530091d3-1f98-43b8-8b9f-4a2bff415234,The Bullfinch Group,d1e768d2-06cd-426c-9f2d-1e3d02154fea,Exiled Policy,The Bullfinch Group,692,The Bullfinch Group,,,Nonprobability Panel,,US,6/17/25,6/20/25,,,,4ab83b1c-8a4b-41fd-b68d-76b9c62a0bd3,1223,a,,a,,6/24/25 0:42,,https://www.exiledpolicy.com/p/poll-voters-disapprove-of-congress,,,,,,,Donald Trump,,41,54,5
6d0f4b90-5dbb-43ee-a2ae-d91dad2f5e9b,4bc528cc-f55c-4f8b-8c90-adfe09f46c76,Morning Consult,,,Morning Consult,218,Morning Consult,,,Nonprobability Panel,,US,6/20/25,6/22/25,,,,a1c45909-9011-4677-a160-472fb24d6fc3,2205,rv,,rv,,6/23/25 17:14,,https://pro.morningconsult.com/trackers/donald-trump-congress-policy-republicans-polling,,,,,,,Donald Trump,,45.04,52.74,2.23
b85c15cd-efa3-4905-b436-b3c577595c2d,a6ab99b0-9d30-4a77-bbe7-03c9a3566a22,Ipsos,3dc40107-581b-4428-94a4-00d603640476,Reuters,Ipsos,154,Ipsos,,,Probability Panel,,US,6/21/25,6/23/25,,,,bf21dd81-b5fd-48c5-b328-d27bb1236c6e,1139,rv,,rv,,6/23/25 14:53,,https://www.reuters.com/data/trumps-approval-rating-2025-01-21/,,,,,,,Donald Trump,,41,57,
5805ef9b-87ce-4b15-8139-3447461a8b82,ae3b5ee9-8be5-4f3b-b117-6abf33720e63,American Research Group,,,American Research Group,9,American Research Group,,,Live Phone,,US,6/17/25,6/20/25,,,,5e81e8ef-fd55-4f0f-836d-affc047c0fc9,,rv,,rv,,6/23/25 11:00,,https://americanresearchgroup.com/,,,,,,,Donald Trump,,38,59,
5805ef9b-87ce-4b15-8139-3447461a8b82,ae3b5ee9-8be5-4f3b-b117-6abf33720e63,American Research Group,,,American Research Group,9,American Research Group,,,Live Phone,,US,6/17/25,6/20/25,,,,e15a9b58-401a-4fae-8a4f-b5c3f10b09a5,1100,a,,a,,6/23/25 11:00,,https://americanresearchgroup.com/,,,,,,,Donald Trump,,38,59,3
20890b89-e492-4854-960c-f62dd6741b27,b616c2cc-cb2e-4394-9d34-8ee9a1b530d2,McLaughlin & Associates,5c16bad7-274a-460e-9133-08e706a9b92e,America's New Majority Project,McLaughlin & Associates,203,McLaughlin & Associates,,,,,US,6/12/25,6/15/25,,,,3c208da0-d79e-4341-9a1d-25c12ff6ecc0,1637,lv,,lv,,6/23/25 9:42,,https://americasnewmajorityproject.com/how-to-talk-about-taxes-and-the-budget-bill-what-voters-respond-to-best/,,,,,,REP,Donald Trump,,48.2,51.9,0
20890b89-e492-4854-960c-f62dd6741b27,b616c2cc-cb2e-4394-9d34-8ee9a1b530d2,McLaughlin & Associates,5c16bad7-274a-460e-9133-08e706a9b92e,America's New Majority Project,McLaughlin & Associates,203,McLaughlin & Associates,,,,,US,6/12/25,6/15/25,,,,6d080dc3-853f-4243-8703-df5bdad9dd48,2000,rv,,rv,,6/23/25 9:42,,https://americasnewmajorityproject.com/how-to-talk-about-taxes-and-the-budget-bill-what-voters-respond-to-best/,,,,,,REP,Donald Trump,,46.6,53.4,0
b3555325-54b7-4360-9904-a72930efb7b4,9a75302d-c3be-4e86-ac7b-c6a6a2a52ac3,Trafalgar Group,,,Trafalgar Group,338,Trafalgar Group,,,,,US,6/18/25,6/20/25,,,,075621ca-8308-4df3-a62c-a2e5a733f4bf,1085,lv,,lv,,6/21/25 21:20,,https://www.thetrafalgargroup.org/news/trump-approval-0621/,,,,,,REP,Donald Trump,,54.4,44.5,1.1
ca3c1358-8b7c-4c7e-a510-0da05566f117,ae31ea8f-0d54-476d-ab98-61b258a0a986,RMG Research,62ca8b2a-418d-46f9-8c64-1f4a14ba3a80,Napolitan News Service,RMG Research,555,RMG Research,,,Nonprobability Panel,,US,6/11/25,6/19/25,,,,7a6df7fa-5a81-4e46-96a8-e46a33ad0d1c,3000,rv,,rv,,6/20/25 16:57,,https://napolitannews.org/assets/pdfs/68557ae148a4c-gcm25-0618-toplines-trump-job-approval-and-most-important-issues.pdf,,,,,,,Donald Trump,,53,46,1
7f93f144-edb2-4b4f-90aa-2d97ac5c0820,4da0e617-fda4-4c29-a2c0-1055e6af4eaf,Beacon Research/Shaw & Company Research,d380c59c-d59c-465b-90a9-cb0f2d14e4f0,Fox News,Beacon Research/Shaw & Company Research,103,Beacon Research/Shaw & Co. Research,,,Live Phone/Text-to-Web,,US,6/13/25,6/16/25,,,,8769bcac-cf89-4c71-a73f-d50591fc7699,1003,rv,,rv,,6/18/25 18:22,,https://www.foxnews.com/politics/fox-news-poll-voters-think-iran-poses-real-threat-u-s-security-split-israels-strikes,,,,,,,Donald Trump,,46,54,0
615652ad-0836-4d1b-be84-ff3d551556b0,2df67459-2691-479a-8c87-f98549fe2429,J.L. Partners,,,J.L. Partners,619,J.L. Partners,,,,,US,6/16/25,6/17/25,,,,8297da20-de68-4277-a127-702e40d1be77,1039,rv,,rv,,6/18/25 18:05,,https://jlpartners.com/israeliran,,,,,,,Donald Trump,,46,51,4
3282b6ce-3ef0-4540-ae4a-3bd3960cc896,932da08a-7f8a-48e3-a92a-c443c039fbd1,Echelon Insights,,,Echelon Insights,407,Echelon Insights,,,Nonprobability Panel,,US,6/17/25,6/18/25,,,,e4a10235-a139-47d8-9f85-682279a59218,1002,lv,,lv,,6/18/25 18:03,,https://echelonin.wpenginepowered.com/wp-content/uploads/June-2025-Middle-East-Update.pdf,,,,,,,Donald Trump,,48,52,1
bbcfde47-c856-485b-b94e-835f78fd0045,e2cc75c0-2978-4a80-a25a-6170419fa6fe,HarrisX,9ceb70bb-704e-45d3-91ce-431088a02f9f,Deseret News,HarrisX,133,Harris Insights & Analytics,,,Nonprobability Panel,,US,2/14/25,2/15/25,,,,47d737bb-8b3b-42bc-bc47-c9afcdbb8b15,1009,rv,,rv,,6/18/25 14:44,,https://www.harrisx.com/content/deseret-news-harrisx-overnight-poll-executive-orders-and-immigration-february-2025,,,,,,,Donald Trump,,52,43,5
1a36aa4e-65be-41e2-b510-92ee97b5cb60,9824a356-03ef-4183-8d56-72de54a66fee,Clarity Campaign Labs,,,Clarity Campaign Labs,52,Clarity Campaign Labs,,,Nonprobability Panel,,US,6/5/25,6/14/25,,,,0044d1c3-4667-481c-b9b5-56f964ac3b07,1000,rv,,rv,,6/18/25 14:38,,https://static1.squarespace.com/static/61ae8d5e55be5c7314b4c83a/t/6852fc5a3ac4c05449fc450e/1750269023826/Clarity+Omnibus+Overview+-+June+2025+%5BPUBLIC%5D.pdf,,,,,,,Donald Trump,,47,50,3
0c8e30c2-60eb-43a0-b777-c2a96432e60e,adedfb3e-f4d9-4121-ae17-125b39b27da3,InsiderAdvantage,,,InsiderAdvantage,243,InsiderAdvantage,,,,,US,6/15/25,6/16/25,,,,b09aa04f-471d-4b62-9545-2b9730014c5b,1000,lv,,lv,,6/17/25 18:49,,https://insideradvantage.com/insideradvantage-national-survey-of-trump-job-performance-approve-54-disapprove-44-undecided-2/,,,,,,,Donald Trump,,54.4,44.1,1.5
fee019db-09ff-4fd9-a53d-deaeaad7641e,932da08a-7f8a-48e3-a92a-c443c039fbd1,Echelon Insights,,,Echelon Insights,407,Echelon Insights,,,Nonprobability Panel,,US,6/12/25,6/17/25,,,,eb7f9ee9-6a38-4db4-8b42-dd8db53474ad,982,lv,,lv,,6/17/25 18:48,,https://echelonin.wpenginepowered.com/wp-content/uploads/June-2025-Voter-Omnibus-Topline-EXTERNAL.pdf,,,,,,,Donald Trump,,45,53,3
f47b01da-dd50-4027-97a8-a90af658ecda,d7661595-0345-4bf2-b37b-f8fa234d783c,Pew Research Center,,,Pew Research Center,253,Pew Research Center,,,Probability Panel/Live Phone,,US,6/2/25,6/8/25,,,,a0c77c99-b1ed-4dda-9a1f-b25922013b51,5044,a,,a,,6/17/25 14:59,,https://www.pewresearch.org/politics/2025/06/17/americans-have-mixed-to-negative-views-of-trump-administration-immigration-actions/,,,,,,,Donald Trump,,41,58,
8435574e-9d87-4611-80b3-095cc5bf941c,59ef5d62-c6ba-41a3-b2cd-24b8543e62b9,YouGov,146144a2-08d6-4c6b-b912-f067ed647252,Economist,YouGov,391,YouGov,,,,,US,6/13/25,6/16/25,,,,1cc194e9-905f-4427-9e67-9c06d9e37d34,1351,rv,,rv,,6/17/25 10:18,,https://d3nkl3psvxxpe9.cloudfront.net/documents/econTabReport_CyorzxR.pdf,,,,,,,Donald Trump,,44,53,2
8435574e-9d87-4611-80b3-095cc5bf941c,59ef5d62-c6ba-41a3-b2cd-24b8543e62b9,YouGov,146144a2-08d6-4c6b-b912-f067ed647252,Economist,YouGov,391,YouGov,,,,,US,6/13/25,6/16/25,,,,7dbf6235-f452-4d13-83cd-5f6c4f46fd83,1512,a,,a,,6/17/25 10:18,,https://d3nkl3psvxxpe9.cloudfront.net/documents/econTabReport_CyorzxR.pdf,,,,,,,Donald Trump,,41,54,5
43ed44fb-4847-4ed4-b7d0-2a24061fdcc5,4bc528cc-f55c-4f8b-8c90-adfe09f46c76,Morning Consult,,,Morning Consult,218,Morning Consult,,,,,US,6/13/25,6/15/25,,,,83a2dce3-d8bd-4ce4-bfea-8dad5cff6774,2207,rv,,rv,,6/17/25 8:56,,https://pro.morningconsult.com/trackers/donald-trump-congress-policy-republicans-polling,,,,,,,Donald Trump,,46.28,52.21,1.69
12574fac-1fef-4ee5-811d-e4d4dfba48fa,a6ab99b0-9d30-4a77-bbe7-03c9a3566a22,Ipsos,3dc40107-581b-4428-94a4-00d603640476,Reuters,Ipsos,154,Ipsos,,,Probability Panel,,US,6/11/25,6/16/25,,,,0b7005e8-774a-43ae-81c1-04323fbe40d3,4258,a,,a,,6/16/25 18:51,,https://www.reuters.com/data/trumps-approval-rating-2025-01-21/,,,,,,,Donald Trump,,42,54,
fe5427d8-b722-4651-9158-55033d9e42ce,c429da10-5aa0-445e-9800-039c0a295b43,SurveyMonkey,4678387e-860f-4e2a-901e-183baf18cf83,NBC News Decision Desk,SurveyMonkey,324,SurveyMonkey,,,Nonprobability Panel,,US,5/30/25,6/10/25,,,,85b2205b-c08e-4996-b3c1-b1421558c3b2,19410,a,,a,,6/16/25 9:56,,https://s3.documentcloud.org/documents/25976104/nbc-news-decision-desk-poll-june-15-2025-topline.pdf,,,,,,,Donald Trump,,45,55,
bad8727e-adcf-4239-a8ea-20517139f4d0,d64047d4-d15f-4b8d-8d37-714001c5f4f5,Verasight,3b7bcad0-2c0d-43e6-a3fb-2f2c7a55b5bb,Strength In Numbers,Verasight,774,,,,,,US,6/6/25,6/12/25,,,,f4ecbcc3-5819-4030-b887-89d7412c3f0e,1500,a,,a,,6/16/25 9:55,,https://www.gelliottmorris.com/p/trump-approval-at-42-democrats-up,,,,,,,Donald Trump,,42,56,3
0911fead-944a-468e-a778-2d1bfdd3b05e,e006101f-7fff-4657-a2e9-19e3032386a2,HarrisX/Harris Poll,2659a402-6df7-481c-accb-d06e645828f8,Harvard CAPS,HarrisX/Harris Poll,133,Harris Insights & Analytics,,,Nonprobability Panel,,US,6/11/25,6/12/25,,,,b8bcc848-fb3e-4bb8-bade-f020d687ed0b,2097,rv,,rv,,6/16/25 9:52,,https://harvardharrispoll.com/wp-content/uploads/2025/06/HHP_June2025_KeyResults.pdf,,,,,,,Donald Trump,,46,50,4
7455ed82-c490-4025-bd5b-4da5a26012dd,b0b42ed9-f490-419e-942f-af97e2cda604,TIPP Insights,21b372b7-7437-4f00-b8fc-4b72a9950eef,League of American Workers,TIPP Insights,144,TIPP Insights,,,Nonprobability Panel,,US,6/9/25,6/11/25,,,,7fe517ce-14c7-4040-acec-43ff1c61ceba,1584,rv,,rv,,6/16/25 9:51,,https://tippinsights.com/league-of-american-workers-poll-june-2025/,,,,,,REP,Donald Trump,,43,50,7
56dff41a-2bdf-4a12-8ea0-e2588fb22fc8,ae31ea8f-0d54-476d-ab98-61b258a0a986,RMG Research,62ca8b2a-418d-46f9-8c64-1f4a14ba3a80,Napolitan News Service,RMG Research,555,RMG Research,,,Nonprobability Panel,,US,6/2/25,6/12/25,,,,72258ad9-fc90-47f4-866c-4554f6ce7f1a,3000,rv,,rv,,6/13/25 17:26,,https://napolitannews.org/assets/pdfs/684c8dbd3fd91-gcm25-0611-toplines-trump-job-approval.pdf,,,,,,,Donald Trump,,52,46,2
1615a3cf-c4cc-44d0-8582-d6869b6e90c8,642c8e51-c965-4a1b-b10d-1614d73cb18d,Quantus Insights,5fe9f56e-506d-49fe-acac-9894f9314a43,TrendingPolitics,Quantus Insights,859,Quantus Insights,,,Nonprobability Panel,,US,6/9/25,6/11/25,,,,7c90eb72-4415-4039-93a0-ca4f9d9f73d3,1000,rv,,rv,,6/12/25 16:19,,https://quantusinsights.org/f/quantus-insights-%E2%80%93-june-12-national-poll-summary,,,,,,REP,Donald Trump,,47.5,49.1,1.6
12b90357-e88e-4764-b7e2-3856c24d7b46,2df67459-2691-479a-8c87-f98549fe2429,J.L. Partners,8c7902c3-8b1a-4dc1-9388-2ee1974532bb,Newsmax,J.L. Partners,619,J.L. Partners,,,Nonprobability Panel,,US,6/10/25,6/11/25,,,,51b17b72-9337-4961-8c67-1452f4b3344f,1807,rv,,rv,,6/12/25 13:31,,https://jlpartners.com/la-unrest-polling-june-2025,,,,,,,Donald Trump,,42,46,11
279413be-1794-483e-81f4-616c7227d47c,72908461-a4cf-42da-9ef4-f4299cc7b9d8,Navigator Research,,,Navigator Research,413,Global Strategy Group/GBAO (Navigator Research),,,,,US,6/5/25,6/9/25,,,,d3f0d2a9-7040-4806-877e-52b0fd7737d8,1371,rv,,rv,,6/12/25 9:29,,https://navigatorresearch.org/wp-content/uploads/2025/06/Navigator-June-1-Topline-F06.09.26.pdf?emci=a9b05989-dd46-f011-8f7c-6045bdfe8e9c&emdi=4d359ee8-7147-f011-8f7c-6045bdfe8e9c&ceid=1590570,,,,,,,Donald Trump,,43,55,2
96ee7327-a617-49ab-b2a9-f6010753eb2c,bd24b786-354a-4dae-8616-a5a888d550e4,AP-NORC,,,AP-NORC,397,AP-NORC,,,Probability Panel,,US,6/5/25,6/9/25,,,,e8e9a599-f8dd-49cd-b7b1-5dbfd8f4070b,1158,a,,a,,6/12/25 9:18,,https://apnorc.org/projects/most-say-the-upcoming-military-parade-is-not-a-good-use-of-government-funds/,,,,,,,Donald Trump,,39,60,1
0a93f39c-3d68-4c7b-9b6c-35354ae6f6df,daec1c64-6ced-4bd1-992a-bf7e95b32f74,Quinnipiac University,,,Quinnipiac University,267,Quinnipiac University,,,Live Phone,,US,6/5/25,6/9/25,,,,fc2badc7-88f9-442d-8610-7ec6070cc87d,1265,rv,,rv,,6/11/25 14:00,,https://poll.qu.edu/poll-release?releaseid=3924,,,,,,,Donald Trump,,38,54,8
aa05bb68-4f2e-4a9e-adcc-5b792f6fe38e,2df67459-2691-479a-8c87-f98549fe2429,J.L. Partners,c3aee16d-168b-4940-9cd9-e599de894f92,DailyMail.com,J.L. Partners,619,J.L. Partners,,,Nonprobability Panel,,US,6/6/25,6/6/25,,,,655e902a-b8af-483e-a2a2-b936a169eddc,1006,rv,,rv,,6/10/25 16:34,,https://www.dailymail.co.uk/news/article-14794205/donald-trump-elon-musk-approval-poll.html#,,,,,,,Donald Trump,,43,49,6
1ff8de07-112d-456d-ad4e-25cc6ee012de,4bc528cc-f55c-4f8b-8c90-adfe09f46c76,Morning Consult,,,Morning Consult,218,Morning Consult,,,,,US,6/3/25,6/9/25,,,,0929fa3d-6ef2-4b90-b480-b2c7c6b5ac8f,,a,,a,,6/10/25 9:26,,https://pro.morningconsult.com/trackers/global-leader-approval,,,,,,,Donald Trump,,49.8,44.1,6.1
a9c654fb-21ae-4f9c-8c21-f908159cb710,59ef5d62-c6ba-41a3-b2cd-24b8543e62b9,YouGov,146144a2-08d6-4c6b-b912-f067ed647252,Economist,YouGov,391,YouGov,,,Nonprobability Panel,,US,6/6/25,6/9/25,,,,1b9e3c83-edd4-417b-9440-9390f260149d,1533,a,,a,,6/10/25 9:07,,https://d3nkl3psvxxpe9.cloudfront.net/documents/econTabReport_B2kkifF.pdf,,,,,,,Donald Trump,,43,52,5
a9c654fb-21ae-4f9c-8c21-f908159cb710,59ef5d62-c6ba-41a3-b2cd-24b8543e62b9,YouGov,146144a2-08d6-4c6b-b912-f067ed647252,Economist,YouGov,391,YouGov,,,Nonprobability Panel,,US,6/6/25,6/9/25,,,,89f7fe90-1347-4af3-93db-66b088b8cfe1,1397,rv,,rv,,6/10/25 9:07,,https://d3nkl3psvxxpe9.cloudfront.net/documents/econTabReport_B2kkifF.pdf,,,,,,,Donald Trump,,45,53,2
c2013cf9-5d51-4999-b505-0495108a8740,4bc528cc-f55c-4f8b-8c90-adfe09f46c76,Morning Consult,,,Morning Consult,218,Morning Consult,,,Nonprobability Panel,,US,6/6/25,6/8/25,,,,efd73060-3619-4665-af26-01444085744b,2204,rv,,rv,,6/9/25 17:38,,https://pro.morningconsult.com/trackers/donald-trump-congress-policy-republicans-polling,,,,,,,Donald Trump,,46.63,51.02,2.35
8bea9f61-4764-466a-8936-cb1a529f1f87,59ef5d62-c6ba-41a3-b2cd-24b8543e62b9,YouGov,ca805caf-4575-43dd-b894-c0de3467b2fb,CBS News,YouGov,391,YouGov,,,Nonprobability Panel,,US,6/4/25,6/6/25,,,,7b7ac6e6-314a-415d-9255-ade07043d3ec,2428,a,,a,,6/8/25 10:45,,https://www.cbsnews.com/news/deportation-immigration-opinion-poll/,,,,,,,Donald Trump,,45,55,
1a6228bc-5556-4203-a37f-4ca5ad3a04b1,ae31ea8f-0d54-476d-ab98-61b258a0a986,RMG Research,62ca8b2a-418d-46f9-8c64-1f4a14ba3a80,Napolitan News Service,RMG Research,555,RMG Research,,,,,US,5/27/25,6/3/25,,,,d20c9ac4-be07-47a8-971e-b9a61e050068,3000,rv,,rv,,6/6/25 15:26,,https://napolitannews.org/jobapptables,,,,,,,Donald Trump,,51,46,2
edb6e901-62a3-4c39-bc05-50c2039c933f,642c8e51-c965-4a1b-b10d-1614d73cb18d,Quantus Insights,5fe9f56e-506d-49fe-acac-9894f9314a43,TrendingPolitics,Quantus Insights,859,Quantus Insights,,,Text-to-Web/Nonprobability Panel,,US,6/1/25,6/4/25,,,,afa75d97-f161-4779-a8d5-9f94bd4f1b08,1000,rv,,rv,,6/5/25 12:22,,https://quantusinsights.org/f/quantus-insights-approval-poll-the-divide-holds,,,,,,REP,Donald Trump,,48.8,48.2,3
f79681af-035c-4301-ade3-e96e8a20465b,59ef5d62-c6ba-41a3-b2cd-24b8543e62b9,YouGov,146144a2-08d6-4c6b-b912-f067ed647252,Economist,YouGov,391,YouGov,,,Nonprobability Panel,,US,5/30/25,6/2/25,,,,2de90223-4dff-46f1-ae47-289b50adf80c,1436,rv,,rv,,6/3/25 9:38,,https://d3nkl3psvxxpe9.cloudfront.net/documents/econTabReport_MV984ah.pdf,,,,,,,Donald Trump,,46,51,2
f79681af-035c-4301-ade3-e96e8a20465b,59ef5d62-c6ba-41a3-b2cd-24b8543e62b9,YouGov,146144a2-08d6-4c6b-b912-f067ed647252,Economist,YouGov,391,YouGov,,,Nonprobability Panel,,US,5/30/25,6/2/25,,,,9461e851-50b3-4a70-ada9-f4ca25926b02,1610,a,,a,,6/3/25 9:38,,https://d3nkl3psvxxpe9.cloudfront.net/documents/econTabReport_MV984ah.pdf,,,,,,,Donald Trump,,45,49,6
0200d2d6-248c-444d-906a-08268eb94ec3,b3a9562d-1bc0-4190-a4e1-05594bfcc91d,Fabrizio Ward,dbb57f54-851f-4d18-81ea-1868be5756ac,Pinpoint Policy Institute,Fabrizio Ward,90,"Fabrizio, Lee & Associates",,,,,US,5/15/25,5/19/25,,,,c6818411-89e7-4b8e-baa8-c6c0336fa283,800,rv,,rv,,6/3/25 8:50,,https://pinpointpolicyinstitute.org/wp-content/uploads/2025/06/National-Spring-Quarterly-Tracking-Memo-6-2-25-1.pdf,,,,,,,Donald Trump,,46,49,5
1bcfa4fa-ac63-4b64-add5-f941e61b40e6,9a75302d-c3be-4e86-ac7b-c6a6a2a52ac3,Trafalgar Group,,,Trafalgar Group,338,Trafalgar Group,,,,,US,5/30/25,6/1/25,,,,10695416-475b-4964-b26a-91a49a63c77d,1098,lv,,lv,,6/3/25 8:49,,https://www.thetrafalgargroup.org/wp-content/uploads/2025/06/Trump-Approval-Report-060225.pdf,,,,,,REP,Donald Trump,,53.7,45.6,0.7
22c78b5c-2451-40b5-b423-b9c8f3464306,4bc528cc-f55c-4f8b-8c90-adfe09f46c76,Morning Consult,,,Morning Consult,218,Morning Consult,,,Nonprobability Panel,,US,5/30/25,6/2/25,,,,fac3cb21-410b-48ad-aef7-566ffab0a30a,2205,rv,,rv,,6/3/25 8:48,,https://pro.morningconsult.com/trackers/donald-trump-congress-policy-republicans-polling,,,,,,,Donald Trump,,46.25,50.81,2.93
920dee7b-e64a-4189-b4c7-f9de8beaf6a9,9268c8ab-c57b-43d1-8541-c6047caab802,John Zogby Strategies,,,John Zogby Strategies,583,John Zogby Strategies,,,Nonprobability Panel,,US,5/28/25,5/29/25,,,,c183dda2-9b02-4db3-8fcd-6421227a7e33,1000,lv,,lv,,6/2/25 16:12,,https://gem.godaddy.com/p/705f9c1?pact=1648628-187263371-14986436308-15aa2e152f7759dcbaba0087b9b496989ef2b3c3&twitter_share=true#,,,,,,,Donald Trump,,48,49,3
129568cf-86cf-42c3-ae6e-ea116a6895c0,b0b42ed9-f490-419e-942f-af97e2cda604,TIPP Insights,e675f835-fdcd-4e92-b5ae-fc65092da4b7,Issues & Insights,TIPP Insights,144,TIPP Insights,,,,,US,5/28/25,5/30/25,,,,ed87c452-6981-4b0c-974e-4cbefa17ccd6,1395,a,,a,,6/2/25 9:53,,https://issuesinsights.com/2025/06/02/trumps-ratings-edge-higher-as-good-news-eclipses-negative-media-coverage-ibd-tipp-poll/,,,,,,,Donald Trump,,43,45,12
7061f516-ee6d-47f6-a255-2d5455171393,e2e08257-41fa-4956-ba29-b83cf7163c09,ActiVote,,,ActiVote,721,ActiVote,,,App Panel,,US,5/1/25,5/31/25,,,,af907477-19d9-44cd-a6a2-edb376d6f77b,488,rv,,rv,,6/2/25 9:10,,https://www.activote.net/trumps-approval-on-the-rise/,,,,,,,Donald Trump,,46.3,50.2,3.5
33f098f7-67b3-4cae-9ff9-7a50c218f470,6af9e17b-94e6-497a-bbe7-4cad3f67fd36,AtlasIntel,,,AtlasIntel,546,AtlasIntel,,,Nonprobability Panel,,US,5/21/25,5/27/25,,,,a9bc1dd9-b3a5-4fb4-925e-51c115686b1f,3469,a,,a,,5/30/25 14:00,,https://www.atlasintel.org/poll/usa-national-2025-05-30,,,,,,,Donald Trump,,44.5,54.4,1.1
5ae12e87-491f-4d0c-acef-6f082e79d20d,ae31ea8f-0d54-476d-ab98-61b258a0a986,RMG Research,62ca8b2a-418d-46f9-8c64-1f4a14ba3a80,Napolitan News Service,RMG Research,555,RMG Research,,,Nonprobability Panel,,US,5/20/25,5/29/25,,,,22f4992b-7366-4046-9af5-4041b4cbf635,3000,rv,,rv,,5/30/25 11:19,,https://napolitannews.org/assets/pdfs/6839c74590fa0-gcm25-0528-toplines-trump-job-approal-and-most-important-issues.pdf,,,,,,,Donald Trump,,49,50,2
ed076321-64b9-4f19-aa25-f8f5e92187e2,59ef5d62-c6ba-41a3-b2cd-24b8543e62b9,YouGov,a0d244bb-0767-423d-ac9f-154189544a48,Yahoo News,YouGov,391,YouGov,,,Nonprobability Panel,,US,5/22/25,5/27/25,,,,11590e70-b4a9-4793-8fc2-c7bc2591121d,1560,a,,a,,5/28/25 16:44,,https://d3nkl3psvxxpe9.cloudfront.net/documents/combined_corruption_20250527.pdf,,,,,,,Donald Trump,,41,54,5
ed076321-64b9-4f19-aa25-f8f5e92187e2,59ef5d62-c6ba-41a3-b2cd-24b8543e62b9,YouGov,a0d244bb-0767-423d-ac9f-154189544a48,Yahoo News,YouGov,391,YouGov,,,Nonprobability Panel,,US,5/22/25,5/27/25,,,,a357cd72-b751-4159-9815-d99c0e72b657,1052,rv,,rv,,5/28/25 16:44,,https://d3nkl3psvxxpe9.cloudfront.net/documents/combined_corruption_20250527.pdf,,,,,,,Donald Trump,,45,53,2
74a23568-6ce9-4a48-bc04-1daaab05d927,4bc528cc-f55c-4f8b-8c90-adfe09f46c76,Morning Consult,,,Morning Consult,218,Morning Consult,,,Nonprobability Panel,,US,5/23/25,5/25/25,,,,40db3cd1-59e2-4a98-b1d8-ac7ccf6f830c,2237,rv,,rv,,5/27/25 21:34,,https://pro.morningconsult.com/trackers/donald-trump-congress-policy-republicans-polling,,,,,,,Donald Trump,,47.58,50.74,1.68
4aa80d36-2a0c-4c0a-80ad-6d83670729f5,59ef5d62-c6ba-41a3-b2cd-24b8543e62b9,YouGov,146144a2-08d6-4c6b-b912-f067ed647252,Economist,YouGov,391,YouGov,,,Nonprobability Panel,,US,5/23/25,5/26/25,,,,0f613423-aacc-474f-af43-70b4cbd5b1b1,1486,rv,,rv,,5/27/25 12:27,,https://d3nkl3psvxxpe9.cloudfront.net/documents/econTabReport_WokQXF7.pdf,,,,,,,Donald Trump,,46,52,2
4aa80d36-2a0c-4c0a-80ad-6d83670729f5,59ef5d62-c6ba-41a3-b2cd-24b8543e62b9,YouGov,146144a2-08d6-4c6b-b912-f067ed647252,Economist,YouGov,391,YouGov,,,Nonprobability Panel,,US,5/23/25,5/26/25,,,,32775342-7136-45e7-9448-793cf8de7c3b,1660,a,,a,,5/27/25 12:27,,https://d3nkl3psvxxpe9.cloudfront.net/documents/econTabReport_WokQXF7.pdf,,,,,,,Donald Trump,,44,52,4
a4ab64b6-e4d7-4c06-b05d-71c70e84f2e0,59ef5d62-c6ba-41a3-b2cd-24b8543e62b9,YouGov,,,YouGov,391,YouGov,,,Nonprobability Panel,,US,5/14/25,5/16/25,,,,3c857511-90aa-481b-8f2a-da6317b4595a,1118,a,,a,,5/24/25 10:07,,https://yougovamerica.substack.com/p/shake-it-like-a-polarized-public,,,,,,,Donald Trump,,43.66,48.45,7.9
564d5374-6042-4768-b63a-fc255261cd85,0e8d5118-1108-4fcf-ac49-0859271a4597,Gallup,,,Gallup,112,Gallup,,,Live Phone,,US,5/1/25,5/18/25,,,,722cdd27-9dc8-47e9-90e9-0aba91385640,1003,a,,a,,5/23/25 12:55,,https://news.gallup.com/poll/690986/political-economic-indicators-steady-may.aspx,,,,,,,Donald Trump,,43,53,5
4fe41819-97ef-4f22-975e-5ecfeba66465,ae31ea8f-0d54-476d-ab98-61b258a0a986,RMG Research,62ca8b2a-418d-46f9-8c64-1f4a14ba3a80,Napolitan News Service,RMG Research,555,RMG Research,,,Nonprobability Panel,,US,5/14/25,5/21/25,,,,63eb604d-b99a-49a8-9bde-0807ef3d25d6,3000,rv,,rv,,5/23/25 11:10,,https://napolitannews.org/assets/pdfs/68308dfc26c33-gcm25-0521-toplines-trump-job-approval-and-most-important-issues.pdf,,,,,,,Donald Trump,,48,50,2
058c7ee8-7c3d-45fc-b4f9-39482dc3efb2,642c8e51-c965-4a1b-b10d-1614d73cb18d,Quantus Insights,5fe9f56e-506d-49fe-acac-9894f9314a43,TrendingPolitics,Quantus Insights,859,Quantus Insights,,,Nonprobability Panel,,US,5/18/25,5/20/25,,,,720fb7ee-01c8-4ec1-8b35-cccf9891f6f1,1000,rv,,rv,,5/22/25 10:40,,https://quantusinsights.org/f/latest-quantus-insights-pollno-mandate-but-momentum,,,,,,REP,Donald Trump,,48.3,47.8,3.9
2baa876e-4483-4e71-8a8b-bee4de89ba0f,72908461-a4cf-42da-9ef4-f4299cc7b9d8,Navigator Research,,,Navigator Research,413,Global Strategy Group/GBAO (Navigator Research),,,Nonprobability Panel,,US,5/15/25,5/18/25,,,,e1911ba2-5033-44c2-b283-dfc96dbff648,1376,rv,,rv,,5/22/25 9:35,,https://navigatorresearch.org/wp-content/uploads/2025/05/Navigator-Update-Topline-F05.19.25-1.pdf,,,,,,,Donald Trump,,44,54,2
41edec44-46cf-4fe4-89c9-6817906adb5e,c8eb5194-d7d3-4ae5-b7c1-e658491c0891,Civiqs,87d793e6-c25e-4c5d-a92a-31ab89ec5d80,Daily Kos,Civiqs,471,Civiqs,,,Nonprobability Panel,,US,5/17/25,5/20/25,,,,5a096724-6698-4fef-a504-ad8d7362b48a,1018,rv,,rv,,5/21/25 14:42,,https://civiqs.com/documents/Civiqs_DailyKos_banner_book_2025_05_x3b1sp.pdf,,,,,,DEM,Donald Trump,,47,52,0
9d0606b8-1b95-43ef-acca-d42526b7570a,ae3b5ee9-8be5-4f3b-b117-6abf33720e63,American Research Group,,,American Research Group,9,American Research Group,,,Live Phone,,US,5/17/25,5/20/25,,,,743b858b-021e-4583-99a8-40b4baf0130c,,rv,,rv,,5/21/25 9:59,,https://americanresearchgroup.com/economy/,,,,,,,Donald Trump,,42,55,
9d0606b8-1b95-43ef-acca-d42526b7570a,ae3b5ee9-8be5-4f3b-b117-6abf33720e63,American Research Group,,,American Research Group,9,American Research Group,,,Live Phone,,US,5/17/25,5/20/25,,,,b769baa4-d034-43e3-8e41-a92b93e85e90,1100,a,,a,,5/21/25 9:59,,https://americanresearchgroup.com/economy/,,,,,,,Donald Trump,,41,55,4
e81e74a4-d89f-4e06-8a53-8b2e9668181a,d4af6439-dec0-4fa7-826b-5b409e1f3280,Marquette University Law School,,,Marquette University Law School,195,,,,Probability Panel,,US,5/5/25,5/15/25,,,,2974cff7-6941-417a-9b30-cecaaf4cc214,1004,a,,a,,5/21/25 9:20,,https://law.marquette.edu/poll/category/results-and-data/,,,,,,,Donald Trump,,46,54,
e81e74a4-d89f-4e06-8a53-8b2e9668181a,d4af6439-dec0-4fa7-826b-5b409e1f3280,Marquette University Law School,,,Marquette University Law School,195,,,,Probability Panel,,US,5/5/25,5/15/25,,,,5ed329b1-1ea6-4907-9184-3fde35924918,707,rv,,rv,,5/21/25 9:20,,https://law.marquette.edu/poll/category/results-and-data/,,,,,,,Donald Trump,,46,54,
3422b0d4-0da3-47d0-a956-b6ef8fd34b7a,a6ab99b0-9d30-4a77-bbe7-03c9a3566a22,Ipsos,3dc40107-581b-4428-94a4-00d603640476,Reuters,Ipsos,154,Ipsos,,,Probability Panel,,US,5/16/25,5/18/25,,,,40e4da6c-c17c-4193-aaeb-418116500cbb,1024,a,,a,,5/20/25 16:46,,https://www.reuters.com/world/us/trumps-approval-rating-ticks-lower-economic-concerns-weigh-reutersipsos-poll-2025-05-20/,,,,,,,Donald Trump,,42,52,
8f58eb31-208a-4fb5-9ca8-4ba898a1bec8,adedfb3e-f4d9-4121-ae17-125b39b27da3,InsiderAdvantage,,,InsiderAdvantage,243,InsiderAdvantage,,,,,US,5/17/25,5/19/25,,,,700bb4d2-d01b-41de-a4a1-6ed22f83f3b2,1000,lv,,lv,,5/20/25 10:32,,https://insideradvantage.com/trump-job-performance-top-line-tabs/,,,,,,,Donald Trump,,54.6,44.4,1
414fbc55-c172-4740-be7e-08597e53908d,59ef5d62-c6ba-41a3-b2cd-24b8543e62b9,YouGov,146144a2-08d6-4c6b-b912-f067ed647252,Economist,YouGov,391,YouGov,,,Nonprobability Panel,,US,5/16/25,5/19/25,,,,19ea961b-497f-4bdf-89da-4b27f9d90441,1710,a,,a,,5/20/25 10:32,,https://d3nkl3psvxxpe9.cloudfront.net/documents/econTabReport_wObz24u.pdf,,,,,,,Donald Trump,,43,51,6
414fbc55-c172-4740-be7e-08597e53908d,59ef5d62-c6ba-41a3-b2cd-24b8543e62b9,YouGov,146144a2-08d6-4c6b-b912-f067ed647252,Economist,YouGov,391,YouGov,,,Nonprobability Panel,,US,5/16/25,5/19/25,,,,a26fab89-a462-4e1d-8e6b-a57f086509e6,1558,rv,,rv,,5/20/25 10:32,,https://d3nkl3psvxxpe9.cloudfront.net/documents/econTabReport_wObz24u.pdf,,,,,,,Donald Trump,,45,52,3
f692c035-e3e4-4832-ac28-2235dc5a3a91,4bc528cc-f55c-4f8b-8c90-adfe09f46c76,Morning Consult,,,Morning Consult,218,Morning Consult,,,Nonprobability Panel,,US,5/16/25,5/19/25,,,,6583bb7d-0236-47ab-a06b-c4ac096f0c43,2208,rv,,rv,,5/19/25 16:07,,https://pro.morningconsult.com/trackers/donald-trump-congress-policy-republicans-polling,,,,,,,Donald Trump,,48,50,2
8a38069e-471e-4cf5-bd9c-5becff143c85,b52f71c0-a6c9-4ec5-8613-80a21c1b079d,Lord Ashcroft Polls,,,Lord Ashcroft Polls,560,Lord Ashcroft Polls,,,,,US,4/9/25,4/30/25,,,,650b4858-3163-4698-b39f-cc50ca4f4758,8595,rv,,rv,,5/19/25 10:03,,https://lordashcroftpolls.com/2025/05/trump-america-and-the-western-alliance/,,,,,,,Donald Trump,,46,52,2
8a38069e-471e-4cf5-bd9c-5becff143c85,b52f71c0-a6c9-4ec5-8613-80a21c1b079d,Lord Ashcroft Polls,,,Lord Ashcroft Polls,560,Lord Ashcroft Polls,,,,,US,4/9/25,4/30/25,,,,ba38f0b4-c2bc-4f47-8e02-1970acaec739,10057,a,,a,,5/19/25 10:03,,https://lordashcroftpolls.com/2025/05/trump-america-and-the-western-alliance/,,,,,,,Donald Trump,,45,53,3
7988879d-878d-4b69-bdaf-d716ec160a63,e006101f-7fff-4657-a2e9-19e3032386a2,HarrisX/Harris Poll,2659a402-6df7-481c-accb-d06e645828f8,Harvard CAPS,HarrisX/Harris Poll,133,Harris Insights & Analytics,,,Nonprobability Panel,,US,5/14/25,5/15/25,,,,1637e82b-0667-40a7-8307-da5f5a5d8af5,1903,rv,,rv,,5/19/25 9:10,,https://harvardharrispoll.com/key-results-may-5/,,,,,,,Donald Trump,,47,48,5
6c8c0d4c-3520-4a20-8765-c0f534fdf2d5,2df67459-2691-479a-8c87-f98549fe2429,J.L. Partners,c3aee16d-168b-4940-9cd9-e599de894f92,DailyMail.com,J.L. Partners,619,J.L. Partners,,,,,US,5/13/25,5/14/25,,,,62850e29-f1cc-4121-a854-7e290f1bb591,1003,rv,,rv,,5/18/25 21:18,,https://x.com/J_L_Partners/status/1923778595291365420,,,,,,,Donald Trump,,45,46,9
faf2a1d4-1a39-4fd3-936b-c1ff8ea4175c,ae31ea8f-0d54-476d-ab98-61b258a0a986,RMG Research,62ca8b2a-418d-46f9-8c64-1f4a14ba3a80,Napolitan News Service,RMG Research,555,RMG Research,,,Nonprobability Panel,,US,5/7/25,5/15/25,,,,0f2fdfdc-ecf8-4469-a1e7-34004f6c2c4b,3000,rv,,rv,,5/16/25 11:10,,https://napolitannews.org/assets/pdfs/6827544e99478-gcm25-0514-three-poll-average-toplines-trump-job-approval.pdf,,,,,,,Donald Trump,,52,48,1
f19e7f51-06cc-4be9-a253-8d29fad6d945,530091d3-1f98-43b8-8b9f-4a2bff415234,The Bullfinch Group,,,The Bullfinch Group,692,The Bullfinch Group,,,,,US,5/9/25,5/13/25,,,,4e5f6d2c-70dd-43c1-86d9-b04a6ba5c669,1000,rv,,rv,,5/14/25 12:46,,https://www.thebullfinchgroup.com/post/public-release-of-bullfinch-q2-nationwide-survey-3,,,,,,,Donald Trump,,45,51,4
f19e7f51-06cc-4be9-a253-8d29fad6d945,530091d3-1f98-43b8-8b9f-4a2bff415234,The Bullfinch Group,,,The Bullfinch Group,692,The Bullfinch Group,,,,,US,5/9/25,5/13/25,,,,c067d77f-10c5-4dca-9ec4-fea4e5ea5b58,1200,a,,a,,5/14/25 12:46,,https://www.thebullfinchgroup.com/post/public-release-of-bullfinch-q2-nationwide-survey-3,,,,,,,Donald Trump,,45,50,5
a379ca04-bd33-4a6e-ba91-631107d685cb,ba90f015-c45b-4884-8111-14ec9e67161e,co/efficient,,,co/efficient,514,co/efficient,,,,,US,5/7/25,5/9/25,,,,a636a0d8-a41c-4635-827d-2a433b5a76c6,1462,lv,,lv,,5/14/25 12:28,,https://coefficient.org/national-approval-study/,,,,,,,Donald Trump,,49,51,
490a69a2-662c-4dba-84dc-f2ed86186ca8,d64047d4-d15f-4b8d-8d37-714001c5f4f5,Verasight,3b7bcad0-2c0d-43e6-a3fb-2f2c7a55b5bb,Strength In Numbers,Verasight,774,,,,,,US,5/1/25,5/6/25,,,,1f004d3d-568e-4f16-be3f-15f5a9d52d98,1000,a,,a,,5/14/25 9:47,,https://www.gelliottmorris.com/p/new-poll-americans-oppose-trumps,,,,,,,Donald Trump,,40,56,4
1c97536a-ac14-465e-ac3b-29b3e6467a99,a6ab99b0-9d30-4a77-bbe7-03c9a3566a22,Ipsos,3dc40107-581b-4428-94a4-00d603640476,Reuters,Ipsos,154,Ipsos,,,Probability Panel,,US,5/12/25,5/13/25,,,,6a289989-e6db-4f09-b636-a53df1790b99,1163,a,,a,,5/13/25 18:43,,https://www.reuters.com/data/trumps-approval-rating-2025-01-21/,,,,,,,Donald Trump,,44,52,
cf03e27c-36b5-4809-8d55-7b4feec354a9,59ef5d62-c6ba-41a3-b2cd-24b8543e62b9,YouGov,146144a2-08d6-4c6b-b912-f067ed647252,Economist,YouGov,391,YouGov,,,,,US,5/9/25,5/12/25,,,,0171b657-c29a-434f-b127-691879e9900e,1610,rv,,rv,,5/13/25 9:23,,https://d3nkl3psvxxpe9.cloudfront.net/documents/econTabReport_tDmEBHo.pdf,,,,,,,Donald Trump,,45,52,3
cf03e27c-36b5-4809-8d55-7b4feec354a9,59ef5d62-c6ba-41a3-b2cd-24b8543e62b9,YouGov,146144a2-08d6-4c6b-b912-f067ed647252,Economist,YouGov,391,YouGov,,,,,US,5/9/25,5/12/25,,,,2e6b1df8-3ab9-4072-8a31-98565845efb0,1786,a,,a,,5/13/25 9:23,,https://d3nkl3psvxxpe9.cloudfront.net/documents/econTabReport_tDmEBHo.pdf,,,,,,,Donald Trump,,43,52,5
b017a56a-d19e-4cf5-b2f5-7ddab7c95bd7,4bc528cc-f55c-4f8b-8c90-adfe09f46c76,Morning Consult,,,Morning Consult,218,Morning Consult,,,Nonprobability Panel,,US,5/9/25,5/11/25,,,,c52e3c6c-aebb-4100-81cf-37605387ac65,2221,rv,,rv,,5/12/25 16:18,,https://pro.morningconsult.com/trackers/donald-trump-congress-policy-republicans-polling,,,,,,,Donald Trump,,45,52,2
d59be18e-df35-48e5-8c3f-f5fc116b1450,932da08a-7f8a-48e3-a92a-c443c039fbd1,Echelon Insights,,,Echelon Insights,407,Echelon Insights,,,Nonprobability Panel,,US,5/8/25,5/12/25,,,,24e39481-1820-42f6-a9aa-5dda5679aeda,1000,lv,,lv,,5/12/25 16:12,,https://echeloninsights.com/in-the-news/may-2025-verified-voter-omnibus-2-2-2-2-2/,,,,,,,Donald Trump,,46,52,2
005fcea2-3a3f-45ef-8d8c-5a3123f4f049,59ef5d62-c6ba-41a3-b2cd-24b8543e62b9,YouGov,,,YouGov,391,YouGov,,,Probability Panel,,US,5/6/25,5/8/25,,,,39f16c5b-de20-4963-85f8-922271b88b20,1142,a,,a,,5/12/25 9:35,,https://ygo-assets-websites-editorial-emea.yougov.net/documents/Trump_Approval_Crosstabs_poll_results_V41PfW8.pdf,,,,,,,Donald Trump,,41.52,50.05,8.41
4ce82f66-25e0-4e38-9194-4d6a8dcaf32e,4bc528cc-f55c-4f8b-8c90-adfe09f46c76,Morning Consult,,,Morning Consult,218,Morning Consult,,,,,US,5/2/25,5/8/25,,,,aeb88dff-5f36-419f-ac8d-138eaa649b9d,,a,,a,,5/11/25 22:53,,https://pro.morningconsult.com/trackers/global-leader-approval,,,,,,,Donald Trump,,46.2,48,5.7
b68bc3ae-4f9b-48c9-9c6c-425cd3812a87,ae31ea8f-0d54-476d-ab98-61b258a0a986,RMG Research,62ca8b2a-418d-46f9-8c64-1f4a14ba3a80,Napolitan News Service,RMG Research,555,RMG Research,,,Nonprobability Panel,,US,4/30/25,5/8/25,,,,b20f348e-9308-4cb3-a728-b662100a1d17,3000,rv,,rv,,5/9/25 13:27,,https://napolitannews.org/assets/pdfs/681e37f5731db-gcm25-0507-three-poll-average-toplines-trump-job-approval.pdf,,,,,,,Donald Trump,,49,49,1
75a3259e-4f83-4567-8137-4364755dc1ed,642c8e51-c965-4a1b-b10d-1614d73cb18d,Quantus Insights,5fe9f56e-506d-49fe-acac-9894f9314a43,TrendingPolitics,Quantus Insights,859,Quantus Insights,,,,,US,5/5/25,5/7/25,,,,f70ecc90-15e2-48c5-b588-75b6cc418bb0,1000,rv,,rv,,5/9/25 11:37,,https://quantusinsights.org/f/the-nation-divided-the-president-holding-ground,,,,,,REP,Donald Trump,,48.2,48.3,3.5
26bc0961-9d8d-4d45-a3c3-627c65004b38,59ef5d62-c6ba-41a3-b2cd-24b8543e62b9,YouGov,,,YouGov,391,YouGov,,,,,US,4/25/25,5/2/25,,,,7b69c93b-d7e1-4221-a0fd-63e6e10a7a3b,2220,a,,a,,5/9/25 11:08,,https://d3nkl3psvxxpe9.cloudfront.net/documents/Issue_Importance___Trump_Approval_poll_results.pdf,,,,,,,Donald Trump,,42,52,6
debd6667-b02a-42c8-9942-cc97fb633250,bd24b786-354a-4dae-8616-a5a888d550e4,AP-NORC,,,AP-NORC,397,AP-NORC,,,Probability Panel,,US,5/1/25,5/5/25,,,,d9c24e32-5548-4aed-9f77-918337e9d990,1175,a,,a,,5/9/25 10:11,,https://apnorc.org/projects/few-support-punitive-funding-cuts-to-colleges-and-universities/,,,,,,,Donald Trump,,41,57,1
68ed1ea7-6dc7-4a01-a24e-8350ed071470,91a3089b-c001-401f-8db5-0c900da235d8,"Normington, Petts & Associates",0df1eb05-d373-4a59-bac3-c165aa4b67dc,Third Way,"Normington, Petts & Associates",232,"Normington, Petts & Associates",,,,,US,3/12/25,3/19/25,,,,fc7eb480-fba0-417d-8dbd-e465f2d72722,800,rv,,rv,,5/7/25 9:47,,https://thirdway.imgix.net/downloads/democrats-immigration-opportunity/Third-Way-and-Normington-Petts-National-Immigration-Survey-Toplines.pdf,,,,,,,Donald Trump,,46,53,1
2139e012-903e-4e02-86ae-a47cfa33dbe5,312f97da-ebc5-446e-8856-cdded6ea1251,Big Data Poll,b519a86f-dbb8-46a2-8215-6abb6f6f389d,Public Polling Project,Big Data Poll,251,Big Data Poll,,,Nonprobability Panel/Text-to-Web,,US,5/3/25,5/5/25,,,,d0471d20-83b7-4125-abfd-0428507cd4ef,3128,rv,,rv,,5/6/25 9:53,,https://www.bigdatapoll.com/blog/poll-trump-approval-tempered-by-economic-concerns/,,,,,,,Donald Trump,,48,47.4,
241dde4d-8669-4ba0-8aa5-a9f3a0c41e1d,59ef5d62-c6ba-41a3-b2cd-24b8543e62b9,YouGov,146144a2-08d6-4c6b-b912-f067ed647252,Economist,YouGov,391,YouGov,,,Nonprobability Panel,,US,5/2/25,5/5/25,,,,ece81a49-0592-4a5e-8444-0eb5a4c67144,1850,a,,a,,5/6/25 9:38,,https://d3nkl3psvxxpe9.cloudfront.net/documents/econTabReport_wZDAeTq.pdf,,,,,,,Donald Trump,,42,52,5
241dde4d-8669-4ba0-8aa5-a9f3a0c41e1d,59ef5d62-c6ba-41a3-b2cd-24b8543e62b9,YouGov,146144a2-08d6-4c6b-b912-f067ed647252,Economist,YouGov,391,YouGov,,,Nonprobability Panel,,US,5/2/25,5/5/25,,,,f8085147-7621-4a4d-922f-ebea88d6947a,1693,rv,,rv,,5/6/25 9:38,,https://d3nkl3psvxxpe9.cloudfront.net/documents/econTabReport_wZDAeTq.pdf,,,,,,,Donald Trump,,45,52,3
bdfb74d3-513a-4211-b44d-4235b891af16,4bc528cc-f55c-4f8b-8c90-adfe09f46c76,Morning Consult,,,Morning Consult,218,Morning Consult,,,Nonprobability Panel,,US,5/2/25,5/4/25,,,,916275e2-a32b-4d63-8ef9-25311ab020dd,2263,rv,,rv,,5/5/25 17:39,,https://pro.morningconsult.com/trackers/donald-trump-congress-policy-republicans-polling,,,,,,,Donald Trump,,46,52,3
26b0f1d0-917a-4f2e-8532-58ec56501440,2df67459-2691-479a-8c87-f98549fe2429,J.L. Partners,c3aee16d-168b-4940-9cd9-e599de894f92,DailyMail.com,J.L. Partners,619,J.L. Partners,,,,,US,4/23/25,4/28/25,,,,cd2486df-2be1-4ec9-8efb-bf02e9545101,1006,rv,,rv,,5/5/25 12:50,,https://jlpartners.com/polling,,,,,,,Donald Trump,,41,50,8
65ccc825-0895-44b3-900a-997e6d9f24cd,b0b42ed9-f490-419e-942f-af97e2cda604,TIPP Insights,e675f835-fdcd-4e92-b5ae-fc65092da4b7,Issues & Insights,TIPP Insights,144,TIPP Insights,,,,,US,4/30/25,5/2/25,,,,b58f486b-2f45-48ad-bcea-e200c834aa3c,1400,a,,a,,5/5/25 9:39,,https://tippinsights.com/trump-rides-high-with-most-voters-but-democrats-remain-negative-i-i-tipp-poll/,,,,,,,Donald Trump,,42,47,11
f317c543-68fa-46a0-ada2-983a648922db,8e60f0a1-fca9-4c1b-9f94-84e1f57c4dc9,Trafalgar Group/InsiderAdvantage,,,Trafalgar Group/InsiderAdvantage,671,Trafalgar Group/InsiderAdvantage,,,,,US,4/30/25,5/1/25,,,,3bf5c510-e112-47c9-8a4f-d0611ac72155,1200,lv,,lv,,5/2/25 22:41,,https://insideradvantage.com/top-line-tab-for-insideradvantage-trafalgar-presidential-job-performance-survey/,,,,,,,Donald Trump,,45.8,43.8,10.4
09308819-cb74-47d4-b477-d0b9789477e6,530091d3-1f98-43b8-8b9f-4a2bff415234,The Bullfinch Group,,,The Bullfinch Group,692,The Bullfinch Group,,,,,US,4/18/25,4/24/25,,,,44c17b35-1aa4-4cef-a978-411df592b7e0,1200,a,,a,,5/2/25 12:01,,https://www.thebullfinchgroup.com/post/public-release-of-bullfinch-nationwide-100-day-review-survey,,,,,,,Donald Trump,,46,51,3
09308819-cb74-47d4-b477-d0b9789477e6,530091d3-1f98-43b8-8b9f-4a2bff415234,The Bullfinch Group,,,The Bullfinch Group,692,The Bullfinch Group,,,,,US,4/18/25,4/24/25,,,,d63f6c94-4d0b-4f3a-b0de-fd175aba51ca,1000,rv,,rv,,5/2/25 12:01,,https://www.thebullfinchgroup.com/post/public-release-of-bullfinch-nationwide-100-day-review-survey,,,,,,,Donald Trump,,46,51,2
e6e80101-10b5-4cf2-8039-f036bee3561d,ae31ea8f-0d54-476d-ab98-61b258a0a986,RMG Research,62ca8b2a-418d-46f9-8c64-1f4a14ba3a80,Napolitan News Service,RMG Research,555,RMG Research,,,,,US,4/23/25,5/1/25,,,,6b95c29f-e147-4b12-aba2-ca4041d1de62,3000,rv,,rv,,5/2/25 9:26,,https://x.com/ScottWRasmussen/status/1918294137197007097,,,,,,,Donald Trump,,49,48,2
5721e856-d01d-4406-954e-43bcb860aff2,e2e08257-41fa-4956-ba29-b83cf7163c09,ActiVote,,,ActiVote,721,ActiVote,,,App Panel,,US,4/1/25,4/30/25,,,,f04697cd-6eee-42c8-a854-e11675a053e8,576,rv,,rv,,5/1/25 13:04,,https://www.activote.net/trumps-net-approval-at-6/,,,,,,,Donald Trump,,45,51.1,3.9
7da47295-a3b9-4be6-9542-f4a7ac86f489,1f9b50af-1809-46fb-b2ff-e5330586f910,TrueDot,"0b4ca625-0b7c-46b1-983f-159d384084ee,6c516d49-c7bb-4d2e-9410-1ecfeb75c88b",Decision Desk HQ | NewsNation,TrueDot,880,Truedot,,,Nonprobability Panel,,US,4/23/25,4/27/25,,,,51577519-6695-47ac-a1e5-f71dbc8806f8,1448,rv,,rv,,4/30/25 15:04,,https://www.newsnationnow.com/politics/recession-inflation-immigration-ddhq-poll/amp/,,,,,,,Donald Trump,,43,56,
e51ecc2b-932d-445a-b009-3435fe9724bd,7485e3b7-8959-43d7-985f-95417076d068,Emerson College,,,Emerson College,88,Emerson College,,,Text-to-Web/Nonprobability Panel/Email,,US,4/25/25,4/28/25,,,,7c730c9d-a24e-4996-b730-a91eb768fe7e,1000,rv,,rv,,4/30/25 7:23,,https://emersoncollegepolling.com/trump-100-days/,,,,,,,Donald Trump,,44.7,45.3,10
8f36aaf6-a88e-4bea-88bb-70441cccff7d,72908461-a4cf-42da-9ef4-f4299cc7b9d8,Navigator Research,,,Navigator Research,413,Global Strategy Group/GBAO (Navigator Research),,,Nonprobability Panel,,US,4/24/25,4/28/25,,,,855a0647-112a-4e01-80d2-7b77c5cf2ec7,1000,rv,,rv,,4/30/25 7:19,,https://navigatorresearch.org/anxious-discouraged-exhausted-the-first-100-days/,,,,,,,Donald Trump,,44,54,2
3b3b1ad4-9dd5-49f9-a01d-b41cb0e7c112,a6ab99b0-9d30-4a77-bbe7-03c9a3566a22,Ipsos,3dc40107-581b-4428-94a4-00d603640476,Reuters,Ipsos,154,Ipsos,,,Probability Panel,,US,4/25/25,4/27/25,,,,26fd0ad6-9bfb-4b77-b939-d44711d329bb,1029,a,,a,,4/29/25 16:27,,https://www.reuters.com/data/trumps-approval-rating-2025-01-21/,,,,,,,Donald Trump,,42,53,
a0da87e5-76e3-433c-ae92-2a427aeded8c,59ef5d62-c6ba-41a3-b2cd-24b8543e62b9,YouGov,a0d244bb-0767-423d-ac9f-154189544a48,Yahoo News,YouGov,391,YouGov,,,Nonprobability Panel,,US,4/25/25,4/28/25,,,,a609078a-98f2-4d09-a7f5-5972e5278c94,1024,rv,,rv,,4/29/25 14:21,,https://www.yahoo.com/news/poll-after-first-100-days-trumps-approval-rating-continues-to-crater-as-57-say-hes-gone-too-far-on-tariffs-165501627.html?ncid=twitter_yahoonewst_sjwumo1bpf4,,,,,,,Donald Trump,,45,53,2
a0da87e5-76e3-433c-ae92-2a427aeded8c,59ef5d62-c6ba-41a3-b2cd-24b8543e62b9,YouGov,a0d244bb-0767-423d-ac9f-154189544a48,Yahoo News,YouGov,391,YouGov,,,Nonprobability Panel,,US,4/25/25,4/28/25,,,,beaec042-ca26-43c5-b03f-7a2ecb33e240,1597,a,,a,,4/29/25 14:21,,https://www.yahoo.com/news/poll-after-first-100-days-trumps-approval-rating-continues-to-crater-as-57-say-hes-gone-too-far-on-tariffs-165501627.html?ncid=twitter_yahoonewst_sjwumo1bpf4,,,,,,,Donald Trump,,42,53,5
ec75bc4c-5036-4e7d-97c1-c4f451c77f99,4174c9e7-5f01-418f-9ca1-924ab4b840bb,PRRI,,,PRRI,428,,,,Probability Panel/Nonprobability Panel,,US,2/28/25,3/20/25,,,,1c679ac7-0283-4b34-a1c1-bd180c177b95,5025,a,,a,,4/29/25 9:26,,https://www.prri.org/research/democracy-at-a-crossroads-how-americans-view-trumps-first-100-days-in-office/,,,,,,,Donald Trump,,43,54,
4cc2a45d-6c2b-4740-9aa4-be03aaf2d8e0,59ef5d62-c6ba-41a3-b2cd-24b8543e62b9,YouGov,146144a2-08d6-4c6b-b912-f067ed647252,Economist,YouGov,391,YouGov,,,Nonprobability Panel,,US,4/25/25,4/28/25,,,,60a1c732-8676-4dca-a05e-85933793cc00,1785,a,,a,,4/29/25 9:14,,https://d3nkl3psvxxpe9.cloudfront.net/documents/econTabReport_fmq348X.pdf,,,,,,,Donald Trump,,42,52,7
4cc2a45d-6c2b-4740-9aa4-be03aaf2d8e0,59ef5d62-c6ba-41a3-b2cd-24b8543e62b9,YouGov,146144a2-08d6-4c6b-b912-f067ed647252,Economist,YouGov,391,YouGov,,,Nonprobability Panel,,US,4/25/25,4/28/25,,,,e73d4b0b-0f81-42de-bf60-d24a0e96ba06,1626,rv,,rv,,4/29/25 9:14,,https://d3nkl3psvxxpe9.cloudfront.net/documents/econTabReport_fmq348X.pdf,,,,,,,Donald Trump,,43,54,2
ee60d038-8907-4fac-9061-5bd5b803a254,a8db55ca-987d-4afd-83dc-e3f5f077682a,Marist University,"5da73c82-ac8b-4f47-b3a3-0739b4ebf473,f8edb763-782f-494e-8ade-53d2909e28a1",NPR | PBS NewsHour,Marist University,183,Marist College,,,,,US,4/21/25,4/23/25,,,,cc0416b0-5d2a-4455-b426-5bcf106ce926,1439,a,,a,,4/28/25 18:51,,https://maristpoll.marist.edu/polls/president-trumps-first-100-days-april-2025/,,,,,,,Donald Trump,,42,53,5
ee60d038-8907-4fac-9061-5bd5b803a254,a8db55ca-987d-4afd-83dc-e3f5f077682a,Marist University,"5da73c82-ac8b-4f47-b3a3-0739b4ebf473,f8edb763-782f-494e-8ade-53d2909e28a1",NPR | PBS NewsHour,Marist University,183,Marist College,,,,,US,4/21/25,4/23/25,,,,e996f8e0-71a6-4572-aa4d-e53ffa199160,1324,rv,,rv,,4/28/25 18:51,,https://maristpoll.marist.edu/polls/president-trumps-first-100-days-april-2025/,,,,,,,Donald Trump,,43,53,4
5ba9cc1c-7e02-487b-ba30-33e3f1877c70,4bc528cc-f55c-4f8b-8c90-adfe09f46c76,Morning Consult,,,Morning Consult,218,Morning Consult,,,Nonprobability Panel,,US,4/25/25,4/27/25,,,,18ae4292-0860-446b-b970-e52395f057fa,4426,rv,,rv,,4/28/25 18:21,,https://pro.morningconsult.com/trackers/donald-trump-congress-policy-republicans-polling,,,,,,,Donald Trump,,45.94,54.22,1.84
4e06db22-d07e-4284-ab6e-242e6e75406a,e7ca8143-0533-4312-8213-e42141e25144,Remington,1f409304-cd9b-4a1d-b6db-3fed8af66543,Humanity for Freedom Foundation,Remington,279,Remington Research Group,,,,,US,3/15/25,3/18/25,,,,5332527d-c717-4f0d-952a-3b95d387f3cb,800,lv,,lv,,4/28/25 16:54,,https://static1.squarespace.com/static/63f521e25f4c105d57ebfef9/t/680a3f30288193101ceca31f/1745502003229/Taiwan+Poll+Release+v2+COMBINED+with+Poll.pdf,,,,,,,Donald Trump,,50,48,2
9bd593dc-0b61-419d-8130-a233e6bd8b0d,59ef5d62-c6ba-41a3-b2cd-24b8543e62b9,YouGov,b1286971-5ec3-4cce-91fd-8b2df0b19488,The Times of London,YouGov,391,YouGov,,,Nonprobability Panel,,US,4/21/25,4/23/25,,,,045fd1e9-eaa6-4439-a9f4-bb66965bc4b5,949,rv,,rv,,4/28/25 10:00,,https://d3nkl3psvxxpe9.cloudfront.net/documents/times_20250425.pdf,,,,,,,Donald Trump,,44,52,3
9bd593dc-0b61-419d-8130-a233e6bd8b0d,59ef5d62-c6ba-41a3-b2cd-24b8543e62b9,YouGov,b1286971-5ec3-4cce-91fd-8b2df0b19488,The Times of London,YouGov,391,YouGov,,,Nonprobability Panel,,US,4/21/25,4/23/25,,,,c7e7eb08-2c1c-4156-90d6-2bb774f77cd2,1295,a,,a,,4/28/25 10:00,,https://d3nkl3psvxxpe9.cloudfront.net/documents/times_20250425.pdf,,,,,,,Donald Trump,,42,53,5
a81c1536-4d30-4d2f-b19a-af532efe8e7a,c429da10-5aa0-445e-9800-039c0a295b43,SurveyMonkey,4678387e-860f-4e2a-901e-183baf18cf83,NBC News Decision Desk,SurveyMonkey,324,SurveyMonkey,,,Nonprobability Panel,,US,4/11/25,4/20/25,,,,70f4c5e1-d918-4b83-9ba1-7b9e3f7cd849,19682,a,,a,,4/27/25 10:38,,https://www.nbcnews.com/politics/trump-administration/poll-americans-vent-disappointment-trump-ahead-100-day-mark-especially-rcna202656,,,,,,,Donald Trump,,45,55,
a03b040f-305e-478e-ad90-e23e86a7c846,3be4d123-848b-430a-8168-689af60cefa2,CNN/SSRS,,,CNN/SSRS,844,CNN,,,Probability Panel/Live Phone,,US,4/17/25,4/24/25,,,,4b39e5b5-6bf7-4e6e-a960-bfe060f3ece2,1476,rv,,rv,,4/27/25 10:00,,https://www.cnn.com/2025/04/27/politics/approval-rating-trump-100-days/index.html,,,,,,,Donald Trump,,43,57,1
a03b040f-305e-478e-ad90-e23e86a7c846,3be4d123-848b-430a-8168-689af60cefa2,CNN/SSRS,,,CNN/SSRS,844,CNN,,,Probability Panel/Live Phone,,US,4/17/25,4/24/25,,,,77735067-cd40-4927-8ad8-b7b05ff6c46d,1678,a,,a,,4/27/25 10:00,,https://www.cnn.com/2025/04/27/politics/approval-rating-trump-100-days/index.html,,,,,,,Donald Trump,,41,59,
f64f2d90-79c6-4e56-b269-d1dedcd35665,59ef5d62-c6ba-41a3-b2cd-24b8543e62b9,YouGov,ca805caf-4575-43dd-b894-c0de3467b2fb,CBS News,YouGov,391,YouGov,,,Nonprobability Panel,,US,4/23/25,4/25/25,,,,865e18d0-888f-4ca1-bd74-a298d77ceb5a,2365,a,,a,,4/27/25 9:30,,https://www.cbsnews.com/news/cbs-news-poll-trump-100-days-tariffs/,,,,,,,Donald Trump,,45,55,
8c033564-eddf-4b5e-b6df-b4c834865e7f,a6ab99b0-9d30-4a77-bbe7-03c9a3566a22,Ipsos,"5b8dc7dc-46e0-49e6-aba9-6c646d874d81,c7a0a812-36e4-4d3b-9188-2c64ddb0ac7f",ABC News | The Washington Post,Ipsos,154,Ipsos,,,Probability Panel,,US,4/18/25,4/22/25,,,,18cf2427-3150-4c89-bf3f-653f97e15171,2464,a,,a,,4/27/25 9:24,,https://www.washingtonpost.com/tablet/2025/04/25/april-18-22-2025-washington-post-abc-news-ipsos-national-poll/,,,,,,,Donald Trump,,39,55,5
8c033564-eddf-4b5e-b6df-b4c834865e7f,a6ab99b0-9d30-4a77-bbe7-03c9a3566a22,Ipsos,"5b8dc7dc-46e0-49e6-aba9-6c646d874d81,c7a0a812-36e4-4d3b-9188-2c64ddb0ac7f",ABC News | The Washington Post,Ipsos,154,Ipsos,,,Probability Panel,,US,4/18/25,4/22/25,,,,9e19fc8c-b8e6-4b9d-861a-bb0c816e04d2,1992,rv,,rv,,4/27/25 9:24,,https://www.washingtonpost.com/tablet/2025/04/25/april-18-22-2025-washington-post-abc-news-ipsos-national-poll/,,,,,,,Donald Trump,,42,55,3
407ae72d-b984-4204-952c-a4f492122209,9268c8ab-c57b-43d1-8541-c6047caab802,John Zogby Strategies,,,John Zogby Strategies,583,John Zogby Strategies,,,Nonprobability Panel,,US,4/22/25,4/23/25,,,,8cdc006c-7310-4c4b-ace5-e78a6f2e7ed0,1000,rv,,rv,,4/26/25 13:03,,https://johnzogbystrategies.com/real-time-analysis-of-trumps-dropping-numbers-among-bellwether-groups/,,,,,,,Donald Trump,,48,50,
1b210608-46d9-4fd7-9a83-3567f5d09b25,9268c8ab-c57b-43d1-8541-c6047caab802,John Zogby Strategies,,,John Zogby Strategies,583,John Zogby Strategies,,,Nonprobability Panel,,US,3/30/25,3/31/25,,,,ca538ad2-508d-4b19-8efb-4862168a1657,1000,rv,,rv,,4/26/25 13:02,,https://johnzogbystrategies.com/real-time-analysis-of-trumps-dropping-numbers-among-bellwether-groups/,,,,,,,Donald Trump,,48,48,
9fd86f85-18ad-40e9-89f3-e44f1406585c,bd24b786-354a-4dae-8616-a5a888d550e4,AP-NORC,,,AP-NORC,397,AP-NORC,,,Probability Panel,,US,4/17/25,4/21/25,,,,f9e502c5-aab5-4671-9d75-f75c89a1ae14,1260,a,,a,,4/26/25 7:49,,https://apnorc.org/projects/100-days-in-and-the-public-feels-trumps-presidency-is-proceeding-mostly-as-expected/,,,,,,,Donald Trump,,39,59,2
243fbeb9-8d15-4477-a53a-b63a7b1c0638,92215ea1-dfa7-4284-a40b-477b73739ee6,The New York Times/Siena University,,,The New York Times/Siena University,448,The New York Times/Siena College,,,Live Phone,,US,4/21/25,4/24/25,,,,62638e49-ec19-43ec-afba-501b75401769,913,rv,,rv,,4/25/25 15:24,,https://www.nytimes.com/interactive/2025/04/25/us/elections/times-siena-poll-toplines.html,,,,,,,Donald Trump,,41.52,53.94,4.53
8067884b-0d1b-444c-b182-60c0edc1f96a,ae31ea8f-0d54-476d-ab98-61b258a0a986,RMG Research,62ca8b2a-418d-46f9-8c64-1f4a14ba3a80,Napolitan News Service,RMG Research,555,RMG Research,,,Nonprobability Panel,,US,4/16/25,4/24/25,,,,99fb6345-b579-403e-b9a0-775fa66403c8,3000,rv,,rv,,4/25/25 14:41,,https://napolitannews.org/assets/pdfs/680bcf124283c-gcm25-0423-three-poll-average-toplines-trump-job-approval.pdf,,,,,,,Donald Trump,,49,48,2
3d3aab96-2829-4b4e-8f6d-ea485e9b761e,b616c2cc-cb2e-4394-9d34-8ee9a1b530d2,McLaughlin & Associates,5c16bad7-274a-460e-9133-08e706a9b92e,America's New Majority Project,McLaughlin & Associates,203,McLaughlin & Associates,,,,,US,4/16/25,4/19/25,,,,478394dd-51ab-4d41-b70f-aa7180e3445f,1638,lv,,lv,,4/25/25 10:06,,https://americasnewmajorityproject.com/most-support-blocking-states-from-giving-medicaid-to-illegal-immigrants/,,,,,,REP,Donald Trump,,49.1,50.8,0.1
3d3aab96-2829-4b4e-8f6d-ea485e9b761e,b616c2cc-cb2e-4394-9d34-8ee9a1b530d2,McLaughlin & Associates,5c16bad7-274a-460e-9133-08e706a9b92e,America's New Majority Project,McLaughlin & Associates,203,McLaughlin & Associates,,,,,US,4/16/25,4/19/25,,,,dfa8a460-9079-4792-8eb2-3a809cb05605,2000,rv,,rv,,4/25/25 10:06,,https://americasnewmajorityproject.com/most-support-blocking-states-from-giving-medicaid-to-illegal-immigrants/,,,,,,REP,Donald Trump,,47.6,52.4,
7fbfce15-5bcb-4469-a296-45acdd3f4d41,642c8e51-c965-4a1b-b10d-1614d73cb18d,Quantus Insights,,,Quantus Insights,859,Quantus Insights,,,Probability Panel,,US,4/21/25,4/23/25,,,,1858b36d-676b-4754-8fdf-47dc6577e306,1000,rv,,rv,,4/24/25 13:33,,https://quantusinsights.org/f/split-nation-unready-party-the-strategic-drift-of-2025,,,,,,,Donald Trump,,47.7,49.8,2.5
68d807c3-c609-4daa-a9b6-d257b70a10c6,59ef5d62-c6ba-41a3-b2cd-24b8543e62b9,YouGov,3db1b2d5-4e13-469d-a63a-923a9ebee87e,Elon University,YouGov,391,YouGov,,,Nonprobability Panel,,US,4/10/25,4/17/25,,,,04718a14-9bb8-4c59-bea3-8adcbfdc926b,1000,a,,a,,4/24/25 11:58,,https://eloncdn.blob.core.windows.net/eu3/sites/819/2025/04/Elon-Poll-topline-JUDICIAL-SYSTEM-4-24-25.pdf,,,,,,,Donald Trump,,41,47,11
6b47fa40-237f-46ae-a4de-964793acd3ad,9b7fb509-d8c7-41d5-8c3a-2f534b3f7068,Noble Predictive Insights,961ddeee-e6b2-439b-ba97-0318bd7ccccc,Center Square,Noble Predictive Insights,235,Noble Predictive Insights,,,,,US,4/15/25,4/18/25,,,,a98f5609-b839-49d0-9423-22059eb1c1b0,2527,rv,,rv,,4/24/25 10:51,,https://www.thecentersquare.com/polls/,,,,,,,Donald Trump,,44,53,3
9c0759d5-faf6-4d57-8b94-2b542ff5ada3,4da0e617-fda4-4c29-a2c0-1055e6af4eaf,Beacon Research/Shaw & Company Research,d380c59c-d59c-465b-90a9-cb0f2d14e4f0,Fox News,Beacon Research/Shaw & Company Research,103,Beacon Research/Shaw & Co. Research,,,,,US,4/18/25,4/21/25,,,,48a1dfc2-46d9-4cd8-bf03-9332873f8617,1104,rv,,rv,,4/23/25 19:27,,https://www.foxnews.com/official-polls/fox-news-poll-first-100-days-president-trumps-second-term,,,,,,,Donald Trump,,44,55,1
1f0aa5e3-c13f-4b37-adc1-890bc8fe68dc,d7661595-0345-4bf2-b37b-f8fa234d783c,Pew Research Center,,,Pew Research Center,253,Pew Research Center,,,Probability Panel,,US,4/7/25,4/13/25,,,,8702bee7-3644-4df6-98b1-bf54b93ed91e,3589,a,,a,,4/23/25 15:37,,https://www.pewresearch.org/politics/2025/04/23/trumps-job-rating-drops-key-policies-draw-majority-disapproval-as-he-nears-100-days/,,,,,,,Donald Trump,,40,59,1
9ddc6134-6ec6-4a44-946c-58c3a4312a01,59ef5d62-c6ba-41a3-b2cd-24b8543e62b9,YouGov,146144a2-08d6-4c6b-b912-f067ed647252,Economist,YouGov,391,YouGov,,,Nonprobability Panel,,US,4/19/25,4/22/25,,,,b1bc2c2d-4105-42d4-a59d-cdfa626db364,1625,a,,a,,4/23/25 9:35,,https://d3nkl3psvxxpe9.cloudfront.net/documents/econtoplines_iwzo5ZP.pdf,,,,,,,Donald Trump,,41,54,5
9e9d49e6-11f9-49a1-be70-ece87265cbb1,4bc528cc-f55c-4f8b-8c90-adfe09f46c76,Morning Consult,,,Morning Consult,218,Morning Consult,,,Nonprobability Panel,,US,4/18/25,4/20/25,,,,5a984746-90d5-4a53-8b9b-2259edca4432,2207,rv,,rv,,4/22/25 9:19,,https://pro.morningconsult.com/trackers/donald-trump-congress-policy-republicans-polling,,,,,,,Donald Trump,,46,51,2
4719b990-9211-4e7a-89fa-4d7aeed1528e,a6ab99b0-9d30-4a77-bbe7-03c9a3566a22,Ipsos,3dc40107-581b-4428-94a4-00d603640476,Reuters,Ipsos,154,Ipsos,,,Probability Panel,,US,4/16/25,4/21/25,,,,90930d89-7a9f-45fb-a132-46571597fbb1,4306,a,,a,,4/21/25 17:58,,https://www.reuters.com/data/trumps-approval-rating-2025-01-21/,,,,,,,Donald Trump,,42,53,
67da83fe-5eb2-4f4f-858a-2400405fc57f,ae3b5ee9-8be5-4f3b-b117-6abf33720e63,American Research Group,,,American Research Group,9,American Research Group,,,Live Phone,,US,4/17/25,4/20/25,,,,3e3ff8a7-2a62-4f83-9845-3321ba326b24,1100,a,,a,,4/21/25 11:33,,https://americanresearchgroup.com/economy/,,,,,,,Donald Trump,,43,53,4
67da83fe-5eb2-4f4f-858a-2400405fc57f,ae3b5ee9-8be5-4f3b-b117-6abf33720e63,American Research Group,,,American Research Group,9,American Research Group,,,Live Phone,,US,4/17/25,4/20/25,,,,7abff31d-d2da-4066-a791-57c25971b884,,rv,,rv,,4/21/25 11:33,,https://americanresearchgroup.com/economy/,,,,,,,Donald Trump,,43,53,
66b720ea-fcc6-44a5-9034-bd128822a4d6,4fc04fd0-4728-402e-8cde-10b23b5d15b4,RealClear Opinion Research,,,RealClear Opinion Research,307,,,,,,US,4/10/25,4/12/25,,,,5629318f-d5cb-422b-960d-3831684e0aa7,1000,rv,,rv,,4/21/25 8:46,,https://www.realclearpolitics.com/articles/2025/04/18/rcp_poll_voters_see_campus_bias_reject_trumps_tariff_pitch_152678.html,,,,,,,Donald Trump,,44.2,43.5,12.3
996aa53d-a431-442b-b766-b9dc2d29336b,ae31ea8f-0d54-476d-ab98-61b258a0a986,RMG Research,62ca8b2a-418d-46f9-8c64-1f4a14ba3a80,Napolitan News Service,RMG Research,555,RMG Research,,,Nonprobability Panel,,US,4/9/25,4/16/25,,,,ad04eca7-d1ad-4d0d-8275-fe065bce342e,3000,rv,,rv,,4/18/25 9:28,,https://napolitannews.org/jobapptables,,,,,,,Donald Trump,,48,51,2
fd08e21a-b946-4eba-9863-bbdffbcf5dd8,6af9e17b-94e6-497a-bbe7-4cad3f67fd36,AtlasIntel,,,AtlasIntel,546,AtlasIntel,,,Nonprobability Panel,,US,4/10/25,4/14/25,,,,13bc94b1-1545-4588-95ad-4842a4279b9c,2347,a,,a,,4/17/25 18:06,,https://www.atlasintel.org/poll/usa-national-2025-04-14,,,,,,,Donald Trump,,46.1,52.4,1.5
962abca7-068b-4a74-8f13-9ad6210b6973,0e8d5118-1108-4fcf-ac49-0859271a4597,Gallup,,,Gallup,112,Gallup,,,Live Phone,,US,4/1/25,4/14/25,,,,7e097f8e-c612-4941-84e8-1e9bdac1aaec,1006,a,,a,,4/17/25 16:03,,https://news.gallup.com/poll/659534/trump-first-quarter-approval-rating-below-average.aspx,,,,,,,Donald Trump,,44,53,3
7adf4395-0488-4091-8b55-c477772e75b7,c8eb5194-d7d3-4ae5-b7c1-e658491c0891,Civiqs,87d793e6-c25e-4c5d-a92a-31ab89ec5d80,Daily Kos,Civiqs,471,Civiqs,,,Nonprobability Panel,,US,4/12/25,4/15/25,,,,b260ada5-cff7-47d4-874c-32249cf76d26,1124,rv,,rv,,4/17/25 15:43,,https://civiqs.com/reports/2025/04/17/report-americans-say-trumps-tariffs-will-raise-prices,,,,,,DEM,Donald Trump,,46,53,1
6708cbbf-526e-4580-976b-2f22db3fcbe3,9824a356-03ef-4183-8d56-72de54a66fee,Clarity Campaign Labs,,,Clarity Campaign Labs,52,Clarity Campaign Labs,,,Nonprobability Panel,,US,4/9/25,4/14/25,,,,b3bf78d4-d13b-43fb-9eae-4bd1e82eb897,1008,rv,,rv,,4/17/25 12:06,,https://45840940.fs1.hubspotusercontent-na1.net/hubfs/45840940/Clarity%20Omnibus%20Overview_April%202025.pdf,,,,,,,Donald Trump,,46,49,5
fee28a73-becd-49bf-a8c5-635f5950c7a6,9ab6b302-92ac-4132-97a6-c3580bd5ed77,Hart Research Associates/Public Opinion Strategies,9f34fd03-e85e-4fdb-8e1b-5530101480f0,CNBC,Hart Research Associates/Public Opinion Strategies,221,Hart Research Associates/Public Opinion Strategies,,,,,US,4/9/25,4/13/25,,,,0a0b0f22-1dd7-45e2-9403-ad418503ddd8,1000,a,,a,,4/17/25 10:31,,https://www.cnbc.com/video/2025/04/17/tariffs-weight-on-trump-approval-cnbc-survey-finds.html,,,,,,,Donald Trump,,44,51,5
a86115a0-3ecc-40d4-b4e7-515b7e4f9918,59ef5d62-c6ba-41a3-b2cd-24b8543e62b9,YouGov,146144a2-08d6-4c6b-b912-f067ed647252,Economist,YouGov,391,YouGov,,,Nonprobability Panel,,US,4/13/25,4/15/25,,,,5838fb81-645a-4c89-9802-4a03f3d6c735,1329,rv,,rv,,4/16/25 9:18,,https://d3nkl3psvxxpe9.cloudfront.net/documents/econTabReport_wmD8f2B.pdf,,,,,,,Donald Trump,,45,53,2
a86115a0-3ecc-40d4-b4e7-515b7e4f9918,59ef5d62-c6ba-41a3-b2cd-24b8543e62b9,YouGov,146144a2-08d6-4c6b-b912-f067ed647252,Economist,YouGov,391,YouGov,,,Nonprobability Panel,,US,4/13/25,4/15/25,,,,d35acfb7-3c3c-4eb0-beb3-3d47bbe9d63e,1512,a,,a,,4/16/25 9:18,,https://d3nkl3psvxxpe9.cloudfront.net/documents/econTabReport_wmD8f2B.pdf,,,,,,,Donald Trump,,42,52,6
234c86b9-d721-4ea4-bf55-4eaee1698ac3,2df67459-2691-479a-8c87-f98549fe2429,J.L. Partners,c3aee16d-168b-4940-9cd9-e599de894f92,DailyMail.com,J.L. Partners,619,J.L. Partners,,,,,US,4/10/25,4/14/25,,,,b6d26c1d-e0f1-44c9-a7d3-abb81b3743ad,1002,rv,,rv,,4/15/25 10:26,,https://jlpartners.com/trump-tracker-mid-april-2025,,,,,,,Donald Trump,,48,42,10
24f34ec9-a448-41fb-91d3-e1ae98f18f93,4bc528cc-f55c-4f8b-8c90-adfe09f46c76,Morning Consult,,,Morning Consult,218,Morning Consult,,,Nonprobability Panel,,US,4/11/25,4/13/25,,,,63dc8af3-1aee-426e-901d-39fcfc62155e,2203,rv,,rv,,4/14/25 16:46,,https://pro.morningconsult.com/trackers/donald-trump-congress-policy-republicans-polling,,,,,,,Donald Trump,,45,52,2
67be511d-6258-4d5f-bd1a-8443438c69d7,932da08a-7f8a-48e3-a92a-c443c039fbd1,Echelon Insights,,,Echelon Insights,407,Echelon Insights,,,,,US,4/10/25,4/14/25,,,,b5bf6c05-8db6-4992-b011-6e77d37f67e0,1014,lv,,lv,,4/14/25 13:53,,https://echeloninsights.com/in-the-news/april-2025-verified-voter-omnibus-2-2-2-2/,,,,,,,Donald Trump,,47,51,2
292d1caf-9ed3-4eee-96e5-c2927e5fb415,31bcd62d-152e-4acf-b94a-c908be9693c4,University of Massachusetts Department of Political Science/YouGov,,,University of Massachusetts Department of Political Science/YouGov,861,University of Massachusetts Department of Political Science/YouGov,,,Nonprobability Panel,,US,4/4/25,4/9/25,,,,307851c9-e02c-455b-a645-5172d27ed2c2,1000,a,,a,,4/14/25 12:58,,https://www.umass.edu/political-science/about/reports/2025-4,,,,,,,Donald Trump,,44,51,5
5b10c525-0cd5-4343-b469-939b3ff36b68,e006101f-7fff-4657-a2e9-19e3032386a2,HarrisX/Harris Poll,2659a402-6df7-481c-accb-d06e645828f8,Harvard CAPS,HarrisX/Harris Poll,133,Harris Insights & Analytics,,,Nonprobability Panel,,US,4/9/25,4/10/25,,,,670ecfc7-e392-48b7-890d-a1a8749169eb,2286,rv,,rv,,4/14/25 9:18,,https://harvardharrispoll.com/,,,,,,,Donald Trump,,48,46,6
bb781b03-f2be-4600-bdd5-1e321cb0944b,b0b42ed9-f490-419e-942f-af97e2cda604,TIPP Insights,21b372b7-7437-4f00-b8fc-4b72a9950eef,League of American Workers,TIPP Insights,144,TIPP Insights,,,Nonprobability Panel,,US,4/7/25,4/9/25,,,,ca868215-aca0-45ef-ae2c-326846bd155d,1570,rv,,rv,,4/13/25 15:13,,https://tippinsights.com/league-of-american-workers-poll-april-2025/,,,,,,REP,Donald Trump,,43,50,7
27e0798c-138f-4c31-b046-b16429e7786c,59ef5d62-c6ba-41a3-b2cd-24b8543e62b9,YouGov,ca805caf-4575-43dd-b894-c0de3467b2fb,CBS News,YouGov,391,YouGov,,,Nonprobability Panel,,US,4/8/25,4/11/25,,,,9dacd27d-6c01-4274-86a0-48bff52c5a32,2410,a,,a,,4/13/25 10:59,,https://www.cbsnews.com/news/poll-trump-tariffs-13-04-2025/,,,,,,,Donald Trump,,47,53,
3cd12a68-3b16-40b0-8171-27944c354c77,ae31ea8f-0d54-476d-ab98-61b258a0a986,RMG Research,62ca8b2a-418d-46f9-8c64-1f4a14ba3a80,Napolitan News Service,RMG Research,555,RMG Research,,,Nonprobability Panel,,US,4/2/25,4/10/25,,,,829c28cd-ed4e-4866-b9cc-07be05177643,3000,rv,,rv,,4/11/25 9:36,,https://napolitannews.org/assets/pdfs/67f918010be8b-gcm25-0409-three-poll-average-topline-trump-job-approval-and-most-important-issue.pdf,,,,,,,Donald Trump,,49,48,2
a0921708-e05b-4a0c-bd6c-ba913210546b,642c8e51-c965-4a1b-b10d-1614d73cb18d,Quantus Insights,5fe9f56e-506d-49fe-acac-9894f9314a43,TrendingPolitics,Quantus Insights,859,Quantus Insights,,,Nonprobability Panel,,US,4/7/25,4/9/25,,,,ac17763c-1cc3-4812-986d-726e6fb03d43,1000,rv,,rv,,4/10/25 16:17,,https://quantusinsights.org/f/new-poll-shows-president-trump-below-water-in-approval,,,,,,REP,Donald Trump,,46.8,49.7,3.5
ef01c395-9ee9-4ae9-8baf-f7f583a28688,5a7ec4cc-59c7-44e0-b7c0-e78c05f19438,GBAO,0df1eb05-d373-4a59-bac3-c165aa4b67dc,Third Way,GBAO,109,,,,,,US,3/17/25,3/23/25,,,,85e019b6-75a2-4aa5-b926-606d73efdd89,2000,rv,,rv,,4/10/25 12:30,,https://thirdway.imgix.net/downloads/breaking-through-the-noise-on-trumps-chaotic-first-two-months/Are-Trump-Voters-Moveable.pdf,,,,,,,Donald Trump,,48,50,
74509a45-df97-4fb6-a0cc-e13f33a7cf10,59ef5d62-c6ba-41a3-b2cd-24b8543e62b9,YouGov,,,YouGov,391,YouGov,,,Nonprobability Panel,,US,4/7/25,4/10/25,,,,5cd3478c-b4ee-46ad-8d9f-30760ed238c1,1151,a,,a,,4/10/25 12:27,,https://d3nkl3psvxxpe9.cloudfront.net/documents/Trump_s_Presidency_poll_results.pdf,,,,,,,Donald Trump,,41,54,5
ac93bf4d-acb0-42ee-b312-d3c84ffb41ba,4bc528cc-f55c-4f8b-8c90-adfe09f46c76,Morning Consult,,,Morning Consult,218,Morning Consult,,,Nonprobability Panel,,US,4/1/25,4/7/25,,,,f304b016-128a-4098-bd36-8fa39092e39a,,a,,a,,4/10/25 9:38,,https://pro.morningconsult.com/trackers/global-leader-approval,,,,,,,Donald Trump,,47.8,46,6.2
21e619ef-4c47-4325-9cd7-5f180af9b2de,daec1c64-6ced-4bd1-992a-bf7e95b32f74,Quinnipiac University,,,Quinnipiac University,267,Quinnipiac University,,,Live Phone,,US,4/3/25,4/7/25,,,,11fedb7a-6793-4735-b499-90f5d988126f,1407,rv,,rv,,4/9/25 14:07,,https://poll.qu.edu/poll-release?releaseid=3922,,,,,,,Donald Trump,,41,53,7
1f9b21f9-3b6e-4067-9224-792d5042616c,e2cc75c0-2978-4a80-a25a-6170419fa6fe,HarrisX,,,HarrisX,133,Harris Insights & Analytics,,,Nonprobability Panel,,US,4/4/25,4/7/25,,,,f09d1e70-dc36-40ff-8920-ce6df3af641b,1883,rv,,rv,,4/9/25 13:59,,https://www.harrisx.com/content/full-harrisx-overnight-poll-tariff-findings,,,,,,,Donald Trump,,47,49,4
037df070-c801-4c92-bfd2-be7fec423ec0,59ef5d62-c6ba-41a3-b2cd-24b8543e62b9,YouGov,146144a2-08d6-4c6b-b912-f067ed647252,Economist,YouGov,391,YouGov,,,Nonprobability Panel,,US,4/5/25,4/8/25,,,,6d88cc9d-2782-44f8-91d2-ed856057314b,1741,a,,a,,4/9/25 9:39,,https://d3nkl3psvxxpe9.cloudfront.net/documents/econtoplines_Emo4hnf.pdf,,,,,,,Donald Trump,,43,51,6
037df070-c801-4c92-bfd2-be7fec423ec0,59ef5d62-c6ba-41a3-b2cd-24b8543e62b9,YouGov,146144a2-08d6-4c6b-b912-f067ed647252,Economist,YouGov,391,YouGov,,,Nonprobability Panel,,US,4/5/25,4/8/25,,,,ca2711ce-b7c0-4e71-b534-a34ed0570e00,1563,rv,,rv,,4/9/25 9:39,,https://d3nkl3psvxxpe9.cloudfront.net/documents/econtoplines_Emo4hnf.pdf,,,,,,,Donald Trump,,45,52,3
40c3d1f2-9a58-4bf8-9ba3-08301e827ba7,e5a71de0-9670-47f6-a1be-12444adda7fb,Cygnal Political,,,Cygnal Political,67,Cygnal,,,,,US,4/1/25,4/3/25,,,,c0bd84e9-f268-4f6f-808c-28f0475f87be,1500,lv,,lv,,4/8/25 14:43,,https://www.cygn.al/poll-democrats-continue-to-struggle-as-trump-maintains-strong-approval-even-in-light-of-tariffs/,,,,,,,Donald Trump,,47,51.1,1.8
aa8aedf4-0a67-4b12-817f-56a62171837b,72908461-a4cf-42da-9ef4-f4299cc7b9d8,Navigator Research,,,Navigator Research,413,Global Strategy Group/GBAO (Navigator Research),,,Nonprobability Panel,,US,4/3/25,4/7/25,,,,d61cca18-5487-4ce3-8c14-b58877dd0137,1000,rv,,rv,,4/8/25 9:42,,https://navigatorresearch.org/wp-content/uploads/2025/04/Navigator-Update-04.08.2025.pdf,,,,,,,Donald Trump,,44,53,3
7b764198-d5a6-4e34-b7e6-bbef76030f8b,4bc528cc-f55c-4f8b-8c90-adfe09f46c76,Morning Consult,,,Morning Consult,218,Morning Consult,,,Nonprobability Panel,,US,4/4/25,4/6/25,,,,83589a90-a74f-4322-a6fd-6aa7e358bd6a,2207,rv,,rv,TRUE,4/7/25 17:42,,https://pro.morningconsult.com/trackers/donald-trump-congress-policy-republicans-polling,,,,,,,Donald Trump,,46,52,2
a54b1c9d-d235-4aae-9a71-90728afef663,7e648c0c-a715-4d5c-bc28-93c71899af71,Targoz Market Research,ac0b5dff-9af6-4dfc-aedb-05bb3b55ec86,Overton Insights,Targoz Market Research,454,Targoz Market Research,,,Nonprobability Panel,,US,3/24/25,3/28/25,,,,6f3884ba-c0cd-4819-a765-8687616c6615,1200,rv,,rv,,4/7/25 13:53,,https://overtoninsights.com/poll/april-2025-comprehensive-poll-data/,,,,,,,Donald Trump,,46,51,3
3a15178c-e68d-4702-85ed-e4c87d402351,5f1a3174-9e76-4c15-8129-c89586c65240,"Fabrizio, Lee & Associates/Impact Research",fb984452-b72b-4bb3-af15-bd60a772b36a,Wall Street Journal,"Fabrizio, Lee & Associates/Impact Research",694,,,,Live Phone/Text-to-Web,,US,3/27/25,4/1/25,,,,dcd114b5-235b-47b6-8af6-b0af2138202c,1500,rv,,rv,,4/6/25 18:34,,https://www.wsj.com/politics/policy/americans-were-souring-on-trumps-economic-plans-even-before-tariff-bloodbath-0571527e,,,,,,,Donald Trump,,46,51,2
2f20355d-ae23-4a4e-bbd2-b7796488eb96,2df67459-2691-479a-8c87-f98549fe2429,J.L. Partners,c3aee16d-168b-4940-9cd9-e599de894f92,DailyMail.com,J.L. Partners,619,J.L. Partners,,,Nonprobability Panel,,US,4/1/25,4/3/25,,,,e790b5ba-38c8-4fad-ac4b-a4662aff3fa2,1019,rv,,rv,,4/6/25 18:32,,https://jlpartners.com/trump-tracker-early-april-2025,,,,,,,Donald Trump,,47,42,10
ec357003-f71b-4dc9-84e5-39dba6fbf9c0,ae31ea8f-0d54-476d-ab98-61b258a0a986,RMG Research,62ca8b2a-418d-46f9-8c64-1f4a14ba3a80,Napolitan News Service,RMG Research,555,RMG Research,,,Nonprobability Panel,,US,3/26/25,4/3/25,,,,c7ad6498-2c65-4fd7-8b78-085328de7711,3000,rv,,rv,,4/4/25 14:23,,https://napolitannews.org/jobapptables,,,,,,,Donald Trump,,51,47,2
9d263f5a-5cd0-4883-9bba-0ad21d7ff72d,a6ab99b0-9d30-4a77-bbe7-03c9a3566a22,Ipsos,3dc40107-581b-4428-94a4-00d603640476,Reuters,Ipsos,154,Ipsos,,,Probability Panel,,US,3/31/25,4/2/25,,,,3e97f091-d9e8-48c1-9da8-17612729464d,1486,a,,a,,4/3/25 9:45,,https://www.ipsos.com/sites/default/files/ct/news/documents/2025-04/Reuters%20Ipsos%20Signalgate%20Tariffs%20Survey%20Topline%20April%202%202025%20.pdf,,,,,,,Donald Trump,,43,53,4
7fb4b546-ce01-4e63-bd2a-7180246c75d1,b0b42ed9-f490-419e-942f-af97e2cda604,TIPP Insights,,,TIPP Insights,144,TIPP Insights,,,Nonprobability Panel,,US,3/26/25,3/28/25,,,,488dff67-04d5-4df7-876a-44e869c7d6ca,1452,a,,a,,4/3/25 9:41,,https://tippinsights.com/alls-well-that-begins-well-tipp-poll-confirms-trumps-solid-start/,,,,,,,Donald Trump,,44,45,11
2031bd0c-0345-4ef4-8c9a-6a8e367f1246,d4af6439-dec0-4fa7-826b-5b409e1f3280,Marquette University Law School,,,Marquette University Law School,195,,,,Probability Panel,,US,3/17/25,3/27/25,,,,366b960b-85f1-4df3-9050-c80a0c5896df,1021,a,,a,,4/2/25 13:50,,https://law.marquette.edu/poll/2025/04/02/detailed-results-of-the-marquette-law-school-supreme-court-poll-march-17-27-2025-national-issues/,,,,,,,Donald Trump,,46,54,0
2031bd0c-0345-4ef4-8c9a-6a8e367f1246,d4af6439-dec0-4fa7-826b-5b409e1f3280,Marquette University Law School,,,Marquette University Law School,195,,,,Probability Panel,,US,3/17/25,3/27/25,,,,e23e4808-352f-4980-98e8-fac259383c57,712,rv,,rv,,4/2/25 13:50,,https://law.marquette.edu/poll/2025/04/02/detailed-results-of-the-marquette-law-school-supreme-court-poll-march-17-27-2025-national-issues/,,,,,,,Donald Trump,,47,52,
43ec8931-c991-4f18-802a-f5db131db813,59ef5d62-c6ba-41a3-b2cd-24b8543e62b9,YouGov,146144a2-08d6-4c6b-b912-f067ed647252,Economist,YouGov,391,YouGov,,,Nonprobability Panel,,US,3/30/25,4/1/25,,,,2aab8e8e-5375-4b88-a0e9-87bb2715794e,1626,a,,a,,4/2/25 11:10,,https://d3nkl3psvxxpe9.cloudfront.net/documents/econTabReport_Uo7FRzc.pdf,,,,,,,Donald Trump,,46,49,5
43ec8931-c991-4f18-802a-f5db131db813,59ef5d62-c6ba-41a3-b2cd-24b8543e62b9,YouGov,146144a2-08d6-4c6b-b912-f067ed647252,Economist,YouGov,391,YouGov,,,Nonprobability Panel,,US,3/30/25,4/1/25,,,,7d364bb6-5f8a-433a-8508-45415e1ccf26,1465,rv,,rv,,4/2/25 11:10,,https://d3nkl3psvxxpe9.cloudfront.net/documents/econTabReport_Uo7FRzc.pdf,,,,,,,Donald Trump,,46,51,3
a19a6219-1dd9-4a38-a069-a982f7a2fef5,e2e08257-41fa-4956-ba29-b83cf7163c09,ActiVote,,,ActiVote,721,ActiVote,,,App Panel,,US,3/1/25,3/31/25,,,,6dd2b66b-104e-44e8-b323-b1f1d712e064,799,rv,,rv,,4/1/25 17:59,,https://www.activote.net/trumps-approval-underwater/,,,,,,,Donald Trump,,47.6,49.4,3
ed450a25-7cf3-45c7-9df3-0ff077774e42,bd24b786-354a-4dae-8616-a5a888d550e4,AP-NORC,,,AP-NORC,397,AP-NORC,,,Probability Panel/Mail-to-Web/Email/Live Phone,,US,3/20/25,3/24/25,,,,0b961f71-d835-4b31-b86e-c52c79b68157,1229,a,,a,,3/31/25 20:22,,https://apnorc.org/projects/trump-scores-better-marks-with-the-public-on-immigration-than-the-economy/,,,,,,,Donald Trump,,42,56,2
d2726213-eb40-4ee0-893f-c8cb35a8893f,4bc528cc-f55c-4f8b-8c90-adfe09f46c76,Morning Consult,,,Morning Consult,218,Morning Consult,,,Nonprobability Panel,,US,3/28/25,3/30/25,,,,6d64f558-f9a5-45a5-aa78-023fa81edc00,2205,rv,,rv,,3/31/25 16:39,,https://pro.morningconsult.com/trackers/donald-trump-congress-policy-republicans-polling,,,,,,,Donald Trump,,47,49,4
e17ad036-e11c-45bf-8e7e-c0a761a2ace6,2df67459-2691-479a-8c87-f98549fe2429,J.L. Partners,c3aee16d-168b-4940-9cd9-e599de894f92,DailyMail.com,J.L. Partners,619,J.L. Partners,,,Nonprobability Panel,,US,3/25/25,3/27/25,,,,465e47e6-f1c6-40a9-ac77-32358efce944,1001,rv,,rv,,3/31/25 15:39,,https://jlpartners.com/trump-tracker-march-2025,,,,,,,Donald Trump,,45,46,9
fba756e1-f7d8-4119-bb67-4c4c7c1a6b44,e006101f-7fff-4657-a2e9-19e3032386a2,HarrisX/Harris Poll,2659a402-6df7-481c-accb-d06e645828f8,Harvard CAPS,HarrisX/Harris Poll,133,Harris Insights & Analytics,,,Nonprobability Panel,,US,3/26/25,3/27/25,,,,4232b0eb-804b-4884-ae8b-d356d8dd4d1f,2746,rv,,rv,,3/31/25 9:58,,https://harvardharrispoll.com/wp-content/uploads/2025/03/HHP_Mar2025_KeyResults.pdf,,,,,,,Donald Trump,,49,46,5
c2c40ad0-a072-4954-8bcb-760da312b062,59ef5d62-c6ba-41a3-b2cd-24b8543e62b9,YouGov,ca805caf-4575-43dd-b894-c0de3467b2fb,CBS News,YouGov,391,YouGov,,,Nonprobability Panel,,US,3/27/25,3/28/25,,,,c98806e8-1dc4-45ac-a6c4-e579e2104cc5,2600,a,,a,,3/30/25 11:32,,https://www.cbsnews.com/news/opinion-poll-trump-economy-tariffs-deportation-immigration/,,,,,,,Donald Trump,,50,50,
54ed07b3-350e-4af9-9d1e-57b131024bd2,6640a9b5-6380-47c2-8d34-03542a96be10,North Star Opinion Research,e9336fdb-7f4d-41c7-9ae5-e41411de758b,Defending Democracy Together,North Star Opinion Research,233,North Star Opinion Research,,,,,US,3/13/25,3/17/25,,,,28316393-0217-45a6-b89b-29f391558d89,1000,rv,,rv,,3/28/25 16:33,,https://www.defendingdemocracytogether.org/app/uploads/2025/03/Elon-Musk-Poll-Toplines-Defending-Democracy-Together.pdf,,,,,,,Donald Trump,,46,51,3
bb420cba-fc14-43c6-ad66-834690f2acdb,ae31ea8f-0d54-476d-ab98-61b258a0a986,RMG Research,62ca8b2a-418d-46f9-8c64-1f4a14ba3a80,Napolitan News Service,RMG Research,555,RMG Research,,,,,US,3/18/25,3/27/25,,,,5ca63f26-c69a-42b5-a51f-bda45a6a22fa,3000,rv,,rv,,3/28/25 15:36,,https://napolitannews.org/posts/president-trump-job-approval-rating-52-percent-approve-45-disapprove,,,,,,,Donald Trump,,52,45,2
d51e9d02-ad6d-4316-bb8d-743aab1fa02a,642c8e51-c965-4a1b-b10d-1614d73cb18d,Quantus Insights,5fe9f56e-506d-49fe-acac-9894f9314a43,TrendingPolitics,Quantus Insights,859,Quantus Insights,,,Nonprobability Panel/Text-to-Web,,US,3/25/25,3/27/25,,,,da7a5751-b947-41e7-b21f-d20e2e19d573,1000,rv,,rv,,3/28/25 11:52,,https://quantusinsights.org/f/trump%E2%80%99s-standing-steadies-but-crosscurrents-remain-ahead-of-2026,,,,,,REP,Donald Trump,,49.4,46.4,4.2
447815cb-37b1-40d7-9d42-10523d4bb7a2,c8eb5194-d7d3-4ae5-b7c1-e658491c0891,Civiqs,87d793e6-c25e-4c5d-a92a-31ab89ec5d80,Daily Kos,Civiqs,471,Civiqs,,,Nonprobability Panel,,US,2/1/25,2/4/25,,,,208ef791-d765-47a2-873a-cc6e0933e903,1113,rv,,rv,,3/28/25 9:25,,https://civiqs.com/reports/2025/02/05/report-as-trump-returns-to-office-both-democrats-and-republicans-disliked,,,,,,DEM,Donald Trump,,45,52,3
88aaf8b5-a067-4831-bead-b902777caac7,2df67459-2691-479a-8c87-f98549fe2429,J.L. Partners,,,J.L. Partners,619,J.L. Partners,,,Nonprobability Panel,,US,2/7/25,2/9/25,,,,a673a447-9972-4dd4-90fe-ee46b0812c15,1017,rv,,rv,,3/27/25 18:22,,https://www.dailymail.co.uk/news/article-14482029/Trumps-latest-approval-rating-50-days-revealed-issue-destroy-presidency.html,,,,,,,Donald Trump,,46,40,14
47173aa4-e3b9-4b7e-8239-5007bbf22f44,0e8d5118-1108-4fcf-ac49-0859271a4597,Gallup,,,Gallup,112,Gallup,,,Live Phone,,US,3/3/25,3/16/25,,,,baf6fdc7-98b6-432e-83d9-9360147a0100,1002,a,,a,,3/27/25 11:36,,https://news.gallup.com/poll/658661/republicans-men-push-trump-approval-higher-second-term.aspx,,,,,,,Donald Trump,,43,53,4
4c877ff0-b9cb-4c20-95fa-5590f7dc9cf0,59ef5d62-c6ba-41a3-b2cd-24b8543e62b9,YouGov,a0d244bb-0767-423d-ac9f-154189544a48,Yahoo News,YouGov,391,YouGov,,,Nonprobability Panel,,US,3/20/25,3/24/25,,,,d22b1d54-0c7d-4426-b2f0-61250025b60f,1667,a,,a,,3/27/25 10:44,,https://www.yahoo.com/news/more-americans-say-trumps-second-term-has-been-worse-than-expected-according-to-a-new-poll-120010590.html,,,,,,,Donald Trump,,44,50,
4c877ff0-b9cb-4c20-95fa-5590f7dc9cf0,59ef5d62-c6ba-41a3-b2cd-24b8543e62b9,YouGov,a0d244bb-0767-423d-ac9f-154189544a48,Yahoo News,YouGov,391,YouGov,,,Nonprobability Panel,,US,3/20/25,3/24/25,,,,d5f06a53-6e28-4415-96dd-59faad7a8e24,1125,rv,,rv,,3/27/25 10:44,,https://www.yahoo.com/news/more-americans-say-trumps-second-term-has-been-worse-than-expected-according-to-a-new-poll-120010590.html,,,,,,,Donald Trump,,46,50,3
b214077f-6d43-48a4-9f45-143429402684,59ef5d62-c6ba-41a3-b2cd-24b8543e62b9,YouGov,146144a2-08d6-4c6b-b912-f067ed647252,Economist,YouGov,391,YouGov,,,Nonprobability Panel,,US,3/22/25,3/25/25,,,,0e3e3a4b-12c2-46c2-82ed-cd2c3cc6a997,1600,a,,a,,3/26/25 9:42,,https://d3nkl3psvxxpe9.cloudfront.net/documents/econTabReport_o8LZals.pdf#page34,,,,,,,Donald Trump,,48,46,6
b214077f-6d43-48a4-9f45-143429402684,59ef5d62-c6ba-41a3-b2cd-24b8543e62b9,YouGov,146144a2-08d6-4c6b-b912-f067ed647252,Economist,YouGov,391,YouGov,,,Nonprobability Panel,,US,3/22/25,3/25/25,,,,1a3f3a9e-5785-42e6-98e3-c9692b55bf25,1440,rv,,rv,,3/26/25 9:42,,https://d3nkl3psvxxpe9.cloudfront.net/documents/econTabReport_o8LZals.pdf#page34,,,,,,,Donald Trump,,48,50,2
0fdda8ed-f4d7-4b90-8857-2f33eb80cc86,a6ab99b0-9d30-4a77-bbe7-03c9a3566a22,Ipsos,3dc40107-581b-4428-94a4-00d603640476,Reuters,Ipsos,154,Ipsos,,,Probability Panel,,US,3/21/25,3/23/25,,,,beca95cf-da76-4c39-9670-e192af46a1d7,1030,a,,a,,3/25/25 17:03,,https://www.reuters.com/world/us/majority-americans-believe-presidents-should-obey-courts-reutersipsos-poll-finds-2025-03-25/,,,,,,,Donald Trump,,45,51,
6c6325b1-186d-47b1-9bba-a4de852bca66,4bc528cc-f55c-4f8b-8c90-adfe09f46c76,Morning Consult,,,Morning Consult,218,Morning Consult,,,Nonprobability Panel,,US,3/21/25,3/23/25,,,,bd38f619-b494-4d99-80c4-6f1c396b71df,2206,rv,,rv,,3/25/25 11:02,,https://pro.morningconsult.com/trackers/donald-trump-congress-policy-republicans-polling,,,,,,,Donald Trump,,47,50,3
add02de8-33f3-4a27-af6e-35c23e1fd48d,ffa8dccd-b13b-4cbe-89f1-fbcd3c8b8240,Justice Research Fund,47af13e2-a633-4466-8462-f736867f0df7,Working Families Power,Justice Research Fund,,,,,Nonprobability Panel,,US,2/24/25,3/2/25,,,,eac84897-9a98-4e4f-a723-639b0d2dd12f,2049,rv,,rv,,3/25/25 10:03,,https://workingfamiliespower.org/wp-content/uploads/2025/03/250312_Current-Events-Messaging_Survey_Topline.pdf,,,,,,,Donald Trump,,47,50,3
14c9f1e5-5cc5-4431-ada3-acf17e5b0acb,72908461-a4cf-42da-9ef4-f4299cc7b9d8,Navigator Research,,,Navigator Research,413,Global Strategy Group/GBAO (Navigator Research),,,Nonprobability Panel,,US,3/13/25,3/17/25,,,,be3da7f8-147c-4c74-928c-3402dd6125ec,1000,rv,,rv,,3/24/25 13:03,,https://navigatorresearch.org/most-americans-disapprove-of-trumps-handling-of-the-economy/,,,,,,,Donald Trump,,47,49,4
c691a19f-eb2d-4d92-b3a9-b9e35a7213e7,ae3b5ee9-8be5-4f3b-b117-6abf33720e63,American Research Group,,,American Research Group,9,American Research Group,,,Live Phone,,US,3/17/25,3/20/25,,,,2973b8d3-663c-4156-84e9-3519b81d2cbd,1100,a,,a,,3/22/25 17:15,,https://americanresearchgroup.com/economy/,,,,,,,Donald Trump,,45,51,4
c691a19f-eb2d-4d92-b3a9-b9e35a7213e7,ae3b5ee9-8be5-4f3b-b117-6abf33720e63,American Research Group,,,American Research Group,9,American Research Group,,,Live Phone,,US,3/17/25,3/20/25,,,,bcc382a4-1c29-4706-8b7e-21ff3dc0a8b3,1011,rv,,rv,,3/22/25 17:15,,https://americanresearchgroup.com/economy/,,,,,,,Donald Trump,,46,51,
4f7da0a1-aa75-4935-b47c-a07e0ac4b3f0,ae31ea8f-0d54-476d-ab98-61b258a0a986,RMG Research,62ca8b2a-418d-46f9-8c64-1f4a14ba3a80,Napolitan News Service,RMG Research,555,RMG Research,,,Nonprobability Panel,,US,3/12/25,3/19/25,,,,4f09a2fd-c164-4ba6-bc45-b6c7b1ba738a,3000,rv,,rv,,3/21/25 16:41,,https://napolitannews.org/posts/president-trump-job-approval-rating-53-percent-approve-45-disapprove,,,,,,,Donald Trump,,53,45,2
6bcc13bf-1497-416a-a1ae-2c5663d0333a,12486d5d-2d75-4750-bbb9-529573b7d641,Blueprint Polling,,,Blueprint Polling,470,Blueprint Polling,,,,,US,3/13/25,3/14/25,,,,4a7ae65a-86c5-4798-8cde-a3c0325a7ad5,1400,rv,,rv,,3/21/25 8:19,,https://blueprint-research.com/polling/trump-musk-vulnerabilities-topline/,,,,,,,Donald Trump,,45,51,4
195ba0ff-6428-4521-9cf3-86d4867cc699,5f931e1a-75ea-4dae-8a0f-45d6d6ae803f,Public Opinion Strategies,70cd9197-7499-444f-8128-6bbd36fb59b7,Paragon Health Institute,Public Opinion Strategies,260,Public Opinion Strategies,,,,,US,2/25/25,3/2/25,,,,536946b0-c802-4118-b76a-5c80066afb3b,1000,rv,,rv,,3/20/25 15:04,,https://paragoninstitute.org/medicaid/paragon-health-policy-survey-2025/,,,,,,,Donald Trump,,51,49,
d06a54e8-4474-434e-8b77-ab09cf372eaf,2df67459-2691-479a-8c87-f98549fe2429,J.L. Partners,c3aee16d-168b-4940-9cd9-e599de894f92,DailyMail.com,J.L. Partners,619,J.L. Partners,,,,,US,3/5/25,3/7/25,,,,458d7d83-de7e-4b08-891c-b1691809be8d,1019,rv,,rv,,3/20/25 10:19,,https://www.dailymail.co.uk/news/article-14482029/Trumps-latest-approval-rating-50-days-revealed-issue-destroy-presidency.html,,,,,,,Donald Trump,,45,46,10
e00d3c16-1f49-43c5-9811-8d83f0bab945,4da0e617-fda4-4c29-a2c0-1055e6af4eaf,Beacon Research/Shaw & Company Research,d380c59c-d59c-465b-90a9-cb0f2d14e4f0,Fox News,Beacon Research/Shaw & Company Research,103,Beacon Research/Shaw & Co. Research,,,Live Phone/Text-to-Web,,US,3/14/25,3/17/25,,,,17fb6db3-dc55-4fcb-b0c0-7b24ee26e4ca,994,rv,,rv,,3/19/25 18:24,,https://www.foxnews.com/politics/fox-news-poll-voters-have-concerns-about-doge-even-see-need-cuts,,,,,,,Donald Trump,,49,51,0
5b072167-1a49-42eb-8e2e-5173bf24fa18,59ef5d62-c6ba-41a3-b2cd-24b8543e62b9,YouGov,146144a2-08d6-4c6b-b912-f067ed647252,Economist,YouGov,391,YouGov,,,Nonprobability Panel,,US,3/16/25,3/18/25,,,,1dbc75a8-67d0-4bc9-9738-df95f7f84e07,1458,rv,,rv,,3/19/25 10:28,,https://d3nkl3psvxxpe9.cloudfront.net/documents/econTabReport_ngfganU.pdf#page61,,,,,,,Donald Trump,,47,51,3
5b072167-1a49-42eb-8e2e-5173bf24fa18,59ef5d62-c6ba-41a3-b2cd-24b8543e62b9,YouGov,146144a2-08d6-4c6b-b912-f067ed647252,Economist,YouGov,391,YouGov,,,Nonprobability Panel,,US,3/16/25,3/18/25,,,,6096bff1-15e3-412d-9aea-237399bbe453,1618,a,,a,,3/19/25 10:28,,https://d3nkl3psvxxpe9.cloudfront.net/documents/econTabReport_ngfganU.pdf#page61,,,,,,,Donald Trump,,45,50,5
1d5927cc-4bb9-4496-a806-edac0a8cb8f7,4bc528cc-f55c-4f8b-8c90-adfe09f46c76,Morning Consult,,,Morning Consult,218,Morning Consult,,,Nonprobability Panel,,US,3/14/25,3/16/25,,,,902414fb-f8ac-4be4-8912-0238adc39a5b,2210,rv,,rv,,3/17/25 20:01,,https://pro.morningconsult.com/trackers/donald-trump-congress-policy-republicans-polling,,,,,,,Donald Trump,,48,50,2
ef0d061f-4897-45ce-aaf9-cb3089c19556,6af9e17b-94e6-497a-bbe7-4cad3f67fd36,AtlasIntel,,,AtlasIntel,546,AtlasIntel,,,Nonprobability Panel,,US,3/7/25,3/12/25,,,,a6836ba8-b881-425f-9083-fc2724a0e625,2550,a,,a,,3/17/25 18:02,,https://www.atlasintel.org/poll/usa-national-2025-03-17,,,,,,,Donald Trump,,47.3,52.4,0.3
e33fe68b-2365-457b-84c4-051208f9fad4,9ab6b302-92ac-4132-97a6-c3580bd5ed77,Hart Research Associates/Public Opinion Strategies,cfb2e09f-a26b-4add-8e6a-dd9eb5641cd0,NBC News,Hart Research Associates/Public Opinion Strategies,221,Hart Research Associates/Public Opinion Strategies,,,Text-to-Web/Live Phone,,US,3/7/25,3/11/25,,,,50ab65d3-c291-48e3-a1a1-97c090671a11,1000,rv,,rv,,3/17/25 9:46,,https://www.nbcnews.com/politics/trump-administration/poll-trump-faces-early-challenges-economy-united-gop-backs-big-change-rcna195860,,,,,,,Donald Trump,,47,51,2
a6d8b625-964a-4346-800c-4f7821c2f0bd,ae31ea8f-0d54-476d-ab98-61b258a0a986,RMG Research,62ca8b2a-418d-46f9-8c64-1f4a14ba3a80,Napolitan News Service,RMG Research,555,RMG Research,,,Nonprobability Panel,,US,3/6/25,3/13/25,,,,04d00f66-ad89-499b-a58c-4d4b6e479117,3000,rv,,rv,,3/17/25 9:44,,https://napolitannews.org/assets/pdfs/67d59dc3a1931-gcm25-week-of-march-10-mini-topline-trump-approval.pdf,,,,,,,Donald Trump,,54,44,2
277b46fb-cc74-4a5a-8bdd-a48a37b9bebd,59ef5d62-c6ba-41a3-b2cd-24b8543e62b9,YouGov,,,YouGov,391,YouGov,,,Nonprobability Panel,,US,2/21/25,2/25/25,,,,8349742b-092b-4ac3-8484-25f99eae3a71,1129,a,,a,,3/17/25 9:41,,https://d3nkl3psvxxpe9.cloudfront.net/documents/News_Consumption_Second_Followup_poll_results.pdf,,,,,,,Donald Trump,,45,46,9
09c2aeb7-0af4-425f-bbc7-52eb733674fc,59ef5d62-c6ba-41a3-b2cd-24b8543e62b9,YouGov,,,YouGov,391,YouGov,,,Nonprobability Panel,,US,2/18/25,2/20/25,,,,74751233-41ed-4b08-a313-44c5103df4c0,1137,a,,a,,3/17/25 9:41,,https://d3nkl3psvxxpe9.cloudfront.net/documents/News_Consumption_First_Followup_poll_results.pdf,,,,,,,Donald Trump,,48,44,8
84473cc4-4e42-4e71-bdce-5b295f19bc7e,a6ab99b0-9d30-4a77-bbe7-03c9a3566a22,Ipsos,3dc40107-581b-4428-94a4-00d603640476,Reuters,Ipsos,154,Ipsos,,,Probability Panel,,US,3/11/25,3/12/25,,,,da34b5ae-6069-441c-8f49-be31beab64cc,1422,a,,a,,3/17/25 9:02,,https://www.reuters.com/world/us/americans-worry-trump-too-closely-aligned-with-russia-reutersipsos-poll-finds-2025-03-13/,,,,,,,Donald Trump,,44,52,4
9bc93d66-0ed0-44c3-8753-c96fe7cc8af5,932da08a-7f8a-48e3-a92a-c443c039fbd1,Echelon Insights,,,Echelon Insights,407,Echelon Insights,,,Nonprobability Panel,,US,3/10/25,3/13/25,,,,9bb95cc7-cf64-4f06-a19c-aaa4f6a43405,1007,lv,,lv,,3/15/25 2:42,,https://echeloninsights.com/in-the-news/march-2025-verified-voter-omnibus-2-2-2/,,,,,,,Donald Trump,,49,48,3
3a26ae8f-146f-483f-bb19-c5ded28e82c3,642c8e51-c965-4a1b-b10d-1614d73cb18d,Quantus Insights,5fe9f56e-506d-49fe-acac-9894f9314a43,TrendingPolitics,Quantus Insights,859,Quantus Insights,,,Nonprobability Panel,,US,3/10/25,3/12/25,,,,734bd71f-8744-465a-8ecb-096a41b7c489,1000,rv,,rv,,3/13/25 19:25,,https://quantusinsights.org/f/holding-the-line-trump%E2%80%99s-approval-amidst-a-divided-nation,,,,,,REP,Donald Trump,,49.5,47.4,3.1
1f32f407-27b5-4631-95ec-96085956bcae,daec1c64-6ced-4bd1-992a-bf7e95b32f74,Quinnipiac University,,,Quinnipiac University,267,Quinnipiac University,,,Live Phone,,US,3/6/25,3/10/25,,,,14ba5c08-2421-4a55-b673-18fa47ec1d27,1198,rv,,rv,,3/13/25 14:09,,https://poll.qu.edu/poll-release?releaseid=3921,,,,,,,Donald Trump,,42,53,6
12e5e6d9-1e9f-43c6-840c-bd29207f0765,3be4d123-848b-430a-8168-689af60cefa2,CNN/SSRS,,,CNN/SSRS,844,CNN,,,Probability Panel/Live Phone,,US,3/6/25,3/9/25,,,,3809626f-7a58-450c-9f65-0cb607f278ca,1206,a,,a,,3/12/25 23:59,,https://www.cnn.com/2025/03/12/politics/cnn-poll-trump-economy/index.html,,,,,,,Donald Trump,,45,54,1
12e5e6d9-1e9f-43c6-840c-bd29207f0765,3be4d123-848b-430a-8168-689af60cefa2,CNN/SSRS,,,CNN/SSRS,844,CNN,,,Probability Panel/Live Phone,,US,3/6/25,3/9/25,,,,414f37f5-2ec1-4bc9-aacf-831655e9dd7f,,rv,,rv,,3/12/25 23:59,,https://www.cnn.com/2025/03/12/politics/cnn-poll-trump-economy/index.html,,,,,,,Donald Trump,,46,53,1
ba66d318-ac99-409e-86f6-220625184dab,e5a71de0-9670-47f6-a1be-12444adda7fb,Cygnal Political,,,Cygnal Political,67,Cygnal,,,,,US,3/3/25,3/5/25,,,,3d3cf46b-4d1c-4d31-bfdd-1727a8d82a2d,1500,lv,,lv,,3/12/25 23:59,,https://www.cygn.al/poll-48-percent-support-trump-negotiating-settlement-to-war-in-ukraine-as-optimism-at-home-rises/,,,,,,,Donald Trump,,47.4,50.7,1.9
da028711-0a78-4e6e-9643-05fc6ee0d50c,59ef5d62-c6ba-41a3-b2cd-24b8543e62b9,YouGov,146144a2-08d6-4c6b-b912-f067ed647252,Economist,YouGov,391,YouGov,,,Nonprobability Panel,,US,3/9/25,3/11/25,,,,2e5afa49-6153-412d-97c5-074dd798a0b8,1699,a,,a,,3/12/25 23:59,,https://today.yougov.com/politics/articles/51795-donald-trump-economy-republican-unity-ukraine-war-education-march-9-11-2025-economist-yougov-poll,,,,,,,Donald Trump,,47,47,6
da028711-0a78-4e6e-9643-05fc6ee0d50c,59ef5d62-c6ba-41a3-b2cd-24b8543e62b9,YouGov,146144a2-08d6-4c6b-b912-f067ed647252,Economist,YouGov,391,YouGov,,,Nonprobability Panel,,US,3/9/25,3/11/25,,,,d96dda28-532a-4514-a241-2da8ea6f37a1,1532,rv,,rv,,3/12/25 23:59,,https://today.yougov.com/politics/articles/51795-donald-trump-economy-republican-unity-ukraine-war-education-march-9-11-2025-economist-yougov-poll,,,,,,,Donald Trump,,48,49,3
790f7ac4-cdde-4a1b-becd-7cdab4e3e8a2,7485e3b7-8959-43d7-985f-95417076d068,Emerson College,,,Emerson College,88,Emerson College,,,Nonprobability Panel/Text-to-Web/Email,,US,3/8/25,3/10/25,,,,1e953bb4-9c02-48e6-915f-9c72f328ef3e,1000,rv,,rv,,3/11/25 23:59,,https://emersoncollegepolling.com/national-poll-at-50-days-trumps-honeymoon-fades-as-economy-becomes-key-vulnerability/,,,,,,,Donald Trump,,47.2,45,7.8
9aeabe17-26ec-4b88-abe6-ddced102f3e2,b616c2cc-cb2e-4394-9d34-8ee9a1b530d2,McLaughlin & Associates,5c16bad7-274a-460e-9133-08e706a9b92e,America's New Majority Project,McLaughlin & Associates,203,McLaughlin & Associates,,,Nonprobability Panel,,US,3/4/25,3/7/25,,,,2e6cbd48-ee00-473b-864d-c5df8ce65878,1655,lv,,lv,,3/11/25 23:59,,https://americasnewmajorityproject.com/most-americans-support-trumps-maha-agenda/,,,,,,REP,Donald Trump,,51.2,48.8,0
9aeabe17-26ec-4b88-abe6-ddced102f3e2,b616c2cc-cb2e-4394-9d34-8ee9a1b530d2,McLaughlin & Associates,5c16bad7-274a-460e-9133-08e706a9b92e,America's New Majority Project,McLaughlin & Associates,203,McLaughlin & Associates,,,Nonprobability Panel,,US,3/4/25,3/7/25,,,,eb2afb13-50ba-4cfe-be11-b08e0d36b9ee,2000,rv,,rv,,3/11/25 23:59,,https://americasnewmajorityproject.com/most-americans-support-trumps-maha-agenda/,,,,,,REP,Donald Trump,,50.4,49.6,0
f7947252-2648-4503-8088-3c3ac8854011,9824a356-03ef-4183-8d56-72de54a66fee,Clarity Campaign Labs,,,Clarity Campaign Labs,52,Clarity Campaign Labs,,,Nonprobability Panel,,US,3/3/25,3/9/25,,,,8327c282-ec21-4d8d-8982-96cf99cdcffa,1036,rv,,rv,,3/11/25 23:59,,https://static1.squarespace.com/static/61ae8d5e55be5c7314b4c83a/t/67d0921f11ba8d57a17670a9/1741722147070/Clarity+Omnibus+Overview+-+March+2025+PUBLIC.pdf,,,,,,,Donald Trump,,50,46,4
65cb6eeb-1511-446f-aaa2-4e2af9aa6e31,b0b42ed9-f490-419e-942f-af97e2cda604,TIPP Insights,21b372b7-7437-4f00-b8fc-4b72a9950eef,League of American Workers,TIPP Insights,144,TIPP Insights,,,Nonprobability Panel,,US,3/4/25,3/6/25,,,,ec871995-2797-4aba-b7be-9fa5879f582c,1720,rv,,rv,,3/10/25 23:59,,https://tippinsights.com/league-of-american-workers-poll-march-2025/#google_vignette,,,,,,REP,Donald Trump,,43,48,9
65f6bee7-9474-4273-a7c2-00d0cfce7552,4bc528cc-f55c-4f8b-8c90-adfe09f46c76,Morning Consult,,,Morning Consult,218,Morning Consult,,,Nonprobability Panel,,US,3/7/25,3/9/25,,,,31ff2031-a82c-423b-8674-8739ed825035,2219,rv,,rv,,3/10/25 23:59,,https://pro.morningconsult.com/trackers/donald-trump-congress-policy-republicans-polling,,,,,,,Donald Trump,,49,49,2
24ef976e-9ddf-4755-a3eb-c062735518e3,ae31ea8f-0d54-476d-ab98-61b258a0a986,RMG Research,62ca8b2a-418d-46f9-8c64-1f4a14ba3a80,Napolitan News Service,RMG Research,555,RMG Research,,,Nonprobability Panel,,US,3/3/25,3/6/25,,,,e4ac99da-677d-4ca7-9e66-486de306df18,2000,rv,,rv,,3/7/25 23:59,,https://napolitannews.org/posts/president-trump-job-approval-51-percent-approve-47-disapprove,,,,,,,Donald Trump,,51,47,1
5df2b1d4-d929-4e05-927f-636b85f62ae8,8e60f0a1-fca9-4c1b-9f94-84e1f57c4dc9,Trafalgar Group/InsiderAdvantage,,,Trafalgar Group/InsiderAdvantage,671,Trafalgar Group/InsiderAdvantage,,,IVR/Live Phone/Nonprobability Panel/Email,,US,3/5/25,3/5/25,,,,3823e6a7-3160-499d-9844-4623590b8c0f,800,rv,,rv,,3/7/25 23:59,,https://insideradvantage.com/insideradvantage-trafalgar-group-national-survey-trump-approval-post-zelensky-meeting-and-address-to-congress-remains-up-by-five-points/,,,,,,,Donald Trump,,50,45,5
507bf93c-0fbf-4738-a318-e7b1576a0e1f,4bc528cc-f55c-4f8b-8c90-adfe09f46c76,Morning Consult,,,Morning Consult,218,Morning Consult,,,Nonprobability Panel,,US,2/27/25,3/5/25,,,,9b4a86a3-d7af-46e9-9241-8f6ccf002ff1,,a,,a,,3/6/25 23:59,,https://pro.morningconsult.com/trackers/global-leader-approval,,,,,,,Donald Trump,,48.74,44.66,6.6
70e58f31-401d-4fbf-a58f-750037b7820c,12486d5d-2d75-4750-bbb9-529573b7d641,Blueprint Polling,,,Blueprint Polling,470,Blueprint Polling,,,,,US,2/16/25,2/17/25,,,,a7beb887-0378-45c6-9c78-4683cecb1155,1383,rv,,rv,,3/6/25 13:59,,https://blueprint-research.com/polling/trump-dems-moment-3-6/,,,,,,,Donald Trump,,47,48,4
7d628696-9336-4bec-9c5e-5c9657493182,72908461-a4cf-42da-9ef4-f4299cc7b9d8,Navigator Research,,,Navigator Research,413,Global Strategy Group/GBAO (Navigator Research),,,,,US,2/20/25,2/24/25,,,,27185f90-a88d-47bc-a04a-b89c960af578,1000,rv,,rv,,3/6/25 13:59,,https://navigatorresearch.org/nearly-seven-in-ten-americans-are-now-hearing-at-least-some-negative-news-about-president-trump/,,,,,,,Donald Trump,,48,49,3
547f8cce-736f-4ba1-82d3-9a0abec6c8f9,a6ab99b0-9d30-4a77-bbe7-03c9a3566a22,Ipsos,3dc40107-581b-4428-94a4-00d603640476,Reuters,Ipsos,154,Ipsos,,,Probability Panel,,US,3/3/25,3/4/25,,,,e7e08e81-f171-4a05-ae49-547cbaa0506e,1174,a,,a,,3/5/25 23:59,,https://www.ipsos.com/en-us/three-five-americans-say-cost-living-going-wrong-direction,,,,,,,Donald Trump,,44,51,5
0160b11c-10ef-465c-a48f-5801ad706d2c,59ef5d62-c6ba-41a3-b2cd-24b8543e62b9,YouGov,0f896f70-9172-448b-8713-ec5d160d037b,Hoover Institution,YouGov,391,YouGov,,,,,US,2/19/25,2/24/25,,,,52c26cea-1a49-468a-9f6d-84b72a3e8e2e,1198,rv,,rv,,3/5/25 13:59,,https://www.hoover.org/news/new-poll-support-tariffs-higher-if-respondents-believe-foreigners-pay-tariffs,,,,,,,Donald Trump,,49,44,7
0160b11c-10ef-465c-a48f-5801ad706d2c,59ef5d62-c6ba-41a3-b2cd-24b8543e62b9,YouGov,0f896f70-9172-448b-8713-ec5d160d037b,Hoover Institution,YouGov,391,YouGov,,,,,US,2/19/25,2/24/25,,,,6e3d6bde-90f1-4e9c-9aec-d9127fbf5fa5,1645,a,,a,,3/5/25 13:59,,https://www.hoover.org/news/new-poll-support-tariffs-higher-if-respondents-believe-foreigners-pay-tariffs,,,,,,,Donald Trump,,47,42,11
88f593f4-bfc3-499b-a431-4bba4fc5cdc4,de64cc10-6c30-4b6c-8359-cbb9c7070d25,OnMessage Inc.,050ed657-3d07-4367-9c96-eb82d806a5ef,Rescuing the American Dream,OnMessage Inc.,239,OnMessage Inc.,,,Live Phone,,US,2/17/25,2/19/25,,,,62bec11c-c6d8-4e46-8135-28287d4b381f,1000,lv,,lv,,3/5/25 13:59,,https://onmessageinc.com/wp-content/uploads/2025/03/National-Survey-RAD-Conference-3-25-RAD-conference-3-5-25.pdf,,,,,,REP,Donald Trump,,50,49,
8b7fe0ba-e2fe-44ec-9bcb-664c807b1ca2,59ef5d62-c6ba-41a3-b2cd-24b8543e62b9,YouGov,146144a2-08d6-4c6b-b912-f067ed647252,Economist,YouGov,391,YouGov,,,Nonprobability Panel,,US,3/1/25,3/4/25,,,,d6816914-1ee0-4690-803c-a612cfb58d01,1491,rv,,rv,,3/5/25 13:59,,https://today.yougov.com/politics/articles/51740-tariffs-state-of-the-union-and-doge-march-1-4-2025-economistyougov-poll?_gl=1*olxdc5*_up*MQ..*_ga*MTMxMjMwMDY4MC4xNzQxOTA4NzQ1*_ga_X9VN3LD3NE*MTc0MTkwODc0My4xLjAuMTc0MTkwODc1MC4wLjAuMA..,,,,,,,Donald Trump,,49,49,3
8b7fe0ba-e2fe-44ec-9bcb-664c807b1ca2,59ef5d62-c6ba-41a3-b2cd-24b8543e62b9,YouGov,146144a2-08d6-4c6b-b912-f067ed647252,Economist,YouGov,391,YouGov,,,Nonprobability Panel,,US,3/1/25,3/4/25,,,,f1b0f22a-d401-4495-a530-8e9637ee98b8,1638,a,,a,,3/5/25 13:59,,https://today.yougov.com/politics/articles/51740-tariffs-state-of-the-union-and-doge-march-1-4-2025-economistyougov-poll?_gl=1*olxdc5*_up*MQ..*_ga*MTMxMjMwMDY4MC4xNzQxOTA4NzQ1*_ga_X9VN3LD3NE*MTc0MTkwODc0My4xLjAuMTc0MTkwODc1MC4wLjAuMA..,,,,,,,Donald Trump,,48,46,5
3103b8a9-f44e-4e54-8475-2b76ebe48f27,c8eb5194-d7d3-4ae5-b7c1-e658491c0891,Civiqs,87d793e6-c25e-4c5d-a92a-31ab89ec5d80,Daily Kos,Civiqs,471,Civiqs,,,Nonprobability Panel,,US,2/28/25,3/3/25,,,,075a8b1e-04c0-49f3-a968-1b25e382607d,1031,rv,,rv,,3/4/25 23:59,,https://civiqs.com/reports/2025/03/04/report-americans-agree-russia-is-responsible-for-the-war,,,,,,DEM,Donald Trump,,48,52,0
031fb954-89ee-4970-af08-7d985888796b,7485e3b7-8959-43d7-985f-95417076d068,Emerson College,,,Emerson College,88,Emerson College,,,Probability Panel/Email,,US,3/2/25,3/3/25,,,,cf9538e5-290d-453f-9d66-2b120edb388c,1000,rv,,rv,,3/3/25 23:59,,https://emersoncollegepolling.com/march-2025-national-poll/,,,,,,,Donald Trump,,48,43.1,8.8
617566e6-81c0-472a-a047-8bbe80364dfe,9268c8ab-c57b-43d1-8541-c6047caab802,John Zogby Strategies,,,John Zogby Strategies,583,John Zogby Strategies,,,Text-to-Web/Email,,US,2/28/25,3/1/25,,,,d1723331-8eeb-4a32-bf48-ed57f9006760,1001,rv,,rv,,3/3/25 23:59,,https://johnzogbystrategies.com/03-03-25-new-zogby-strategies-poll-on-trump-the-democrats-first-40-days/,,,,,,,Donald Trump,,47.7,47.5,
6f5e0540-dfcc-44c8-b66e-abcf39e11b95,a8db55ca-987d-4afd-83dc-e3f5f077682a,Marist University,"5da73c82-ac8b-4f47-b3a3-0739b4ebf473,f8edb763-782f-494e-8ade-53d2909e28a1",NPR | PBS NewsHour,Marist University,183,Marist College,,,Text-to-Web/Live Phone/Nonprobability Panel,,US,2/24/25,2/26/25,,,,00cb7ad3-553c-4d84-a971-3d8823991a83,1533,rv,,rv,,3/3/25 23:59,,https://maristpoll.marist.edu/polls/the-state-of-the-union-march-2025/,,,,,,,Donald Trump,,45,51,4
6f5e0540-dfcc-44c8-b66e-abcf39e11b95,a8db55ca-987d-4afd-83dc-e3f5f077682a,Marist University,"5da73c82-ac8b-4f47-b3a3-0739b4ebf473,f8edb763-782f-494e-8ade-53d2909e28a1",NPR | PBS NewsHour,Marist University,183,Marist College,,,Text-to-Web/Live Phone/Nonprobability Panel,,US,2/24/25,2/26/25,,,,35bbe0b5-eeeb-4e72-80a5-223822fb13ad,1694,a,,a,,3/3/25 23:59,,https://maristpoll.marist.edu/polls/the-state-of-the-union-march-2025/,,,,,,,Donald Trump,,45,49,6
70658a18-7591-460e-a927-96d0e8ec2cc5,530091d3-1f98-43b8-8b9f-4a2bff415234,The Bullfinch Group,74a1ac91-ee09-403c-9d07-a10f6437ae7f,Independent Center,The Bullfinch Group,692,The Bullfinch Group,,,,,US,2/22/25,2/26/25,,,,12983643-f3f0-41d8-b5c4-368b64894556,1200,a,,a,,3/3/25 23:59,,https://web.archive.org/web/20250306062812/https://projects.fivethirtyeight.com/polls/20250303_US_Bullfinch.pdf,,,,,,,Donald Trump,,47,47,6
70658a18-7591-460e-a927-96d0e8ec2cc5,530091d3-1f98-43b8-8b9f-4a2bff415234,The Bullfinch Group,74a1ac91-ee09-403c-9d07-a10f6437ae7f,Independent Center,The Bullfinch Group,692,The Bullfinch Group,,,,,US,2/22/25,2/26/25,,,,54e3e4f5-f3a0-4840-8c16-47c79f20d7cf,1000,rv,,rv,,3/3/25 23:59,,https://web.archive.org/web/20250306062812/https://projects.fivethirtyeight.com/polls/20250303_US_Bullfinch.pdf,,,,,,,Donald Trump,,48,47,5
b2370802-085d-48ea-9893-a6a98526b241,b0b42ed9-f490-419e-942f-af97e2cda604,TIPP Insights,e675f835-fdcd-4e92-b5ae-fc65092da4b7,Issues & Insights,TIPP Insights,144,TIPP Insights,,,Nonprobability Panel,,US,2/26/25,2/28/25,,,,d5857941-a1f1-4848-b688-2186e4fec79c,1434,a,,a,,3/3/25 23:59,,https://tippinsights.com/voters-still-view-trump-favorably-but-remain-worried-about-economy-inflation-i-i-tipp-poll/,,,,,,,Donald Trump,,46,43,11
b4b412e3-90a1-4c60-9b06-9fe5fa7a17b7,4bc528cc-f55c-4f8b-8c90-adfe09f46c76,Morning Consult,,,Morning Consult,218,Morning Consult,,,Nonprobability Panel,,US,2/28/25,3/2/25,,,,57ac9df7-5e66-4158-bb89-0f364e3776d0,2229,rv,,rv,,3/3/25 23:59,,https://pro.morningconsult.com/trackers/donald-trump-congress-policy-republicans-polling,,,,,,,Donald Trump,,49,48,3
50182a7b-d259-4a76-b350-8f08b0340f57,e2e08257-41fa-4956-ba29-b83cf7163c09,ActiVote,,,ActiVote,721,ActiVote,,,App Panel,,US,2/1/25,2/28/25,,,,ad5c6273-c522-4952-ba66-fda4cfb753ae,1760,rv,,rv,,3/2/25 23:59,,https://www.activote.net/trump-net-approval-down-to-1//,,,,,,,Donald Trump,,49.5,48.8,1.7
82f97eab-777c-48f9-ad51-aec716d22780,3be4d123-848b-430a-8168-689af60cefa2,CNN/SSRS,,,CNN/SSRS,844,CNN,,,Probability Panel,,US,2/24/25,2/28/25,,,,1b63f22f-98ff-4146-a5e0-19559e41ac80,1785,rv,,rv,,3/2/25 23:59,,https://www.cnn.com/2025/03/02/politics/poll-trump-negative-congress-address,,,,,,,Donald Trump,,48,52,
82f97eab-777c-48f9-ad51-aec716d22780,3be4d123-848b-430a-8168-689af60cefa2,CNN/SSRS,,,CNN/SSRS,844,CNN,,,Probability Panel,,US,2/24/25,2/28/25,,,,ebb335b0-a5ea-4a47-9c68-b08199b1535b,2212,a,,a,,3/2/25 23:59,,https://www.cnn.com/2025/03/02/politics/poll-trump-negative-congress-address,,,,,,,Donald Trump,,48,52,
b1619b07-e5aa-45a2-b4b5-315c96f94dc4,59ef5d62-c6ba-41a3-b2cd-24b8543e62b9,YouGov,ca805caf-4575-43dd-b894-c0de3467b2fb,CBS News,YouGov,391,YouGov,,,Nonprobability Panel,,US,2/26/25,2/28/25,,,,ad950e3f-88e6-4dc3-afdb-4696bc452322,2311,a,,a,,3/2/25 23:59,,https://www.cbsnews.com/news/trump-elon-musk-government-workforce-cuts-opinion-poll-2025-03-02/,,,,,,,Donald Trump,,51,49,
92367353-e7a4-4cc0-9ead-49e1e9f813c8,ae31ea8f-0d54-476d-ab98-61b258a0a986,RMG Research,62ca8b2a-418d-46f9-8c64-1f4a14ba3a80,Napolitan News Service,RMG Research,555,RMG Research,,,Nonprobability Panel,,US,2/24/25,2/28/25,,,,5acaf63b-ddd3-490a-8918-e4efa48438cb,3000,rv,,rv,,2/28/25 23:59,,https://napolitannews.org/posts/president-trump-job-approval-53-percent-approve-45-disapprove,,,,,,,Donald Trump,,53,45,2
9d380032-380a-4317-b779-32721c5bcb70,6af9e17b-94e6-497a-bbe7-4cad3f67fd36,AtlasIntel,,,AtlasIntel,546,AtlasIntel,,,,,US,2/24/25,2/27/25,,,,3bec0e46-2fdf-4c76-8035-88f35d6b1b60,2849,a,,a,,2/28/25 23:59,,https://www.atlasintel.org/poll/usa-national-2025-02-28,,,,,,,Donald Trump,,50.3,49.7,0.1
4f7c4f7c-c0d5-4c82-a537-7ed698c5350b,642c8e51-c965-4a1b-b10d-1614d73cb18d,Quantus Insights,5fe9f56e-506d-49fe-acac-9894f9314a43,TrendingPolitics,Quantus Insights,859,Quantus Insights,,,Nonprobability Panel,,US,2/24/25,2/26/25,,,,48de9dc3-ed52-41a6-b517-b1422c3c7a4e,1000,rv,,rv,,2/27/25 23:59,,https://quantusinsights.org/f/national-survey-analyzing-trump%E2%80%99s-approval-and-voter-sentiment,,,,,,REP,Donald Trump,,51,45.2,3.8
7304e7e2-e8b8-4c73-8b56-dc05298b85be,932da08a-7f8a-48e3-a92a-c443c039fbd1,Echelon Insights,081b7728-ea9b-4981-bced-4888c76f94bc,NetChoice,Echelon Insights,407,Echelon Insights,,,Nonprobability Panel,,US,2/18/25,2/20/25,,,,e704ae41-602e-405a-9c6f-ee76bb3da62f,1006,lv,,lv,,2/27/25 23:59,,https://netchoice.org/new-poll-79-of-voters-think-us-tech-companies-are-key-to-american-global-leadership/,,,,,,,Donald Trump,,48,49,3
eb12517f-b491-45de-8b0e-3e13792d5675,2df67459-2691-479a-8c87-f98549fe2429,J.L. Partners,c3aee16d-168b-4940-9cd9-e599de894f92,DailyMail.com,J.L. Partners,619,J.L. Partners,,,,,US,2/24/25,2/25/25,,,,229816ce-19a6-4fde-8176-82b20943fcb0,1001,rv,,rv,,2/27/25 23:59,,https://jlpartners.com/doge-poll,,,,,,,Donald Trump,,45,39,16
bab1c01f-07f1-48ee-b596-5cb0a88dd3fc,59ef5d62-c6ba-41a3-b2cd-24b8543e62b9,YouGov,146144a2-08d6-4c6b-b912-f067ed647252,Economist,YouGov,391,YouGov,,,Nonprobability Panel,,US,2/23/25,2/25/25,,,,6518cdf6-22ee-492e-a7bb-dcdc6c35d34b,1444,rv,,rv,,2/26/25 23:59,,https://d3nkl3psvxxpe9.cloudfront.net/documents/econTabReport_1q7T4HA.pdf,,,,,,,Donald Trump,,48,47,5
bab1c01f-07f1-48ee-b596-5cb0a88dd3fc,59ef5d62-c6ba-41a3-b2cd-24b8543e62b9,YouGov,146144a2-08d6-4c6b-b912-f067ed647252,Economist,YouGov,391,YouGov,,,Nonprobability Panel,,US,2/23/25,2/25/25,,,,f1c037ab-c4b3-4f47-a27d-0c718a1ff6d1,1604,a,,a,,2/26/25 23:59,,https://d3nkl3psvxxpe9.cloudfront.net/documents/econTabReport_1q7T4HA.pdf,,,,,,,Donald Trump,,48,45,7
0602510d-0ce7-48dd-9a99-e8887638b4b5,4bc528cc-f55c-4f8b-8c90-adfe09f46c76,Morning Consult,,,Morning Consult,218,Morning Consult,,,Nonprobability Panel,,US,2/21/25,2/24/25,,,,19fdfb87-9e34-413f-8eab-f7eda9fb114e,,rv,,rv,,2/25/25 23:59,,https://pro.morningconsult.com/trackers/donald-trump-congress-policy-republicans-polling,,,,,,,Donald Trump,,50,47,
1e437e4c-3899-4d14-af91-79cb8d45ce7a,59ef5d62-c6ba-41a3-b2cd-24b8543e62b9,YouGov,3db1b2d5-4e13-469d-a63a-923a9ebee87e,Elon University,YouGov,391,YouGov,,,Nonprobability Panel,,US,2/6/25,2/11/25,,,,03f110df-ff71-434d-b337-111a74b46a07,1000,a,,a,,2/25/25 23:59,,https://eloncdn.blob.core.windows.net/eu3/sites/819/2025/02/Elon-University-Poll-topline-2-25-25.pdf,,,,,,,Donald Trump,,45,41,14
2985d2d6-c74d-4278-b167-4967277f8166,a6ab99b0-9d30-4a77-bbe7-03c9a3566a22,Ipsos,3dc40107-581b-4428-94a4-00d603640476,Reuters,Ipsos,154,Ipsos,,,Probability Panel,,US,2/21/25,2/23/25,,,,33eae1e0-5687-4b02-91af-a9334ad07a0f,1029,a,,a,,2/25/25 23:59,,https://www.ipsos.com/en-us/ipsos-core-political-survey-presidential-approval-tracker-february-2025,,,,,,,Donald Trump,,44,50,6
6d8787cd-bcd9-464f-ad81-e36542bed2ab,ba90f015-c45b-4884-8111-14ec9e67161e,co/efficient,,,co/efficient,514,co/efficient,,,Text/Live Phone,,US,2/15/25,2/17/25,,,,eae33428-b332-4502-8a7e-0bd9a10cbbde,2063,lv,,lv,,2/24/25 23:59,,https://coefficient.org/doge-part-1/,,,,,,,Donald Trump,,48,48,4
41030fc6-f739-4368-94e6-d21dcbb41171,ae3b5ee9-8be5-4f3b-b117-6abf33720e63,American Research Group,,,American Research Group,9,American Research Group,,,Live Phone,,US,2/17/25,2/20/25,,,,d3da9066-02d5-4969-bc53-8b183216d460,1100,a,,a,,2/24/25 13:59,,https://americanresearchgroup.com/economy/,,,,,,,Donald Trump,,43,51,6
41030fc6-f739-4368-94e6-d21dcbb41171,ae3b5ee9-8be5-4f3b-b117-6abf33720e63,American Research Group,,,American Research Group,9,American Research Group,,,Live Phone,,US,2/17/25,2/20/25,,,,f225888e-804d-4395-8b92-f99e6797d8cb,1004,rv,,rv,,2/24/25 13:59,,https://americanresearchgroup.com/economy/,,,,,,,Donald Trump,,43,51,
a5a69a39-9e7b-4304-81c8-7a28ad171d95,e006101f-7fff-4657-a2e9-19e3032386a2,HarrisX/Harris Poll,2659a402-6df7-481c-accb-d06e645828f8,Harvard CAPS,HarrisX/Harris Poll,133,Harris Insights & Analytics,,,Nonprobability Panel,,US,2/19/25,2/20/25,,,,718c2f45-9b1a-4217-8c19-9a4c35d7a5ee,2443,rv,,rv,,2/24/25 13:59,,https://harvardharrispoll.com/wp-content/uploads/2025/02/HHP_Feb2025_vFinal.pdf,,,,,,,Donald Trump,,52,43,5
679d6a6b-64c5-4780-94a9-5a279ec8c5f9,ae31ea8f-0d54-476d-ab98-61b258a0a986,RMG Research,62ca8b2a-418d-46f9-8c64-1f4a14ba3a80,Napolitan News Service,RMG Research,555,RMG Research,,,Nonprobability Panel,,US,2/18/25,2/21/25,,,,65f37b6a-827b-4e21-89e2-5324d23291e7,3000,rv,,rv,,2/21/25 23:59,,https://napolitannews.org/posts/president-trump-job-approval-53-percent-approve-44-disapprove,,,,,,,Donald Trump,,53,44,3
5608ff71-6df1-442a-8aa4-06830a5df3fd,3be4d123-848b-430a-8168-689af60cefa2,CNN/SSRS,,,CNN/SSRS,844,CNN,,,Live Phone/Probability Panel,,US,2/13/25,2/17/25,,,,4279d733-5fb4-4e29-8adc-51f8701a5565,989,rv,,rv,,2/20/25 23:59,,https://s3.documentcloud.org/documents/25539589/cnn-poll-on-trumps-performance-so-far.pdf,,,,,,,Donald Trump,,46,54,1
5608ff71-6df1-442a-8aa4-06830a5df3fd,3be4d123-848b-430a-8168-689af60cefa2,CNN/SSRS,,,CNN/SSRS,844,CNN,,,Live Phone/Probability Panel,,US,2/13/25,2/17/25,,,,e93c4088-6113-4c88-a607-16314c335d47,1206,a,,a,,2/20/25 23:59,,https://s3.documentcloud.org/documents/25539589/cnn-poll-on-trumps-performance-so-far.pdf,,,,,,,Donald Trump,,47,52,1
977edbdb-f389-4e9f-a157-46b4b39d4895,59ef5d62-c6ba-41a3-b2cd-24b8543e62b9,YouGov,,,YouGov,391,YouGov,,,Nonprobability Panel,,US,2/14/25,2/18/25,,,,86331ea0-c0c4-4355-b8c4-3b7bc1df01b7,1135,a,,a,,2/20/25 23:59,,https://d3nkl3psvxxpe9.cloudfront.net/documents/News_Consumption_poll_results_An53LUg.pdf,,,,,,,Donald Trump,,46,46,8
b7cde121-36ef-4ed5-a7bf-93192f4739c4,a6ab99b0-9d30-4a77-bbe7-03c9a3566a22,Ipsos,c7a0a812-36e4-4d3b-9188-2c64ddb0ac7f,The Washington Post,Ipsos,154,Ipsos,,,Probability Panel,,US,2/13/25,2/18/25,,,,10221c8d-84e2-4194-a62e-0aba02dd4143,2601,a,,a,,2/20/25 23:59,,https://www.washingtonpost.com/tablet/2025/02/19/feb-13-18-2025-washington-post-ipsos-poll/,,,,,,,Donald Trump,,45,53,2
b7cde121-36ef-4ed5-a7bf-93192f4739c4,a6ab99b0-9d30-4a77-bbe7-03c9a3566a22,Ipsos,c7a0a812-36e4-4d3b-9188-2c64ddb0ac7f,The Washington Post,Ipsos,154,Ipsos,,,Probability Panel,,US,2/13/25,2/18/25,,,,818f9f8f-eaea-4115-aa39-f9469df9de9a,2177,rv,,rv,,2/20/25 23:59,,https://www.washingtonpost.com/tablet/2025/02/19/feb-13-18-2025-washington-post-ipsos-poll/,,,,,,,Donald Trump,,48,51,1
1199e6ab-df6b-4bea-b797-7d441b7b115c,7485e3b7-8959-43d7-985f-95417076d068,Emerson College,,,Emerson College,88,Emerson College,,,Text-to-Web/Nonprobability Panel,,US,2/15/25,2/17/25,,,,29a2d877-ae61-4e80-9c3a-2c7947b08496,1000,rv,,rv,,2/19/25 23:59,,https://emersoncollegepolling.com/february-2025-national-poll-trump-presidential-approval-at-48-musk-doge-job-approval-at-41/,,,,,,,Donald Trump,,47.8,42.2,10
a00a6a8b-1387-4680-929d-1abc1872f39a,59ef5d62-c6ba-41a3-b2cd-24b8543e62b9,YouGov,146144a2-08d6-4c6b-b912-f067ed647252,Economist,YouGov,391,YouGov,,,Nonprobability Panel,,US,2/16/25,2/18/25,,,,bb031b43-a416-4d11-a9d9-6e15d42f5900,1451,rv,,rv,,2/19/25 23:59,,https://d3nkl3psvxxpe9.cloudfront.net/documents/econTabReport_OFVhPxp.pdf,,,,,,,Donald Trump,,50,47,3
a00a6a8b-1387-4680-929d-1abc1872f39a,59ef5d62-c6ba-41a3-b2cd-24b8543e62b9,YouGov,146144a2-08d6-4c6b-b912-f067ed647252,Economist,YouGov,391,YouGov,,,Nonprobability Panel,,US,2/16/25,2/18/25,,,,d1460fb9-94bb-461a-bd53-0a5be3f2ffd5,1603,a,,a,,2/19/25 23:59,,https://d3nkl3psvxxpe9.cloudfront.net/documents/econTabReport_OFVhPxp.pdf,,,,,,,Donald Trump,,50,45,5
b38d6922-6670-4de0-8259-8cdcf6d9ad0a,a6ab99b0-9d30-4a77-bbe7-03c9a3566a22,Ipsos,3dc40107-581b-4428-94a4-00d603640476,Reuters,Ipsos,154,Ipsos,,,Nonprobability Panel,,US,2/13/25,2/18/25,,,,20b770e0-1f1b-4029-8f16-95ece352f3f8,4125,a,,a,,2/19/25 23:59,,https://www.ipsos.com/sites/default/files/ct/news/documents/2025-02/Reuters%20Ipsos%20Large%20Sample%20Poll%201%20February%202025%20Topline.pdf,,,,,,,Donald Trump,,44,51,6
dc4c4538-2515-4dcf-92f6-680654444a86,0e8d5118-1108-4fcf-ac49-0859271a4597,Gallup,,,Gallup,112,Gallup,,,Live Phone,,US,2/3/25,2/16/25,,,,14991799-be30-4dc4-ab21-3f515b65b13c,1004,a,,a,,2/19/25 23:59,,https://news.gallup.com/poll/656891/trump-job-approval-rating-congress-jumps.aspx,,,,,,,Donald Trump,,45,51,5
e4507301-a7a1-4282-8273-4d4feaeb309e,daec1c64-6ced-4bd1-992a-bf7e95b32f74,Quinnipiac University,,,Quinnipiac University,267,Quinnipiac University,,,Live Phone,,US,2/13/25,2/17/25,,,,38de6823-8270-4c9a-858d-e7deef7fbaea,1039,rv,,rv,,2/19/25 23:59,,https://poll.qu.edu/poll-release?releaseid=3919,,,,,,,Donald Trump,,45,49,6
0af14698-5d7a-421b-a42d-c5e00d61b2f7,b616c2cc-cb2e-4394-9d34-8ee9a1b530d2,McLaughlin & Associates,,,McLaughlin & Associates,203,McLaughlin & Associates,,,,,US,2/11/25,2/18/25,,,,a36b9e23-3438-4dcf-a7e3-2dcaab1293f6,1000,lv,,lv,,2/18/25 23:59,,https://mclaughlinonline.com/pols/wp-content/uploads/2025/02/National-February-Presentation-RELEASE-02-18-25.pdf,,,,,,,Donald Trump,,51,46,
670cfcfe-ac04-4f89-a10f-25b8678ceb5b,8c016954-3c5a-4142-a87a-14bf33fc469c,SurveyUSA,,,SurveyUSA,325,SurveyUSA,,,Nonprobability Panel,,US,2/13/25,2/16/25,,,,eb31e46e-dcd2-4817-b4f6-783f6670282d,2000,a,,a,,2/18/25 23:59,,https://www.surveyusa.com/client/PollReport.aspx?g=326a263b-3dbc-4280-9c0c-95187bdbf20c,,,,,,,Donald Trump,,51,45,3
71af0d28-9a17-4c43-9124-7551a0a2474c,4bc528cc-f55c-4f8b-8c90-adfe09f46c76,Morning Consult,,,Morning Consult,218,Morning Consult,,,,,US,2/14/25,2/16/25,,,,e3ba11f0-09d4-4466-97af-6d18bee3273f,,rv,,rv,,2/18/25 23:59,,https://pro.morningconsult.com/trackers/donald-trump-congress-policy-republicans-polling,,,,,,,Donald Trump,,50,47,
23f1b691-294e-435b-b0df-460bd025c4d0,ae31ea8f-0d54-476d-ab98-61b258a0a986,RMG Research,62ca8b2a-418d-46f9-8c64-1f4a14ba3a80,Napolitan News Service,RMG Research,555,RMG Research,,,Nonprobability Panel,,US,2/10/25,2/14/25,,,,b6c2abdd-6996-434a-901a-9e772bd73a6b,3000,rv,,rv,,2/14/25 23:59,,https://napolitannews.org/posts/president-trump-job-approval-55-percent-approve-43-disapprove,,,,,,,Donald Trump,,55,43,3
45301cac-4f90-4f00-8728-a0b2344b120a,932da08a-7f8a-48e3-a92a-c443c039fbd1,Echelon Insights,,,Echelon Insights,407,Echelon Insights,,,Nonprobability Panel,,US,2/10/25,2/13/25,,,,7fe14fdc-8ec4-4e73-b808-c7f517ac5e65,1010,lv,,lv,,2/13/25 23:59,,https://echeloninsights.com/in-the-news/feb-2025-verified-voter-omnibus-2-2/,,,,,,,Donald Trump,,52,46,2
08ea22e8-c468-43d3-83e1-02e0fa1f98ab,642c8e51-c965-4a1b-b10d-1614d73cb18d,Quantus Insights,5fe9f56e-506d-49fe-acac-9894f9314a43,TrendingPolitics,Quantus Insights,859,Quantus Insights,,,Nonprobability Panel,,US,2/10/25,2/12/25,,,,67ed6762-0e82-4c68-8cf0-42a792c0a62c,1000,rv,,rv,,2/13/25 13:59,,https://quantusinsights.org/f/quantus-insights-latest-national-survey---february-13-2025,,,,,,REP,Donald Trump,,53,44,3
53ec1a45-223b-4709-9280-4cab3ad3bac7,72908461-a4cf-42da-9ef4-f4299cc7b9d8,Navigator Research,,,Navigator Research,413,Global Strategy Group/GBAO (Navigator Research),,,Nonprobability Panel,,US,1/30/25,2/3/25,,,,acd0fdb4-e1c5-4abc-bece-f98fcda39457,1000,rv,,rv,,2/12/25 23:59,,https://navigatorresearch.org/while-three-in-four-americans-see-trump-as-bringing-change-to-government-only-two-in-five-view-this-change-as-positive/,,,,,,,Donald Trump,,49,47,4
abc82484-db13-45f6-b1c5-31782596b517,59ef5d62-c6ba-41a3-b2cd-24b8543e62b9,YouGov,146144a2-08d6-4c6b-b912-f067ed647252,Economist,YouGov,391,YouGov,,,Nonprobability Panel,,US,2/9/25,2/11/25,,,,03694eb4-2be5-4a90-8dfb-65ed108443bb,1595,a,,a,,2/12/25 13:59,,https://d3nkl3psvxxpe9.cloudfront.net/documents/econTabReport_nyOrDiw.pdf,,,,,,,Donald Trump,,46,48,6
abc82484-db13-45f6-b1c5-31782596b517,59ef5d62-c6ba-41a3-b2cd-24b8543e62b9,YouGov,146144a2-08d6-4c6b-b912-f067ed647252,Economist,YouGov,391,YouGov,,,Nonprobability Panel,,US,2/9/25,2/11/25,,,,9d60855d-7df2-4764-9799-08fce5360bf7,1430,rv,,rv,,2/12/25 13:59,,https://d3nkl3psvxxpe9.cloudfront.net/documents/econTabReport_nyOrDiw.pdf,,,,,,,Donald Trump,,47,49,4
42d7d57e-a54d-4eb9-82de-e3a490487323,9824a356-03ef-4183-8d56-72de54a66fee,Clarity Campaign Labs,,,Clarity Campaign Labs,52,Clarity Campaign Labs,,,Nonprobability Panel,,US,1/31/25,2/6/25,,,,be1ba8fe-946d-471e-a776-fdbb220026ff,1102,rv,,rv,,2/11/25 23:59,,https://static1.squarespace.com/static/61ae8d5e55be5c7314b4c83a/t/67aa57a7976e415c4d212706/1739216809584/Clarity+Omnibus+Overview+-+Jan_Feb+2025.pdf,,,,,,,Donald Trump,,48,43,9
4a8a4e62-10ab-4a92-96ae-287b7ba13551,e5a71de0-9670-47f6-a1be-12444adda7fb,Cygnal Political,,,Cygnal Political,67,Cygnal,,,,,US,2/4/25,2/5/25,,,,8b533ea9-1148-4562-89ac-68878e1f823e,1500,lv,,lv,,2/11/25 23:59,,https://www.cygn.al/poll-trump-winning-over-black-men-dei-skeptics-and-border-hawks-as-democrats-lose-ground/,,,,,,,Donald Trump,,49.8,47.6,2.6
cf231ebd-f1aa-4123-a970-81e4e5e509b7,285876f7-5e4c-4a98-8f47-f7a38f2dafe1,Fabrizio Ward/Impact Research,d53e74ef-c24f-4977-a5e1-5ecf7a397c1c,AARP,Fabrizio Ward/Impact Research,694,Fabrizio Lee & Associates/Impact Research,,,Text-to-Web/Nonprobability Panel,,US,1/27/25,2/1/25,,,,2c16f3bf-f5dd-4ba1-bd20-e976b49979b2,3000,rv,,rv,,2/11/25 23:59,,https://www.aarp.org/content/dam/aarp/research/topics/voter-opinion-research/politics/federal-tax-package-legislative-priorities.doi.10.26419-2fres.00921.001.pdf,,,,,,,Donald Trump,,48,47,5
dadc84c7-7784-4a3a-8b09-9eb9addce4af,d4af6439-dec0-4fa7-826b-5b409e1f3280,Marquette University Law School,,,Marquette University Law School,195,,,,Probability Panel,,US,1/27/25,2/5/25,,,,e0a9a7f2-1206-4a25-80ee-211f9feeea47,1063,a,,a,,2/11/25 23:59,,https://law.marquette.edu/poll/wp-content/uploads/2025/02/MLSPSC24Toplines_NationalIssues.html,,,,,,,Donald Trump,,48,52,
12998829-1040-4f35-8573-aebe3d350cca,8e60f0a1-fca9-4c1b-9f94-84e1f57c4dc9,Trafalgar Group/InsiderAdvantage,,,Trafalgar Group/InsiderAdvantage,671,Trafalgar Group/InsiderAdvantage,,,IVR/Live Phone/Text/Nonprobability Panel/Email,,US,2/7/25,2/9/25,,,,9444ce07-7d68-4eae-a964-601480e8168c,1321,rv,,rv,,2/10/25 23:59,,https://www.thetrafalgargroup.org/wp-content/uploads/2025/02/National-25-Trump-Approval-Full-Report-0210.pdf,,,,,,,Donald Trump,,53.9,45.3,0.8
25d984a7-08b8-4ce3-beb9-08c0a65a084a,59ef5d62-c6ba-41a3-b2cd-24b8543e62b9,YouGov,ca805caf-4575-43dd-b894-c0de3467b2fb,CBS News,YouGov,391,YouGov,,,Nonprobability Panel,,US,2/5/25,2/7/25,,,,2debfaa8-f719-4189-8b29-6a9acc8c067e,2175,a,,a,,2/9/25 23:59,,https://www.cbsnews.com/news/trump-approval-opinion-poll-2025-2-9/,,,,,,,Donald Trump,,53,47,
33e470aa-3822-4bcd-9586-77541ab41543,4bc528cc-f55c-4f8b-8c90-adfe09f46c76,Morning Consult,,,Morning Consult,218,Morning Consult,,,Nonprobability Panel,,US,2/7/25,2/9/25,,,,a0c27473-0a7e-4bda-8d3f-3d470f7978d7,,rv,,rv,,2/9/25 23:59,,https://pro.morningconsult.com/trackers/donald-trump-congress-policy-republicans-polling,,,,,,,Donald Trump,,49,49,
0b4b7673-6500-4c22-8210-7207b27d83ed,d7661595-0345-4bf2-b37b-f8fa234d783c,Pew Research Center,,,Pew Research Center,253,Pew Research Center,,,Nonprobability Panel/Live Phone,,US,1/27/25,2/2/25,,,,d5c10764-0d71-4c7b-97e6-521de0e11db7,5086,a,,a,,2/7/25 23:59,,https://www.pewresearch.org/politics/2025/02/07/public-anticipates-changes-with-trump-but-is-split-over-whether-they-will-be-good-or-bad/,,,,,,,Donald Trump,,47,51,
77d0551e-89e9-4396-81c0-afaaac9f6610,ae31ea8f-0d54-476d-ab98-61b258a0a986,RMG Research,62ca8b2a-418d-46f9-8c64-1f4a14ba3a80,Napolitan News Service,RMG Research,555,RMG Research,,,,,US,2/3/25,2/6/25,,,,5e9988e7-2397-4b47-8b06-1ac82e75aca5,3000,rv,,rv,,2/7/25 23:59,,https://napolitannews.org/posts/president-trump-job-approval-51-percent-approve-45-disapprove,,,,,,,Donald Trump,,51,45,3
bb1b9847-b0a1-4c4f-b35f-b7dce23cb609,b0b42ed9-f490-419e-942f-af97e2cda604,TIPP Insights,,,TIPP Insights,144,TIPP Insights,,,,,US,1/29/25,1/31/25,,,,1c6f9a3c-3dea-4939-9530-7034cd5d68cd,1478,a,,a,,2/6/25 23:59,,https://tippinsights.com/the-art-of-the-comeback-tipp-poll-shows-trumps-strong-start-energizes-core-voters/,,,,,,,Donald Trump,,46,41,13
4be3d91d-1bfc-46c8-9d1e-4c9e08182942,4bc528cc-f55c-4f8b-8c90-adfe09f46c76,Morning Consult,,,Morning Consult,218,Morning Consult,,,Nonprobability Panel,,US,1/31/25,2/3/25,,,,52dd69a7-0e79-4e1d-9c83-682db160ab1b,,rv,,rv,,2/5/25 23:59,,https://pro.morningconsult.com/trackers/donald-trump-congress-policy-republicans-polling,,,,,,,Donald Trump,,49,47,
b267b7b4-2ca0-4acc-90a2-d55374c7b0be,59ef5d62-c6ba-41a3-b2cd-24b8543e62b9,YouGov,146144a2-08d6-4c6b-b912-f067ed647252,Economist,YouGov,391,YouGov,,,Nonprobability Panel,,US,2/2/25,2/4/25,,,,74a42711-9a29-4435-9552-0d6550b35fe0,1423,rv,,rv,,2/5/25 23:59,,https://d3nkl3psvxxpe9.cloudfront.net/documents/econTabReport_FOXP71G.pdf,,,,,,,Donald Trump,,48,47,5
b267b7b4-2ca0-4acc-90a2-d55374c7b0be,59ef5d62-c6ba-41a3-b2cd-24b8543e62b9,YouGov,146144a2-08d6-4c6b-b912-f067ed647252,Economist,YouGov,391,YouGov,,,Nonprobability Panel,,US,2/2/25,2/4/25,,,,9b950899-c866-42a2-b473-faa96ffb2c18,1604,a,,a,,2/5/25 23:59,,https://d3nkl3psvxxpe9.cloudfront.net/documents/econTabReport_FOXP71G.pdf,,,,,,,Donald Trump,,46,44,10
bc099b9d-e35a-4e97-8987-0f9615a34755,642c8e51-c965-4a1b-b10d-1614d73cb18d,Quantus Insights,5fe9f56e-506d-49fe-acac-9894f9314a43,TrendingPolitics,Quantus Insights,859,Quantus Insights,,,Nonprobability Panel,,US,2/1/25,2/3/25,,,,5008c282-8745-4331-aa0d-72d90420a1b0,1000,rv,,rv,,2/4/25 23:59,,https://quantusinsights.org/f/february-2025-national-political-survey-%E2%80%93-summary-analysis,,,,,,REP,Donald Trump,,52,45,3
3eb515ec-eb1a-43b3-a4a8-4734c1a5c0ce,b616c2cc-cb2e-4394-9d34-8ee9a1b530d2,McLaughlin & Associates,,,McLaughlin & Associates,203,McLaughlin & Associates,,,,,US,1/22/25,1/27/25,,,,cab7ceaa-7470-4c93-a5f9-835361f60c70,1000,lv,,lv,,2/3/25 23:59,,https://mclaughlinonline.com/2025/01/29/ma-poll-national-monthly-january-2025/,,,,,,,Donald Trump,,52,43,5
af6655fc-8ee8-49a9-9041-d62073b3ecdd,e2e08257-41fa-4956-ba29-b83cf7163c09,ActiVote,,,ActiVote,721,ActiVote,,,App Panel,,US,1/20/25,1/31/25,,,,5d3c9ae8-573e-4677-a53f-b9481da8caa1,1182,rv,,rv,,2/1/25 23:59,,https://www.activote.net/a-majority-approves-of-trump/,,,,,,,Donald Trump,,52,45.9,2.2
37558ff0-6d95-4414-bf3a-aec269d2aba9,ae31ea8f-0d54-476d-ab98-61b258a0a986,RMG Research,62ca8b2a-418d-46f9-8c64-1f4a14ba3a80,Napolitan News Service,RMG Research,555,RMG Research,,,Nonprobability Panel,,US,1/27/25,1/31/25,,,,4451716b-9a00-4888-9bc9-ecc048588878,4000,rv,,rv,,1/31/25 23:59,,https://napolitannews.org/posts/president-trump-job-approval-53-percent-approve-43-disapprove,,,,,,,Donald Trump,,53,43,
9cbc1216-7f15-4878-86aa-bb675f1eeebd,ba90f015-c45b-4884-8111-14ec9e67161e,co/efficient,,,co/efficient,514,co/efficient,,,Text/IVR,,US,1/25/25,1/28/25,,,,e448d51b-1f78-4806-99fc-082502e3e07e,1570,lv,,lv,,1/31/25 23:59,,https://coefficient.org/post-inauguration-study/,,,,,,,Donald Trump,,52,47,
bc906da8-92ae-43be-b9ac-d9fcfb113ce3,7485e3b7-8959-43d7-985f-95417076d068,Emerson College,,,Emerson College,88,Emerson College,,,Text-to-Web/Nonprobability Panel/IVR,,US,1/27/25,1/28/25,,,,5e1c4fac-11e4-4a54-aa9f-16c646d47c4e,1000,rv,,rv,,1/30/25 23:59,,https://emersoncollegepolling.com/january-2025-national-poll-trump-starts-term-with-49-approval-41-disapproval-rating/,,,,,,,Donald Trump,,48.5,41.2,10.3
0bfb7e58-1e96-4912-b592-7a2031793b36,59ef5d62-c6ba-41a3-b2cd-24b8543e62b9,YouGov,146144a2-08d6-4c6b-b912-f067ed647252,Economist,YouGov,391,YouGov,,,Nonprobability Panel,,US,1/26/25,1/28/25,,,,bb075839-4af0-4cfa-a906-3bc237f4d846,1577,a,,a,,1/29/25 23:59,,https://today.yougov.com/politics/articles/51493-comparing-start-donald-trumps-first-second-terms-policy-economy-january-26-28-2025-economist-yougov-poll,,,,,,,Donald Trump,,49,43,8
0bfb7e58-1e96-4912-b592-7a2031793b36,59ef5d62-c6ba-41a3-b2cd-24b8543e62b9,YouGov,146144a2-08d6-4c6b-b912-f067ed647252,Economist,YouGov,391,YouGov,,,Nonprobability Panel,,US,1/26/25,1/28/25,,,,cd4fb0f6-2775-407d-ac6b-34b569538193,1376,rv,,rv,,1/29/25 23:59,,https://today.yougov.com/politics/articles/51493-comparing-start-donald-trumps-first-second-terms-policy-economy-january-26-28-2025-economist-yougov-poll,,,,,,,Donald Trump,,50,46,4
e47d16bd-e54e-4e01-8160-80c7fd9c8dc9,0e8d5118-1108-4fcf-ac49-0859271a4597,Gallup,,,Gallup,112,Gallup,,,Live Phone,,US,1/21/25,1/27/25,,,,d2b17622-d033-41c8-b2d0-ee2ab2e1fca2,1001,a,,a,,1/29/25 23:59,,https://news.gallup.com/poll/655955/trump-inaugural-approval-rating-historically-low-again.aspx,,,,,,,Donald Trump,,47,48,4
fe3046c8-388b-427a-94ed-82f5daf0a2f1,daec1c64-6ced-4bd1-992a-bf7e95b32f74,Quinnipiac University,,,Quinnipiac University,267,Quinnipiac University,,,Live Phone,,US,1/23/25,1/27/25,,,,5b2caf40-c824-4570-9286-4a0befaa0c9c,1019,rv,,rv,,1/29/25 23:59,,https://poll.qu.edu/poll-release?releaseid=3918,,,,,,,Donald Trump,,46,43,11
63601792-f026-4c3a-a91a-ecdd7fe2b8bd,a6ab99b0-9d30-4a77-bbe7-03c9a3566a22,Ipsos,3dc40107-581b-4428-94a4-00d603640476,Reuters,Ipsos,154,Ipsos,,,Probability Panel,,US,1/24/25,1/26/25,,,,628b8987-bb45-4926-b270-2e403bef2aa8,1034,a,,a,,1/29/25 13:59,,https://www.reuters.com/world/us/americans-sour-some-trumps-early-moves-reutersipsos-poll-finds-2025-01-28/,,,,,,,Donald Trump,,45,46,
8a502196-ea1d-43ce-84cf-8a842ae65a62,4bc528cc-f55c-4f8b-8c90-adfe09f46c76,Morning Consult,,,Morning Consult,218,Morning Consult,,,Nonprobability Panel,,US,1/24/25,1/26/25,,,,84ec69f9-b581-4b31-8c5d-dc346c8b4e39,2303,rv,,rv,,1/28/25 23:59,,https://pro.morningconsult.com/trackers/donald-trump-congress-policy-republicans-polling,,,,,,,Donald Trump,,52,44,
b9393a25-7e0c-454f-b8c7-55a717d86e5d,4bc528cc-f55c-4f8b-8c90-adfe09f46c76,Morning Consult,,,Morning Consult,218,Morning Consult,,,Nonprobability Panel,,US,1/21/25,1/27/25,,,,aec597f4-cab6-4f3a-8c0a-f67d90d2c73d,,a,,a,,1/27/25 23:59,,https://pro.morningconsult.com/trackers/global-leader-approval,,,,,,,Donald Trump,,52,38,10
ea4b050c-02ad-4c86-b69a-453ee4c1a827,598f59c0-e1d5-4658-b384-c5ffa68cfbf8,Research Co.,,,Research Co.,449,Research Co.,,,Nonprobability Panel,,US,1/22/25,1/24/25,,,,3ba49add-6f79-4b43-b0f3-c9c271e997ba,1001,a,,a,,1/27/25 23:59,,https://researchco.ca/2025/01/27/immigration-usa/,,,,,,,Donald Trump,,50,46,3
33f07895-069c-4bfd-bf94-3b5de84c57b7,932da08a-7f8a-48e3-a92a-c443c039fbd1,Echelon Insights,,,Echelon Insights,407,Echelon Insights,,,Nonprobability Panel,,US,1/22/25,1/24/25,,,,0fa03706-6291-4ed8-b426-78b547dc6534,1024,lv,,lv,,1/24/25 23:59,,https://echeloninsights.com/in-the-news/jan-2025-verified-voter-omnibus-2/,,,,,,,Donald Trump,,51,43,6
e0271a6d-21e2-4fe0-8dd3-f072ff85e16f,ae31ea8f-0d54-476d-ab98-61b258a0a986,RMG Research,62ca8b2a-418d-46f9-8c64-1f4a14ba3a80,Napolitan News Service,RMG Research,555,RMG Research,,,Nonprobability Panel,,US,1/20/25,1/23/25,,,,be1bdb1a-109b-42ee-a363-3bca8e825052,3000,rv,,rv,,1/24/25 23:59,,https://napolitannews.org/posts/president-trump-job-approval-57-percent-approve-39-disapprove,,,,,,,Donald Trump,,57,39,
f2acc9b4-821d-4a56-9898-ffd2bd164b93,642c8e51-c965-4a1b-b10d-1614d73cb18d,Quantus Insights,5fe9f56e-506d-49fe-acac-9894f9314a43,TrendingPolitics,Quantus Insights,859,Quantus Insights,,,Nonprobability Panel,,US,1/22/25,1/23/25,,,,caba6fbe-023b-4e8f-a136-c81d9cf8b771,1000,rv,,rv,,1/24/25 23:59,,https://quantusinsights.org/f/trump%E2%80%99s-second-term-begins-what-voters-think,,,,,,REP,Donald Trump,,54,40,6
83f43b8f-2e31-471e-852c-0e9cef679881,312f97da-ebc5-446e-8856-cdded6ea1251,Big Data Poll,b519a86f-dbb8-46a2-8215-6abb6f6f389d,Public Polling Project,Big Data Poll,251,Big Data Poll,,,Nonprobability Panel/Live Phone/Text-to-Web,,US,1/19/25,1/22/25,,,,ef2f9b76-29b1-4651-b983-d580424e6992,2979,rv,,rv,,1/23/25 23:59,,https://www.bigdatapoll.com/blog/poll-trump-begins-second-term-with-highest-approval-rating-on-record/,,,,,,,Donald Trump,,55.5,37.4,7
8edc500c-21ae-4b31-8888-dc9e33d40c16,6af9e17b-94e6-497a-bbe7-4cad3f67fd36,AtlasIntel,,,AtlasIntel,546,AtlasIntel,,,,,US,1/21/25,1/23/25,,,,86529d2b-706e-40c2-983c-697c24c0741d,1882,a,,a,,1/23/25 23:59,,https://www.atlasintel.org/poll/usa-national-first-presidential-approval-poll-donald-trump-2025-01-23,,,,,,,Donald Trump,,50.1,49.7,0.3
3a5f07f9-acf3-487c-8d1e-0ffc1eb75758,cb32537c-1d43-458f-be44-d73d21ec8b68,SoCal Strategies,7d895acd-e399-4230-99c4-774aba46bb4b,On Point Politics,SoCal Strategies,851,SoCal Research,,,Nonprobability Panel,,US,1/21/25,1/21/25,,,,b1f79f63-bd33-4b25-a858-a69274bc7b0a,742,a,,a,,1/21/25 23:59,,https://substack.com/inbox/post/155392047,,,,,,,Donald Trump,,49,36,
3e5cfda1-7cfb-4d18-a9dc-ace233f29052,a6ab99b0-9d30-4a77-bbe7-03c9a3566a22,Ipsos,3dc40107-581b-4428-94a4-00d603640476,Reuters,Ipsos,154,Ipsos,,,Probability Panel,,US,1/20/25,1/21/25,,,,afc2ffc1-b615-495b-a226-3019d3f471f5,1077,a,,a,,1/21/25 13:59,,https://www.ipsos.com/en-us/reuters-ipsos-trump-inauguration-survey,,,,,,,Donald Trump,,47,41,12
c2fa80b3-d73d-4531-9a5f-6259f2c354e3,adedfb3e-f4d9-4121-ae17-125b39b27da3,InsiderAdvantage,,,InsiderAdvantage,243,InsiderAdvantage,,,,,US,1/20/25,1/20/25,,,,7362ae52-561a-47ed-89e7-8e866cfbb825,800,rv,,rv,,1/20/25 23:59,,https://insideradvantage.com/first-insideradvantage-trump-job-performance-survey-approval-hits-fifty-six-percent-post-inaugural-address/,,,,,,,Donald Trump,,56,39,5